customer_key,revenue,gross_product_profit,quantity_sold,shopping_days,customer_rank,customer_percentile,cumulative_revenue_share_pct
5295,2235.43,1340.56,1021,52,1,0.011309658448314861,0.12668581281431163
4727,2121.31,1263.29,1014,43,2,0.022619316896629722,0.24690424129613725
4676,1995.21,1199.15,900,58,3,0.03392897534494459,0.359976357437212
4021,1973.79,1177.74,973,50,4,0.045238633793259445,0.47183456390073814
8452,1955.25,1167.06,882,45,5,0.0565482922415743,0.5826420754332767
1720,1907.9,1134.56,898,48,6,0.06785795068988917,0.6907661778513463
1297,1826.31,1086.72,891,50,7,0.07916760913820402,0.7942664291680529
4391,1776.27,1050.62,901,42,8,0.09047726758651889,0.8949308242632594
1787,1763.58,1046.14,814,45,9,0.10178692603483375,0.9948760543814307
5174,1750.14,1050.01,801,48,10,0.1130965844831486,1.0940596156823166
4094,1738.93,1046.61,795,43,11,0.12440624293146346,1.1926078862509282
5466,1716.15,1010.54,841,30,12,0.13571590137977835,1.2898651735116702
5542,1713.75,1026.53,782,44,13,0.14702555982809318,1.3869864484836114
4397,1664.45,992.5,801,52,14,0.15833521827640804,1.481313804356433
7862,1630.1200000000001,974.63,796,44,15,0.16964487672472292,1.5736956177815304
4767,1628.36,990.29,757,43,16,0.18095453517303778,1.6659776888615072
1770,1598.53,956.11,760,37,17,0.19226419362135264,1.756569240535262
5592,1585.12,939.64,735,43,18,0.2035738520696675,1.846400823545341
4386,1583.94,934.99,753,37,19,0.21488351051798235,1.9361655338467603
7702,1560.61,915.93,706,40,20,0.2261931689662972,2.0246080913574596
1850,1547.24,926.59,707,42,21,0.23750282741461207,2.1122929470759635
4026,1538.74,930.76,762,33,22,0.24881248586292692,2.199496092604964
7633,1528.41,905.4,713,34,23,0.2601221443112418,2.286113818574251
8511,1509.47,901.51,698,40,24,0.2714318027595567,2.3716581808977497
5432,1500.32,899.73,735,41,25,0.2827414612078715,2.4566839963701947
7836,1494.46,893.76,683,32,26,0.29405111965618635,2.5413777151708175
2019,1486.6,884.63,693,42,27,0.30536077810450124,2.6256259937256172
4226,1484.71,885.18,714,29,28,0.31667043655281607,2.709767162602986
4579,1483.09,879.99,685,36,29,0.32798009500113096,2.793816523185414
6307,1481.1200000000001,883.35,678,39,30,0.33928975344944584,2.877754240347451
7234,1471.61,876.5,684,39,31,0.35059941189776067,2.9611530088151152
5374,1459.61,868.32,719,45,32,0.36190907034607556,3.043871715838774
4620,1446.36,866.72,681,39,33,0.3732187287943904,3.1258395216846773
1942,1444.01,866.1,724,36,34,0.38452838724270527,3.20767414883113
1259,1436.54,859.83,699,37,35,0.39583804569102016,3.2890854377286893
8351,1435.9,849.08,700,42,36,0.407147704139335,3.370460456682568
4175,1429.23,848.68,672,44,37,0.4184573625876499,3.4514574748171554
4953,1425.2,857.11,702,34,38,0.4297670210359647,3.5322261056501296
997,1424.34,850.45,668,34,39,0.4410766794842796,3.612945998746284
7472,1423.59,840.81,699,41,40,0.4523863379325944,3.6936233880021883
4853,1420.56,848.83,672,34,41,0.4636959963809093,3.774129061743481
4925,1419.32,849.14,668,43,42,0.47500565482922413,3.8545644624688937
6311,1406.02,848.18,653,43,43,0.48631531327753896,3.9342461284272012
7016,1401.18,836.34,643,34,44,0.49762497172585385,4.013653502936426
1444,1399.44,830.33,650,39,45,0.5089346301741687,4.0929622685362705
8275,1391.78,814.97,638,39,46,0.5202442886224836,4.171836928247692
4868,1389.46,823.33,659,43,47,0.5315539470707985,4.2505801094132725
1491,1386.47,829.21,668,48,48,0.5428636055191134,4.329153841935722
6652,1383.85,823.4,668,34,49,0.5541732639674282,4.4075790943762305
850,1380.96,820.83,661,36,50,0.565482922415743,4.485840565352308
7051,1376.42,818.5,625,36,51,0.5767925808640579,4.563844746415403
9631,1371.25,824.46,678,39,52,0.5881022393123727,4.641555934339706
7134,1361.49,823.56,638,34,53,0.5994118977606876,4.718714005622886
9510,1360.97,818.96,693,33,54,0.6107215562090025,4.795842607576825
1612,1356.25,799.41,637,37,55,0.6220312146573174,4.872703718696122
2570,1346.67,793.54,614,41,56,0.6333408731056321,4.949021914095955
6033,1344.28,805.83,609,26,57,0.644650531553947,5.025204663924857
4256,1342.69,798.76,656,39,58,0.6559601900022619,5.1012973056124284
9318,1341.49,793.98,629,43,59,0.6672698484505768,5.1773219411556
7152,1339.07,787.22,616,40,60,0.6785795068988917,5.2532094309742305
9263,1331.55,792.55,611,37,61,0.6898891653472066,5.328670748954618
6934,1328.2,796.8,635,34,62,0.7011988237955213,5.403942216448553
6912,1322.25,788.45,644,32,63,0.7125084822438362,5.4788764868098365
1310,1316.22,792.95,598,41,64,0.7238181406921511,5.553469026295507
8279,1315.99,782.15,635,34,65,0.735127799140466,5.628048531270168
6406,1305.04,768.33,603,30,66,0.7464374575887808,5.7020074801771745
9610,1303.59,772.04,589,28,67,0.7577471160370957,5.77588425499303
5478,1303.27,777.21,625,34,68,0.7690567744854105,5.849742894837046
5742,1289.48,764.85,602,38,69,0.7803664329337254,5.922820030738326
5129,1287.5,765.12,576,27,70,0.7916760913820403,5.995784956501345
4771,1284.84,770.44,625,37,71,0.8029857498303551,6.068599135310944
1567,1284.07,762.85,608,44,72,0.81429540827867,6.141369676844552
9200,1283.99,765.53,611,40,73,0.8256050667269847,6.2141356846352
2553,1282.35,772.9,609,42,74,0.8369147251752997,6.286808750695168
1693,1281.49,765.07,571,38,75,0.8482243836236145,6.359433079018315
5114,1279.16,759.79,589,29,76,0.8595340420719294,6.431925362077751
1528,1275.75,761.32,610,41,77,0.8708437005202442,6.504224394343515
272,1274.21,763.57,621,35,78,0.8821533589685592,6.576436152057299
378,1271.33,754.17,615,39,79,0.8934630174168741,6.648484695024523
1415,1268.32,764.36,608,47,80,0.9047726758651888,6.720362655912875
2378,1266.82,748.12,610,40,81,0.9160823343135038,6.792155609120726
4871,1264.41,748.88,590,28,82,0.9273919927618186,6.863811983321906
2769,1262.72,747.1,586,38,83,0.9387016512101335,6.935372582203056
9143,1246.45,737.56,589,26,84,0.9500113096584483,7.006011131109707
769,1243.35,749.46,590,37,85,0.9613209681067633,7.0764739974766595
4325,1242.13,745.9399999999999,586,34,86,0.9726306265550779,7.146867724263471
4225,1237.06,735.06,584,32,87,0.9839402850033929,7.216974125090189
2224,1226.97,726.7,569,40,88,0.9952499434517077,7.286508707586075
3808,1226.79,730.32,590,33,89,1.0065596019000227,7.3560330891603
1853,1221.65,742.79,578,36,90,1.0178692603483375,7.425266177749341
5766,1214.66,725.45,594,37,91,1.0291789187966522,7.494103130547251
6527,1205.96,726.99,567,23,92,1.0404885772449672,7.562447038798258
6712,1197.29,703.03,559,35,93,1.051798235693282,7.630299602655971
7812,1193.65,712.05,583,35,94,1.063107894141597,7.6979458812090025
789,1193.02,707.57,576,39,95,1.0744175525899118,7.765556456536222
2921,1191.24,705.43,543,33,96,1.0857272110382268,7.833066156082583
1871,1187.59,711.92,556,35,97,1.0970368694865416,7.900369003606392
5148,1186.98,701.22,578,29,98,1.1083465279348563,7.9676372813401315
2201,1184.92,709.51,558,40,99,1.119656186383171,8.034788815192648
7793,1184.28,711.43,529,35,100,1.130965844831486,8.101904079101487
7239,1182.1,698.71,562,36,101,1.1422755032798009,8.168895798514663
7782,1180.71,707.54,602,41,102,1.1535851617281159,8.23580874414391
1636,1177.62,699.46,584,37,103,1.1648948201764306,8.302546573951325
2998,1169.33,698.72,540,26,104,1.1762044786247454,8.368814594644505
4731,1168.37,696.18,564,38,105,1.1875141370730604,8.435028210422168
3858,1167.31,705.33,543,29,106,1.1988237955213752,8.501181754105607
3692,1167.13,689.98,548,34,107,1.2101334539696902,8.567325096867389
976,1166.72,705.72,547,40,108,1.221443112418005,8.6334452041965
6957,1166.1,705.15,567,33,109,1.23275277086632,8.699530175017669
5559,1166.02,698.41,537,31,110,1.2440624293146347,8.76561061209588
7069,1157.28,697.79,566,33,111,1.2553720877629495,8.831195737755706
6387,1154.76,681.88,548,26,112,1.2666817462112643,8.896638050512292
7502,1152.44,679.01,546,35,113,1.2779914046595793,8.961948884723038
3495,1151.68,688.83,541,24,114,1.289301063107894,9.027216648375662
8427,1148.89,691.44,560,45,115,1.300610721556209,9.092326297742556
7072,1147.16,688.68,577,40,116,1.3119203800045238,9.15733790491794
5642,1145.95,673.65,538,23,117,1.3232300384528388,9.222280939231052
4049,1145.58,680.48,545,31,118,1.3345396969011536,9.287203004982974
6260,1143.83,680.47,524,28,119,1.3458493553494684,9.352025895107644
430,1140.04,690.88,559,43,120,1.3571590137977834,9.416633999159583
4780,1138.57,678.9399999999999,551,32,121,1.3684686722460981,9.481158795684633
7261,1137.3,675.33,530,31,122,1.3797783306944131,9.54561161904019
10173,1134.06,681.82,542,39,123,1.391087989142728,9.609880825805869
5512,1129.26,664.83,506,26,124,1.4023976475910427,9.673878007993945
5348,1125.55,674.05,563,28,125,1.4137073060393575,9.737664937852248
3210,1123.1,668.46,538,27,126,1.4250169644876725,9.801313021832401
4914,1119.9,661.04,545,27,127,1.4363266229359872,9.864779756094153
2371,1118.24,675.82,543,40,128,1.4476362813843022,9.928152415189484
1495,1116.61,669.06,522,30,129,1.458945939832617,9.991432699272004
3567,1115.13,661.46,559,35,130,1.470255598280932,10.054629109109763
6113,1108.97,672.82,526,37,131,1.4815652567292468,10.1174764207396
9868,1108.34,659.51,531,34,132,1.4928749151775615,10.180288029143627
4732,1107.19,662.58,497,28,133,1.5041845736258765,10.243034464992604
7810,1106.16,661.51,521,26,134,1.5154942320741913,10.30572252890097
6114,1105.43,659.47,549,32,135,1.5268038905225063,10.368369222404827
2587,1102.38,657.68,555,35,136,1.538113548970821,10.430843066958332
2663,1093.22,655.09,539,32,137,1.549423207419136,10.492797797942911
5481,1088.91,648.58,536,31,138,1.5607328658674509,10.554508273525522
1222,1085.47,643.44,520,36,139,1.5720425243157656,10.61602379816085
9928,1073.96,642.27,551,34,140,1.5833521827640806,10.676887030527801
5501,1072.88,639.08,497,28,141,1.5946618412123952,10.737689057364795
1284,1071.81,639.97,488,30,142,1.6059714996607102,10.798430445389696
8915,1071.02,640.69,497,33,143,1.6172811581090252,10.859127062702868
597,1069.7,637.23,521,30,144,1.62859081655734,10.9197488732572
9040,1068.37,633.5,525,34,145,1.639900475005655,10.98029531033482
9897,1061.53,637.67,494,36,146,1.6512101334539695,11.04045411238936
5102,1060.57,638.45,506,25,147,1.6625197919022845,11.100558509528376
8087,1054.79,631.21,518,28,148,1.6738294503505995,11.160335343738534
4009,1052.09,621.17,504,32,149,1.6851391087989145,11.219959164123788
1550,1049.15,635.03,499,27,150,1.696448767247229,11.27941636945526
3826,1048.9,617.86,517,37,151,1.707758425695544,11.338859406839983
4174,1048.02,634.05,504,25,152,1.7190680841438588,11.398252573052146
8169,1047.11,626.81,517,28,153,1.7303777425921738,11.457594167938137
1983,1045.81,629.67,506,25,154,1.7416874010404884,11.516862089501029
9644,1043.51,630.21,507,31,155,1.7529970594888034,11.57599966595382
1124,1043.25,626.2,510,31,156,1.7643067179371184,11.63512250774199
8242,1042.16,609.57,527,27,157,1.7756163763854333,11.694183577282331
3491,1039.09,617.8,486,30,158,1.7869260348337481,11.75307066443658
2023,1037.01,628.35,493,32,159,1.7982356932820627,11.811839874273868
9815,1036.97,618.27,489,28,160,1.8095453517303777,11.870606817239677
6153,1036.77,616.64,495,30,161,1.8208550101786927,11.929362425848085
6835,1034.31,611.13,520,35,162,1.8321646686270077,11.987978621860472
2175,1034.01,610.7,499,22,163,1.8434743270753222,12.04657781633676
7384,1033.46,610.41,454,27,164,1.8547839855236372,12.105145841330197
7063,1032.91,613.61,474,28,165,1.866093643971952,12.163682696840784
3753,1030.48,621.61,474,20,166,1.877403302420267,12.22208183990896
8364,1027.2,613.53,498,24,167,1.8887129608685815,12.280295099515774
4655,1025.94,607.36,475,27,168,1.9000226193168965,12.338436952670968
1930,1022.97,610.68,469,28,169,1.9113322777652115,12.39641049061877
6047,1019.71,610.62,476,19,170,1.9226419362135265,12.454199278540951
4913,1019.32,607.72,476,25,171,1.9339515946618413,12.511965964466205
7356,1018.3100000000001,612.07,483,28,172,1.9452612531101559,12.569675411886582
4204,1016.37,604.81,492,22,173,1.9565709115584708,12.627274916040182
8775,1015.78,608.61,436,25,174,1.9678805700067858,12.684840983839452
2063,1014.11,605.04,484,25,175,1.9791902284551008,12.74231240975443
3528,1012.51,606.76,505,26,176,1.9904998869034154,12.799693160810211
663,1009.1700000000001,595.69,479,37,177,2.00180954535173,12.856884628097406
1753,1008.39,610.39,465,27,178,2.0131192038000454,12.914031891390746
2118,1008.38,598.09,473,29,179,2.02442886224836,12.971178587966211
6669,1004.25,601.03,470,32,180,2.035738520696675,13.028091230061367
2446,1001.51,597.01,458,25,181,2.0470481791449897,13.08484859146014
8355,1001.28,600.93,486,31,182,2.0583578375933045,13.141592918347905
2448,1000.05,602.33,468,37,183,2.0696674960416197,13.198267538937658
486,998.46,597.2,457,24,184,2.0809771544899345,13.254852051386083
9480,997.12,593.7,456,23,185,2.0922868129382493,13.311360623639922
9797,993.4,603.22,458,31,186,2.103596471386564,13.367658376846123
6193,991.29,595.23,467,23,187,2.1149061298348792,13.423836552581752
6394,989.01,585.51,454,26,188,2.126215788283194,13.479885516643023
3864,984.62,582.49,463,26,189,2.137525446731509,13.53568569155936
322,983.91,588.42,461,24,190,2.1488351051798236,13.591445629506927
3661,981.05,589.16,451,26,191,2.1601447636281383,13.647043486143673
9728,979.79,579.36,508,39,192,2.1714544220764536,13.702569936328798
4541,979.28,573.87,446,23,193,2.182764080524768,13.758067483902552
8670,979.1899999999999,587.81,485,29,194,2.194073738973083,13.813559931015476
7711,976.75,579.42,436,27,195,2.205383397421398,13.868914098968121
4340,976.33,582.56,443,26,196,2.2166930558697127,13.924244464770224
6111,976.3,583.6,481,19,197,2.228002714318028,13.979573130418718
1425,976.27,575.46,457,25,198,2.239312372766342,14.0349000959136
3440,976.0,580.55,422,17,199,2.2506220312146574,14.090211760025994
5665,974.14,577.01,468,25,200,2.261931689662972,14.145418014614568
1119,973.37,582.4,449,26,201,2.273241348111287,14.200580631927151
2310,971.31,576.57,463,26,202,2.2845510065596017,14.255626505358512
564,969.25,579.26,483,28,203,2.2958606650079165,14.310555634908653
9790,966.85,567.37,457,23,204,2.3071703234562317,14.365348752169993
4495,965.35,573.16,450,26,205,2.3184799819045465,14.420056861750833
4118,957.35,569.54,457,32,206,2.3297896403528613,14.474311597035669
1593,956.81,570.4399999999999,476,25,207,2.341099298801176,14.528535729555525
4761,956.3100000000001,578.31,430,22,208,2.352408957249491,14.582731526181881
6075,956.05,572.3,485,28,209,2.363718615697806,14.636912588143616
1282,954.65,566.6,459,32,210,2.375028274146121,14.69101430960355
8204,954.3100000000001,563.57,470,22,211,2.3863379325944356,14.745096762655905
2130,953.27,569.59,441,28,212,2.3976475910427504,14.799120277049779
9249,951.6,565.63,405,22,213,2.4089572494910656,14.853049149559364
1050,947.33,564.46,440,31,214,2.4202669079393804,14.906736033538456
8466,944.79,566.22,409,25,215,2.431576566387695,14.960278971178568
8697,943.66,554.17,448,28,216,2.44288622483601,15.013757869699365
8615,941.36,561.07,434,27,217,2.4541958832843247,15.067106423110063
8928,938.82,556.45,462,28,218,2.46550554173264,15.120311030181782
5962,932.8,547.62,410,27,219,2.4768152001809542,15.17317447309576
3909,931.31,552.12,472,21,220,2.4881248586292695,15.225953475047104
7556,923.27,564.71,446,24,221,2.4994345170775842,15.278276835830967
5536,919.96,546.01,420,25,222,2.510744175525899,15.330412612999861
6679,919.15,542.38,425,22,223,2.5220538339742142,15.382502486021282
3476,918.53,551.73,395,21,224,2.5333634924225286,15.434557222534764
6632,918.49,553.88,423,26,225,2.544673150870844,15.486609692176764
4846,916.89,542.68,415,22,226,2.5559828093191586,15.538571486959565
5071,915.62,545.19,429,21,227,2.5672924677674738,15.590461308572873
5124,914.76,547.14,442,23,228,2.578602126215788,15.642302392449364
1070,914.75,544.73,439,26,229,2.589911784664103,15.694142909607983
9116,909.11,537.45,428,24,230,2.601221443112418,15.745663797887918
9262,908.1,545.17,439,27,231,2.612531101560733,15.797127447662984
1341,904.89,545.39,398,29,232,2.6238407600090476,15.848409181001779
6227,904.17,547.35,453,24,233,2.6351504184573624,15.899650110653932
3571,902.45,538.48,438,21,234,2.6464600769056776,15.950793564832447
3021,901.73,538.63,404,29,235,2.6577697353539924,16.001896215324322
4234,900.42,538.1,420,25,236,2.669079393802307,16.052924625775223
5256,899.89,543.75,417,23,237,2.680389052250622,16.103923000179016
8345,899.64,530.05,385,22,238,2.6916987106989367,16.15490720663606
7977,897.36,536.14,415,26,239,2.703008369147252,16.205762201418743
5410,896.67,533.66,401,33,240,2.7143180275955667,16.25657809266839
728,895.98,533.38,406,26,241,2.7256276860438815,16.30735488038501
5419,893.34,535.5,404,28,242,2.7369373444921963,16.357982054583953
3125,892.3,531.7,435,20,243,2.748247002940511,16.408550290124413
9745,892.22,530.51,403,25,244,2.7595566613888263,16.45911399192191
1972,887.12,534.98,431,28,245,2.7708663198371406,16.50938866760571
4647,886.11,524.71,450,27,246,2.782175978285456,16.559606104784635
3390,886.0600000000001,519.23,434,27,247,2.7934856367337706,16.60982070837421
6569,883.54,533.73,437,24,248,2.8047952951820854,16.659892499060547
7055,882.35,522.98,442,27,249,2.8161049536304006,16.70989685032035
1965,881.26,524.91,410,23,250,2.827414612078715,16.75983942933233
8522,881.15,528.99,443,29,251,2.83872427052703,16.809775774447736
511,880.93,523.66,426,36,252,2.850033928975345,16.85969965177
6348,878.22,519.77,412,30,253,2.86134358742366,16.909469948549493
5851,878.08,522.18,415,23,254,2.8726532458719745,16.959232311278807
4419,876.91,526.51,434,27,255,2.8839629043202897,17.00892836801733
5712,874.47,519.96,412,25,256,2.8952725627686045,17.058486145595573
4003,874.25,527.29,415,23,257,2.9065822212169192,17.108031455380672
2221,873.86,526.48,395,25,258,2.917891879665234,17.157554663168845
3317,873.67,528.21,428,26,259,2.9292015381135488,17.207067103317485
5134,873.5699999999999,529.14,420,19,260,2.940511196561864,17.25657387628743
8287,873.33,518.65,397,23,261,2.9518208550101788,17.306067048028492
4250,871.25,523.6,423,22,262,2.9631305134584935,17.355442342452594
2852,869.46,509.82,426,27,263,2.9744401719068083,17.40471619437797
8498,868.82,521.53,384,23,264,2.985749830355123,17.453953776359658
8710,868.24,513.84,418,27,265,2.9970594888034383,17.503158488704887
4932,867.72,511.57,404,17,266,3.008369147251753,17.552333731720875
10208,867.01,523.38,366,26,267,3.019678805700068,17.601468737768094
7822,866.98,519.98,417,26,268,3.0309884641483826,17.650602043661703
1281,866.72,512.72,405,30,269,3.0422981225966974,17.699720614890694
5092,866.26,531.91,381,23,270,3.0536077810450126,17.74881311709766
2510,866.1800000000001,522.99,446,30,271,3.064917439493327,17.79790108556167
3242,865.51,516.62,420,28,272,3.076227097941642,17.846951083928392
2099,865.41,498.76,406,29,273,3.087536756389957,17.89599541511641
924,865.11,519.26,410,23,274,3.098846414838272,17.945022744768327
4029,864.77,518.93,404,24,275,3.110156073286587,17.994030806012663
5757,864.55,522.64,421,30,276,3.1214657317349017,18.043026399463862
4497,861.9300000000001,514.42,400,22,277,3.1327753901832165,18.09187351283312
1979,861.8,519.46,428,29,278,3.1440850486315313,18.14071325887007
9625,859.67,510.53,398,26,279,3.1553947070798465,18.189432294000703
3225,858.6899999999999,509.51,426,26,280,3.1667043655281613,18.238095790780083
760,858.5600000000001,514.74,398,27,281,3.178014023976476,18.286751920227147
3982,854.74,506.33,418,23,282,3.1893236824247904,18.33519156344787
1419,853.12,510.79,379,23,283,3.2006333408731056,18.383539398373657
5944,849.15,505.3,397,27,284,3.2119429993214204,18.43166224630505
9715,848.4,504.35,424,21,285,3.223252657769735,18.479742590396192
5700,848.39,497.52,403,26,286,3.2345623162180503,18.527822367769463
4571,847.6,506.07,412,24,287,3.245871974666365,18.575857374431006
6034,840.52,504.87,398,22,288,3.25718163311468,18.623491144840585
4417,840.11,506.4,392,31,289,3.268491291562995,18.671101679817497
5294,840.06,501.11,413,23,290,3.27980095001131,18.718709381205052
5686,839.51,501.59,396,29,291,3.291110608459624,18.766285913109762
1641,837.94,494.56,397,22,292,3.302420266907939,18.81377347030888
6151,836.8100000000001,502.2,411,26,293,3.313729925356254,18.861196988388688
1571,836.74,504.14,418,35,294,3.325039583804569,18.908616539443404
2528,836.45,504.85,387,22,295,3.3363492422528838,18.956019655679892
4498,834.19,497.52,403,28,296,3.347658900701199,19.00329469367776
3761,831.71,499.9,386,21,297,3.3589685591495138,19.050429185643868
670,830.32,479.58,374,21,298,3.370278217597829,19.09748490382604
7315,824.95,497.91,398,22,299,3.3815878760461437,19.144236294512023
4947,824.43,490.07,402,25,300,3.392897534494458,19.19095821586877
4693,823.48,488.86,416,27,301,3.404207192942773,19.23762629902786
4742,823.36,491.97,389,24,302,3.415516851391088,19.28428758157251
5881,823.14,495.77,368,24,303,3.426826509839403,19.330936396324024
4068,823.01,485.83,404,20,304,3.4381361682877176,19.377577843743225
4618,822.35,485.79,380,22,305,3.449445826736033,19.424181887783003
8388,821.95,484.93,352,18,306,3.4607554851843476,19.470763263107987
5597,821.3,489.85,359,28,307,3.4720651436326624,19.517307801771416
3328,821.05,489.06,387,27,308,3.4833748020809767,19.563838172488097
7831,819.9399999999999,490.49,395,26,309,3.494684460529292,19.610305637521208
896,819.53,485.33,362,21,310,3.5059941189776067,19.65674986712165
8947,818.9399999999999,492.27,399,26,311,3.5173037774259215,19.70316066036776
8068,818.09,492.77,383,25,312,3.5286134358742367,19.74952328259492
878,816.78,486.4,380,28,313,3.5399230943225515,19.795811664781112
3160,816.49,487.64,392,29,314,3.5512327527708667,19.84208361214907
3239,815.93,485.86,377,25,315,3.5625424112191815,19.888323823316313
2015,815.23,488.14,368,23,316,3.5738520696674962,19.934524364232647
9123,813.6800000000001,488.74,373,25,317,3.5851617281158106,19.980637063879136
8592,812.59,480.56,390,25,318,3.5964713865641253,20.026687991277793
6603,812.28,480.94,357,23,319,3.6077810450124406,20.072721350422484
10033,811.92,477.71,370,21,320,3.6190907034607553,20.11873430772385
6168,811.74,485.87,415,23,321,3.6304003619090706,20.16473706410356
3838,811.67,481.29,365,23,322,3.6417100203573853,20.210735853458175
9844,810.89,488.33,384,27,323,3.6530196788057,20.256690438818932
1614,808.25,481.28000000000003,363,22,324,3.6643293372540153,20.302495410662008
9169,806.68,482.48,400,22,325,3.67563899570233,20.348211407799493
7376,806.57,481.04,384,24,326,3.6869486541506444,20.39392117104041
498,806.12,489.34,372,21,327,3.698258312598959,20.439605431977174
5053,803.31,481.61,388,24,328,3.7095679710472744,20.485130445192468
2918,802.65,473.69,403,23,329,3.720877629495589,20.530618055028345
2942,801.35,476.4,381,23,330,3.732187287943904,20.576031991541115
1183,799.33,484.35,375,23,331,3.743496946392219,20.62133145104415
4198,796.75,475.88,387,20,332,3.754806604840534,20.66648469733672
3197,794.03,466.63,375,19,333,3.7661162632888487,20.71148379636865
8647,793.38,475.29,399,26,334,3.777425921737163,20.75644605873903
4284,792.48,472.67,376,20,335,3.7887355801854783,20.80135731650111
6799,791.57,471.78,362,24,336,3.800045238633793,20.84621700293702
10002,789.29,465.13,378,29,337,3.811354897082108,20.890947477698568
2481,788.0699999999999,470.92,371,23,338,3.822664555530423,20.935608812879973
4460,787.53,481.08,362,26,339,3.833974213978738,20.980239545296406
9819,785.95,472.28000000000003,363,22,340,3.845283872427053,21.024780736289372
7969,784.46,471.27,358,19,341,3.856593530875368,21.06923748631971
7704,781.58,469.28,352,21,342,3.8679031893236826,21.11353102160349
4858,780.31,472.92,364,22,343,3.879212847771997,21.15775258371777
5223,778.87,463.4,365,20,344,3.8905225062203117,21.201892538458775
4956,777.22,452.5,349,17,345,3.901832164668627,21.245938984751227
4477,776.92,459.26,369,21,346,3.9131418231169417,21.28996842950758
9851,775.08,453.74,363,26,347,3.924451481565257,21.33389359817585
3174,774.64,464.73,350,16,348,3.9357611400135717,21.377793831257847
4609,774.53,460.3,355,24,349,3.9470707984618865,21.42168783044327
1610,770.97,457.95,356,24,350,3.9583804569102017,21.46538007806697
8731,770.9300000000001,448.94,363,29,351,3.9696901153585165,21.50907005881919
6560,770.63,458.45,349,22,352,3.980999773806831,21.55274303803531
1633,770.34,455.89,364,18,353,3.9923094322551456,21.596399582433204
1328,769.5600000000001,463.51,337,19,354,4.00361909070346,21.640011922837232
5398,768.62,459.32,371,24,355,4.0149287491517756,21.683570991761485
9184,768.31,458.84999999999997,356,25,356,4.026238407600091,21.727112492431765
5895,767.9,456.42,362,23,357,4.037548066048405,21.770630757669373
9176,767.11,455.5,372,22,358,4.04885772449672,21.81410425219525
99,766.43,452.77,358,19,359,4.0601673829450355,21.857539209905973
1325,765.76,455.94,371,20,360,4.07147704139335,21.900936197519403
4351,765.39,448.25,388,23,361,4.082786699841664,21.94431221657164
6100,764.96,447.69,357,23,362,4.094096358289979,21.98766386675547
7190,764.85,460.91,339,21,363,4.105406016738295,22.031009283042728
9642,764.32,450.38,344,21,364,4.116715675186609,22.074324663282876
754,764.0,459.62,371,23,365,4.128025333634924,22.117621908551186
8794,762.88,451.43,356,18,366,4.139334992083239,22.160855681418052
2441,762.53,456.65,332,24,367,4.150644650531554,22.204069619159473
9743,761.81,454.32,363,21,368,4.161954308979869,22.24724275321425
10240,761.7,448.3,353,23,369,4.173263967428183,22.290409653372457
9097,760.53,451.79,348,25,370,4.1845736258764985,22.333510247539877
8752,759.39,459.77,334,19,371,4.195883284324813,22.376546235870112
9064,759.0,448.1,365,20,372,4.207192942773128,22.419560122203418
3889,758.59,453.21999999999997,341,23,373,4.218502601221443,22.462550773104056
5740,758.55,449.38,342,23,374,4.2298122596697585,22.50553915713321
9895,758.48,447.57,361,18,375,4.241121918118073,22.548523574137274
4824,757.88,459.73,352,20,376,4.252431576566388,22.59147398806914
10250,757.83,446.63,341,20,377,4.263741235014703,22.634421568411657
4319,757.28,451.41,359,18,378,4.275050893463018,22.677337979271325
2204,756.9300000000001,454.01,335,20,379,4.286360551911332,22.72023455500554
5900,756.6,448.86,381,24,380,4.297670210359647,22.763112429050043
8077,755.76,454.23,349,20,381,4.308979868807962,22.80594269879347
7337,755.61,448.26,349,21,382,4.320289527256277,22.84876446776884
6589,754.37,451.42,347,21,383,4.331599185704592,22.891515963728338
6559,753.73,446.75,353,22,384,4.342908844152907,22.93423118974415
7065,753.42,452.72,353,19,385,4.3542185026012215,22.97692884750599
5877,753.41,451.75,355,20,386,4.365528161049536,23.019625938549964
1690,752.39,444.74,385,31,387,4.376837819497851,23.0622652243712
2244,751.8,450.89,345,20,388,4.388147477946166,23.1048710738381
3411,751.63,441.64,351,23,389,4.3994571363944805,23.147467289101215
7221,750.47,448.49,373,22,390,4.410766794842796,23.18999776509141
10001,748.97,450.72,336,21,391,4.422076453291111,23.2324432334011
6240,748.52,447.96999999999997,359,20,392,4.433386111739425,23.27486319940664
2500,746.7,446.45,362,22,393,4.4446957701877405,23.317180022759842
8870,746.24,447.7,353,17,394,4.456005428636056,23.359470777091023
1185,745.97,444.69,331,20,395,4.46731508708437,23.401746230039713
8203,745.54,438.98,357,23,396,4.478624745532684,23.44399731411999
647,744.75,446.69,339,24,397,4.489934403981,23.486203627488543
2077,743.66,436.14,371,23,398,4.501244062429315,23.528348168609263
6496,743.48,438.89,317,18,399,4.512553720877629,23.57048250880832
7913,742.95,441.62,344,22,400,4.523863379325944,23.61258681296027
6960,742.78,446.46,373,22,401,4.53517303777426,23.65468148290843
1038,742.68,434.31,345,24,402,4.546482696222574,23.69677048567789
950,742.37,437.19,333,22,403,4.557792354670889,23.73884192019338
5605,742.01,434.76,343,20,404,4.5691020131192035,23.78089295286555
7486,741.64,440.29,327,23,405,4.580411671567519,23.82292301697653
4096,741.0,444.25,337,25,406,4.591721330015833,23.86491681114383
2475,739.8,441.01,358,23,407,4.603030988464148,23.906842599166726
8363,738.4399999999999,443.2,379,21,408,4.6143406469124635,23.948691313559305
3448,737.8100000000001,429.79,359,24,409,4.625650305360778,23.990504324726068
2493,736.96,439.16,321,21,410,4.636959963809093,24.03226916487389
7416,734.8,439.16,325,18,411,4.648269622257408,24.073911593961785
5341,734.48,436.14,337,20,412,4.659579280705723,24.11553588807784
3857,733.72,434.42,366,20,413,4.670888939154037,24.157117111635777
1744,733.71,438.77,334,23,414,4.682198597602352,24.198697768475842
9990,732.72,429.46,363,25,415,4.693508256050667,24.240222320246776
8239,732.53,437.49,330,20,416,4.704817914498982,24.281736104378183
4998,732.03,438.13,331,25,417,4.716127572947297,24.32322155261609
6367,731.97,443.27,334,22,418,4.727437231395612,24.364703600546772
8359,731.87,437.83,343,26,419,4.738746889843927,24.40617998129876
6061,731.33,434.88,314,21,420,4.750056548292242,24.447625759285764
6464,730.44,436.32,327,22,421,4.761366206740556,24.489021099382338
1812,729.61,426.32,336,19,422,4.772675865188871,24.5303694018957
1947,727.63,435.83,362,30,423,4.783985523637186,24.571605494270806
8374,726.06,428.24,337,25,424,4.795295182085501,24.61275261194032
1813,725.86,428.23,337,23,425,4.806604840533816,24.65388839525243
2981,724.93,427.42,355,24,426,4.817914498982131,24.69497147380263
9951,721.87,428.47,339,19,427,4.8292241574304455,24.735881136684615
7700,721.5,437.23,346,20,428,4.840533815878761,24.776769831005403
2298,720.29,428.32,331,22,429,4.851843474327076,24.817589952463923
1005,719.88,432.22,336,22,430,4.86315313277539,24.858386838489775
3418,719.48,422.44,334,20,431,4.874462791223705,24.89916105580082
9398,718.64,433.56,319,19,432,4.88577244967202,24.939887668810794
7354,718.28,423.39,329,18,433,4.897082108120335,24.980593879977445
2646,717.96,429.48,349,24,434,4.908391766568649,25.02128195617226
2086,717.7,429.82,332,21,435,4.919701425016965,25.061955297702447
7158,717.38,436.83,347,20,436,4.93101108346528,25.1026105042608
8534,717.05,428.42,360,21,437,4.942320741913594,25.143247009129432
7448,714.4,432.01,340,23,438,4.9536304003619085,25.183733333762525
1533,713.17,429.37,339,25,439,4.964940058810224,25.2241499520976
5984,712.93,424.76,304,23,440,4.976249717258539,25.264552969203795
341,711.19,420.64,292,17,441,4.987559375706853,25.304857377400612
2439,710.9,425.99,335,19,442,4.9988690341551685,25.3451453507792
6001,709.95,427.85,337,27,443,5.010178692603484,25.38537948596014
4445,709.08,427.71,344,25,444,5.021488351051798,25.42556431668639
192,708.9,419.25,334,25,445,5.032798009500113,25.465738946490973
5303,706.4,424.17,365,18,446,5.0441076679484285,25.505771896828062
5318,706.12,421.64,358,23,447,5.055417326396743,25.54578897906479
3124,706.1,421.65,304,22,448,5.066726984845057,25.58580492786577
1352,705.32,419.65,320,20,449,5.078036643293372,25.625776672672895
7132,704.39,419.9,325,22,450,5.089346301741688,25.665695712718104
3244,703.83,425.33,334,20,451,5.100655960190002,25.705583016562606
8973,702.76,416.57,328,17,452,5.111965618638317,25.745409681595007
1607,702.26,420.84,328,23,453,5.123275277086632,25.78520801073391
6138,701.75,413.51,332,20,454,5.1345849355349475,25.824977437261442
7149,701.43,412.07,358,21,455,5.145894593983262,25.864728728817138
8281,699.81,416.59000000000003,327,18,456,5.157204252431576,25.90438821207789
7171,698.97,412.96,302,18,457,5.168513910879891,25.944000091037562
8477,697.8,415.18,334,20,458,5.179823569328206,25.983545664006442
1676,696.94,409.62,304,21,459,5.191133227776521,26.023042499238503
10008,696.05,418.24,336,22,460,5.202442886224836,26.06248889658013
9881,694.72,416.37,329,21,461,5.213752544673151,26.101859920445047
3691,693.77,418.93,347,23,462,5.225062203121466,26.141177106112323
1197,693.68,408.95,311,24,463,5.236371861569781,26.180489191318763
1265,692.22,412.61,309,20,464,5.247681520018095,26.21971853571618
7281,691.64,413.66,317,23,465,5.25899117846641,26.258915010477136
5026,691.63,410.87,333,25,466,5.270300836914725,26.29811091852023
2556,690.9,412.55,313,19,467,5.28161049536304,26.33726545615881
10273,690.67,416.72,300,21,468,5.292920153811355,26.376406959286374
7001,690.65,404.77,344,18,469,5.30422981225967,26.415547328978207
8952,690.39,408.5,313,19,470,5.315539470707985,26.454672964005415
1451,690.17,405.95,313,24,471,5.3268491291563,26.49378613123948
9197,689.84,413.44,330,20,472,5.338158787604614,26.53288059678384
1168,689.83,411.12,318,26,473,5.349468446052929,26.571974495610327
4099,688.18,416.64,344,26,474,5.360778104501244,26.610974885988263
3552,687.5699999999999,407.0,350,21,475,5.372087762949559,26.649940706576135
7849,687.41,404.47,305,21,476,5.3833974213978735,26.688897459678078
5991,686.28,407.15,314,20,477,5.394707079846189,26.727790173660722
1430,684.3100000000001,408.86,321,25,478,5.406016738294504,26.766571244222963
5172,684.04,405.24,320,17,479,5.417326396742818,26.80533701340272
8564,683.93,408.24,314,19,480,5.4286360551911335,26.844096548685904
5358,683.26,404.32,341,21,481,5.439945713639449,26.882818113871803
5958,681.05,407.84,322,21,482,5.451255372087763,26.921414434408426
7370,680.89,403.19,292,20,483,5.462565030536077,26.96000168745913
2908,680.73,410.0,313,15,484,5.4738746889843926,26.998579873023914
8691,679.9300000000001,402.29,324,18,485,5.485184347432708,27.037112721159097
8405,679.58,411.88,321,22,486,5.496494005881022,27.075625734168835
2878,678.45,406.98,324,17,487,5.507803664329337,27.114074708059256
2924,677.7,395.19,317,20,488,5.5191133227776525,27.152481178109433
5975,676.58,404.18,310,17,489,5.530422981225967,27.190824175758166
1785,676.58,404.3,323,22,490,5.541732639674281,27.2291671734069
2143,676.4399999999999,397.17,310,20,491,5.553042298122596,27.267502237005452
6372,675.66,412.06,293,24,492,5.564351956570912,27.30579309661014
3762,672.53,400.15,331,18,493,5.575661615019226,27.343906573521526
5019,672.44,407.03,310,20,494,5.586971273467541,27.382014949972078
8040,672.25,399.54,359,24,495,5.598280931915856,27.4201125587831
6324,671.63,401.64,306,18,496,5.609590590364171,27.458175031086178
298,670.88,398.55,321,21,497,5.620900248812486,27.49619499954901
5616,670.57,397.27,314,24,498,5.632209907260801,27.534197399757872
9512,670.4300000000001,398.47,315,20,499,5.6435195657091155,27.57219186591655
6313,670.42,403.94,298,19,500,5.65482922415743,27.610185765357357
6161,670.39,398.12,314,25,501,5.666138882605745,27.64817796464456
7241,669.07,406.46,310,21,502,5.67744854105406,27.686095357172924
6423,665.27,395.31,309,19,503,5.6887581995023755,27.723797396910683
2723,664.75,397.46999999999997,298,27,504,5.70006785795069,27.7614699673192
7743,664.47,398.47,320,21,505,5.711377516399005,27.799126669627356
739,664.39,398.05,295,19,506,5.72268717484732,27.836778838192554
2862,663.24,397.62,318,19,507,5.733996833295635,27.874365834202703
3957,661.96,396.4,320,19,508,5.745306491743949,27.91188029032549
9524,661.75,392.55,296,18,509,5.756616150192264,27.949382845373005
7269,660.48,392.62,309,19,510,5.767925808640579,27.986813427251032
4691,660.18,394.41,307,18,511,5.779235467088894,28.024227007592955
5353,659.45,392.6,319,22,512,5.790545125537209,28.061599217530375
5216,659.21,392.89,312,22,513,5.801854783985524,28.098957826238912
8746,659.04,393.0,325,21,514,5.8131644424338385,28.136306800743654
8106,657.83,388.63,330,17,515,5.824474100882154,28.173587202386134
3234,656.34,389.02,297,14,516,5.835783759330468,28.210783163065976
3533,656.05,379.83,328,25,517,5.847093417778783,28.24796268892759
1377,655.21,387.02,319,20,518,5.8584030762270976,28.285094610488127
4355,654.5,390.24,312,18,519,5.869712734675413,28.32218629507989
8902,654.43,386.09,309,22,520,5.881022393123728,28.35927401264657
1402,654.39,395.2,302,21,521,5.892332051572042,28.39635946334176
905,653.33,392.98,283,18,522,5.9036417100203575,28.433384841942733
5790,652.85,390.63,314,23,523,5.914951368468673,28.470383018085947
9324,652.61,388.79,304,21,524,5.926261026916987,28.507367593000282
8202,652.42,385.83,312,22,525,5.937570685365301,28.54434140027508
6105,652.3,391.42,307,19,526,5.948880343813617,28.581308406935445
4239,651.63,385.95,331,25,527,5.960190002261932,28.61823744349852
8435,650.99,384.44,302,21,528,5.971499660710246,28.655130210117907
4285,649.23,389.46,309,18,529,5.982809319158561,28.69192323439218
4490,648.92,372.42,283,18,530,5.994118977606877,28.72869869041248
3271,646.86,389.06,310,20,531,6.005428636055191,28.76535740255156
619,646.78,389.62,301,20,532,6.016738294503506,28.802011580947685
4597,646.4,383.16,289,20,533,6.028047952951821,28.838644224064748
7279,646.32,389.93,298,20,534,6.039357611400136,28.875272333438843
2850,646.04,391.15,320,19,535,6.05066726984845,28.911884574712587
8003,645.71,391.0,304,25,536,6.061976928296765,28.948478114296616
9327,645.52,382.5,315,21,537,6.0732865867450805,28.985060886241122
921,645.34,394.87,300,17,538,6.084596245193395,29.021633457263963
2690,644.92,389.15,286,25,539,6.09590590364171,29.05818222613626
8228,643.8,386.78000000000003,311,20,540,6.107215562090025,29.09466752260712
2682,643.13,384.75,313,21,541,6.11852522053834,29.131114848980687
5038,642.33,386.19,321,19,542,6.129834878986654,29.167516837924655
5872,642.06,376.35,291,18,543,6.141144537434969,29.203903525486137
2335,640.54,384.3,293,18,544,6.152454195883284,29.240204071931373
2295,639.8,383.64,273,20,545,6.163763854331599,29.276462681254234
4231,639.45,384.35,329,22,546,6.175073512779914,29.312701455451638
7989,639.34,374.16,289,23,547,6.186383171228229,29.34893399575248
5008,637.56,377.09,289,16,548,6.197692829676544,29.38506566027246
3602,637.36,376.18,327,15,549,6.209002488124859,29.421185990435035
4564,636.99,383.06,316,20,550,6.220312146573174,29.457285352036422
7917,633.91,381.48,301,17,551,6.231621805021488,29.493210164533846
10238,633.61,379.49,285,28,552,6.242931463469803,29.52911797549517
400,633.24,373.29,305,21,553,6.254241121918118,29.5650048178953
3976,632.69,375.6,289,20,554,6.265550780366433,29.600860490812593
4065,631.1999999999999,380.1,282,24,555,6.276860438814748,29.63663172276724
3419,630.64,380.02,296,16,556,6.2881700972630625,29.67237121852118
9781,630.48,371.95,283,22,557,6.299479755711378,29.708101646789192
9956,629.56,373.78,284,18,558,6.310789414159693,29.743779937013166
7128,628.81,375.83,299,21,559,6.322099072608007,29.779415723396895
8289,628.55,378.56,281,21,560,6.3334087310563225,29.815036775116
3245,628.13,368.49,273,21,561,6.344718389504638,29.850634024684563
4592,628.04,372.42,307,21,562,6.356028047952952,29.886226173792295
8769,627.43,376.06,294,18,563,6.367337706401267,29.921783753109963
6666,627.27,369.82,293,22,564,6.378647364849581,29.957332264941712
9443,627.08,373.52,308,18,565,6.389957023297896,29.99287000913392
1836,626.52,373.63,300,18,566,6.401266681746211,30.028376017125414
7813,625.5,376.0,299,24,567,6.4125763401945255,30.063824219894165
8039,625.04,369.66,279,18,568,6.423885998642841,30.0992463536409
1390,623.48,378.06,284,20,569,6.435195657091156,30.13458007939991
2547,622.64,370.78,288,20,570,6.44650531553947,30.169866200857843
5869,622.0600000000001,373.97,284,17,571,6.4578149739877855,30.205119452679313
9224,619.63,363.82,267,20,572,6.469124632436101,30.240234992058372
5644,618.74,367.89,301,27,573,6.480434290884415,30.275300093547003
767,617.83,367.14,304,21,574,6.49174394933273,30.31031362370946
4342,616.42,364.73,299,18,575,6.5030536077810455,30.345247246652253
5610,616.25,373.44,288,16,576,6.51436326622936,30.380171235391252
1578,615.49,363.48,293,24,577,6.525672924677675,30.41505215357213
838,615.45,364.96999999999997,290,21,578,6.53698258312599,30.449930804881525
3497,614.34,364.69,296,21,579,6.5482922415743055,30.484746550507353
7794,612.1,368.14,276,16,580,6.55960190002262,30.519435351330298
6683,611.85,367.15,293,20,581,6.570911558470933,30.55410998420649
4105,611.56,366.11,288,21,582,6.582221216919248,30.588768182264463
8966,610.05,369.33,279,15,583,6.593530875367564,30.62334080592406
3878,610.04,360.61,263,16,584,6.604840533815878,30.65791286286579
4670,608.69,372.11,303,22,585,6.616150192264193,30.692408412895062
1145,608.09,364.18,289,18,586,6.627459850712508,30.72686995985213
4527,606.1,356.61,291,23,587,6.638769509160823,30.76121872995308
1862,605.14,360.65999999999997,274,18,588,6.650079167609138,30.795513095138503
1798,604.8100000000001,363.32,277,19,589,6.661388826057453,30.82978875863422
8118,604.65,354.0,284,19,590,6.6726984845057675,30.864055354644016
2588,603.9,367.12,294,19,591,6.684008142954083,30.89827944681356
7146,603.26,353.42,297,17,592,6.695317801402398,30.93246726903942
3748,603.06,355.79,260,16,593,6.706627459850713,30.966643756907892
3608,602.8,356.23,278,18,594,6.7179371182990275,31.000805510111736
3000,602.45,356.0,276,19,595,6.729246776747343,31.034947428190122
7589,602.17,367.0,282,19,596,6.740556435195658,31.069073478168164
7746,601.87,355.08,272,21,597,6.751866093643972,31.103182526610095
3130,601.7,365.71,273,16,598,6.7631757520922875,31.137281940848233
4485,601.08,360.08,294,17,599,6.774485410540601,31.17134621857843
6347,599.95,362.27,258,19,600,6.785795068988916,31.205346457189325
158,599.77,355.7,271,23,601,6.797104727437231,31.239336494878557
6132,599.72,354.77,302,19,602,6.808414385885546,31.273323698978437
7282,599.05,349.49,271,19,603,6.819724044333861,31.30727293298103
8963,598.65,365.02,300,23,604,6.831033702782176,31.341199498268825
3388,598.57,356.86,283,17,605,6.8423433612304905,31.375121529813654
9016,598.51,356.36,273,23,606,6.853653019678806,31.409040161051266
1289,598.37,360.49,282,22,607,6.864962678127121,31.442950858238696
9450,598.21,367.69,277,16,608,6.876272336575435,31.476852487940203
4958,597.17,353.66,263,19,609,6.8875819950237505,31.51069517898324
8172,596.32,352.31,297,20,610,6.898891653472066,31.544489699007315
8860,595.63,361.93,300,18,611,6.91020131192038,31.578245115498365
484,595.35,359.6,292,16,612,6.921510970368695,31.611984663889054
8577,593.9,345.2,291,15,613,6.9328206288170104,31.645642038188594
2479,593.73,362.23,285,20,614,6.944130287265325,31.679289778284343
7787,593.12,355.0,286,13,615,6.95543994571364,31.71290294859002
8578,593.01,358.72,269,19,616,6.966749604161953,31.74650988499913
467,592.89,347.6,256,19,617,6.978059262610269,31.7801100207938
8404,591.77,350.89,287,23,618,6.989368921058584,31.81364668418703
1253,590.87,346.3,261,15,619,7.000678579506898,31.84713234297196
1056,590.77,350.49,270,17,620,7.011988237955213,31.88061233457819
3601,590.53,349.34,273,13,621,7.023297896403529,31.91407872495554
5820,590.47,351.63,270,14,622,7.034607554851843,31.947541715025668
1245,589.93,347.13,255,21,623,7.045917213300158,31.980974102330816
5898,589.88,349.65,302,20,624,7.057226871748473,32.01440365604661
4070,589.4,346.59,279,21,625,7.068536530196788,32.04780600730465
7176,588.59,362.99,287,16,626,7.079846188645103,32.08116245441522
3627,588.15,355.11,318,23,627,7.091155847093418,32.1144939659395
5590,587.13,357.29,298,19,628,7.102465505541733,32.14776767224106
5143,587.0,350.2,288,23,629,7.113775163990048,32.18103401121029
8551,586.26,351.64,309,21,630,7.125084822438363,32.21425841305715
3693,586.12,348.78,255,22,631,7.136394480886678,32.24747488085383
2829,585.78,349.04,280,18,632,7.1477041393349925,32.28067208024292
2368,585.7,349.35,270,17,633,7.159013797783306,32.313864745889056
7308,584.88,344.69,253,16,634,7.170323456231621,32.347010940669854
217,583.91,347.05,279,17,635,7.181633114679936,32.380102163817256
6499,582.74,349.71,293,19,636,7.192942773128251,32.41312708097387
7663,582.53,342.38,280,14,637,7.204252431576566,32.44614009705522
7141,582.4399999999999,343.0,264,19,638,7.215562090024881,32.479148012675736
3676,581.99,343.14,255,20,639,7.2268717484731955,32.5121304259921
5219,581.95,345.36,275,19,640,7.238181406921511,32.54511057243698
4610,581.87,340.35,278,21,641,7.249491065369826,32.57808618513891
5067,581.83,340.85,271,19,642,7.260800723818141,32.61105953096934
6574,581.67,348.85,238,15,643,7.2721103822664555,32.64402380931387
3725,581.66,344.13,271,15,644,7.283420040714771,32.67698752094053
6866,581.44,345.75,277,17,645,7.294729699163086,32.70993876477404
4552,581.02,346.35,280,20,646,7.3060393576114,32.742866206457016
8059,580.56,345.49,269,23,647,7.317349016059715,32.775767579117975
3366,579.96,347.53,272,20,648,7.328658674508031,32.808634948706725
8108,579.7,341.49,266,18,649,7.339968332956345,32.84148758363086
680,578.69,342.91,299,19,650,7.35127799140466,32.87428298005012
9037,578.59,344.68,262,18,651,7.362587649852974,32.90707270929068
3816,576.74,341.34,270,20,652,7.373897308301289,32.93975759572529
1125,576.04,343.27,266,18,653,7.385206966749604,32.97240281190901
2011,575.96,340.67,273,18,654,7.396516625197918,33.005043494349756
7514,575.8199999999999,344.46,301,21,655,7.407826283646234,33.03767624274032
6647,575.41,345.8,296,22,656,7.419135942094549,33.07028575569822
1013,574.96,348.45,272,17,657,7.430445600542863,33.10286976635198
8846,574.45,341.19,264,15,658,7.441755258991178,33.13542487439436
8742,574.35,340.4,267,18,659,7.453064917439494,33.167974315258036
3231,573.62,347.74,279,19,660,7.464374575887808,33.20048238571721
1388,573.09,342.11,270,16,661,7.475684234336123,33.23296042012927
5346,572.85,341.13,275,16,662,7.486993892784438,33.265424853312446
9929,572.81,338.82,270,16,663,7.498303551232753,33.29788701962415
8544,572.58,338.66,263,10,664,7.509613209681068,33.33033615142484
9102,571.87,340.16,251,19,665,7.520922868129383,33.36274504625676
2756,571.37,343.11,270,24,666,7.5322325265776975,33.39512560519518
2094,571.25,340.22,269,16,667,7.543542185026013,33.42749936351916
2229,570.92,336.09,273,14,668,7.554851843474326,33.459854420153434
10091,570.16,341.65999999999997,274,20,669,7.566161501922641,33.492166406229586
7915,569.6,333.9,273,22,670,7.577471160370957,33.52444665610501
6910,569.34,338.59,252,15,671,7.588780818819271,33.55671217131582
2065,568.54,341.03,269,20,672,7.600090477267586,33.588932349097036
472,567.98,339.38,256,18,673,7.611400135715901,33.62112079067752
6291,567.71,340.66,265,21,674,7.622709794164216,33.65329393087551
9491,567.03,336.94,261,16,675,7.634019452612531,33.685428534258364
9191,567.0,337.42,261,17,676,7.645329111060846,33.71756143748759
5973,566.36,335.02,272,16,677,7.656638769509161,33.74965807077314
1745,566.35,345.46,272,14,678,7.667948427957476,33.78175413734081
7292,565.83,340.71,292,18,679,7.679258086405791,33.813820734579245
8500,564.71,341.75,250,19,680,7.690567744854106,33.84582385941624
4807,564.2,329.62,269,19,681,7.70187740330242,33.87779808164187
9271,564.16,344.09,249,11,682,7.713187061750736,33.909770036996015
5050,564.02,343.19,275,20,683,7.724496720199051,33.941734058299986
753,563.02,334.5,258,17,684,7.735806378647365,33.973641407816956
10225,562.63,334.32,256,19,685,7.747116037095679,34.00552665533699
5099,562.54,331.4,276,16,686,7.758425695543994,34.037406802396205
9456,562.33,337.9,263,19,687,7.769735353992309,34.069275048380135
7614,562.0600000000001,341.35,279,17,688,7.781045012440623,34.10112799298158
1004,561.94,327.45,264,15,689,7.792354670888939,34.13297413696859
587,560.83,336.3,284,16,690,7.803664329337254,34.16475737527202
6440,559.9,333.91,255,16,691,7.814973987785569,34.19648790881355
7059,559.52,341.85,259,20,692,7.826283646233883,34.22819690707601
1634,559.45,334.39,257,16,693,7.837593304682199,34.25990193831339
7655,559.25,332.02,256,20,694,7.848902963130514,34.29159563519337
4257,559.16,330.43,263,18,695,7.860212621578828,34.32328423161251
454,559.0,336.8,261,17,696,7.871522280027143,34.354963760545736
4001,558.53,334.91,261,15,697,7.882831938475459,34.386616653739075
1556,558.3,326.06,301,21,698,7.894141596923773,34.4182565124214
7366,556.71,329.54,272,19,699,7.905451255372088,34.4498062629624
9534,556.48,335.24,258,20,700,7.916760913820403,34.48134297899238
1036,556.42,328.65,259,15,701,7.928070572268718,34.51287629471514
636,555.47,330.38,250,19,702,7.939380230717033,34.54435577224026
1718,555.3,331.38,279,21,703,7.950689889165346,34.575825615561584
8304,554.94,342.89,267,19,704,7.961999547613662,34.60727505703958
7607,554.33,329.95,268,24,705,7.973309206061977,34.638689928727516
7220,552.55,328.2,242,17,706,7.984618864510291,34.67000392463459
7860,552.52,324.24,250,16,707,7.995928522958606,34.70131622038806
6564,551.39,333.23,287,17,708,8.00723818140692,34.73256447702221
5981,551.09,326.86,252,17,709,8.018547839855236,34.763795732120265
8960,550.92,327.2,247,17,710,8.029857498303551,34.79501735301452
1758,550.7,327.98,262,15,711,8.041167156751866,34.826226506115646
2434,550.47,325.06,248,15,712,8.052476815200182,34.857422624705755
9286,550.08,329.72,245,19,713,8.063786473648497,34.88859664129894
5088,549.29,328.58,268,18,714,8.07509613209681,34.919725887180384
9734,548.33,326.64,253,20,715,8.086405790545125,34.95080072814631
5376,548.2,332.85,270,19,716,8.09771544899344,34.98186820177994
2551,547.53,325.17,244,22,717,8.109025107441756,35.01289770531626
4711,547.33,322.53000000000003,257,15,718,8.120334765890071,35.0439158744952
1551,546.85,329.91,254,21,719,8.131644424338386,35.07490684121636
286,546.53,329.09,263,20,720,8.1429540827867,35.10587967296569
3075,546.33,326.63,272,17,721,8.154263741235015,35.13684117035763
3589,545.7,325.82,265,18,722,8.165573399683328,35.167766964523736
3539,545.59,314.34,273,26,723,8.176883058131644,35.19868652479329
3941,545.0600000000001,327.37,241,20,724,8.188192716579959,35.22957604901573
7377,545.0,325.67,269,19,725,8.199502375028274,35.26046217293095
1773,544.75,333.85,270,18,726,8.21081203347659,35.29133412889942
9559,544.07,332.53,265,16,727,8.222121691924904,35.32216754805273
135,543.93,319.21,264,15,728,8.233431350373218,35.35299303315586
4522,543.46,326.61,260,17,729,8.244741008821533,35.3837918825191
260,542.54,322.86,226,14,730,8.256050667269848,35.4145385938383
3397,541.95,316.32,246,17,731,8.267360325718164,35.44525186880316
7328,541.53,322.51,254,18,732,8.278669984166479,35.47594134161749
9309,540.77,321.21,268,18,733,8.289979642614794,35.5065877438737
8497,540.14,320.12,273,18,734,8.301289301063107,35.537198442904106
8089,539.8100000000001,326.47,255,19,735,8.312598959511423,35.56779044024479
4973,539.73,321.15,243,19,736,8.323908617959738,35.59837790384252
2678,539.33,317.72,241,18,737,8.335218276408051,35.628942698725446
7896,538.81,324.03000000000003,254,15,738,8.346527934856367,35.65947802427913
9725,537.09,325.2,243,14,739,8.357837593304682,35.68991587435918
8254,536.9,322.98,245,15,740,8.369147251752997,35.7203429567997
1598,536.32,316.07,255,18,741,8.380456910201312,35.75073716960375
6690,535.7,319.02,225,21,742,8.391766568649626,35.78109624589987
2905,535.6,318.96,283,14,743,8.40307622709794,35.81144965501728
965,535.13,313.52,261,16,744,8.414385885546256,35.84177642839481
625,534.37,319.48,290,19,745,8.425695543994571,35.87206013121421
8454,534.0,315.1,249,19,746,8.437005202442887,35.90232286547243
4330,533.79,321.6,245,13,747,8.448314860891202,35.932573698655375
8840,532.27,318.52,257,20,748,8.459624519339517,35.96273839072208
2272,531.98,313.21,258,23,749,8.47093417778783,35.99288664797055
1845,531.96,310.91,254,18,750,8.482243836236146,36.02303377178329
4775,531.46,319.0,257,16,751,8.49355349468446,36.05315255970252
6563,531.05,326.32,245,9,752,8.504863153132776,36.08324811218909
8367,530.66,316.28000000000003,250,17,753,8.516172811581091,36.11332156267872
7909,530.62,321.27,238,19,754,8.527482470029407,36.143392746296875
5379,530.35,315.65,250,20,755,8.53879212847772,36.17344862853254
4803,530.03,322.71,255,20,756,8.550101786926035,36.20348637579636
3302,529.97,314.97,227,17,757,8.561411445374349,36.233520722752964
6530,529.78,313.02,241,19,758,8.572721103822664,36.26354430207004
3080,529.61,310.83,237,13,759,8.584030762270979,36.29355824718332
3185,529.44,321.6,247,16,760,8.595340420719294,36.32356255809282
3773,528.02,314.75,234,20,761,8.60665007916761,36.35348639506476
3441,527.73,310.07,268,20,762,8.617959737615925,36.38339379721849
8414,527.2,309.54,242,18,763,8.629269396064238,36.4132711633251
1802,526.93,313.4,233,19,764,8.640579054512553,36.44313322804923
2634,526.66,313.8,263,16,765,8.651888712960869,36.47297999139086
9584,526.6,310.96000000000004,232,13,766,8.663198371409184,36.50282335442527
9420,526.27,311.12,231,17,767,8.674508029857499,36.53264801576997
8311,526.24,311.83,249,16,768,8.685817688305814,36.562470976961066
2139,526.04,310.22,257,20,769,8.697127346754128,36.592282603794764
7920,526.0,321.56,235,16,770,8.708437005202443,36.62209196375697
7413,525.85,314.95,264,19,771,8.719746663650758,36.65189282295113
3870,525.6,313.0,245,15,772,8.731056322099072,36.68167951419854
76,525.35,311.5,264,20,773,8.742365980547387,36.71145203749921
9487,524.81,313.2,240,16,774,8.753675638995702,36.74119395803489
4315,524.58,320.55,229,12,775,8.764985297444017,36.770922844059555
7715,524.46,312.12,252,16,776,8.776294955892332,36.80064492946979
1497,524.12,308.62,255,18,777,8.787604614340646,36.830347746472434
9504,522.36,312.47,228,15,778,8.798914272788961,36.859950821129964
7355,522.24,310.48,235,18,779,8.810223931237276,36.88954709517306
4810,522.01,311.58,250,16,780,8.821533589685592,36.919130334705144
1295,521.51,303.49,257,19,781,8.832843248133907,36.94868523834372
5533,520.79,307.19,248,15,782,8.844152906582222,36.97819933829567
5430,520.52,313.67,250,15,783,8.855462565030535,37.007698136865116
10106,520.44,316.14,245,12,784,8.86677222347885,37.0371924016916
5537,520.4,312.63,256,18,785,8.878081881927166,37.06668439964661
8189,520.01,306.8,252,23,786,8.889391540375481,37.09615429560469
7250,517.75,306.93,231,13,787,8.900701198823796,37.125496113324154
2697,517.51,311.27,249,17,788,8.912010857272112,37.15482432981473
7720,517.36,315.82,220,17,789,8.923320515720425,37.18414404553726
2211,517.11,311.98,258,17,790,8.93463017416874,37.21344959331304
6792,516.4,303.85,241,13,791,8.945939832617054,37.24271490412004
7121,516.17,309.59,263,15,792,8.957249491065369,37.27196718041604
5002,516.01,310.62,264,18,793,8.968559149513684,37.30121038922613
104,515.7,303.57,270,20,794,8.979868807962,37.330436029782234
9820,515.53,307.99,250,16,795,8.991178466410314,37.35965203613455
7321,515.29,303.57,253,11,796,9.00248812485863,37.38885444125799
9937,515.25,305.31,264,19,797,9.013797783306945,37.41805457950995
8199,514.99,300.75,231,18,798,9.025107441755258,37.44723998309728
1371,514.61,303.46,228,11,799,9.036417100203574,37.47640385140556
4066,514.34,309.49,234,18,800,9.047726758651889,37.50555241833135
2966,513.71,302.47,266,19,801,9.059036417100204,37.53466528203132
7203,511.89,303.1,255,17,802,9.07034607554852,37.56367500307896
10243,509.75,308.91,249,21,803,9.081655733996834,37.59256344650241
644,509.59,306.02,246,14,804,9.092965392445148,37.621442822439946
6012,509.17,301.2,228,15,805,9.104275050893463,37.650298396226944
1681,508.95,305.08,240,14,806,9.115584709341778,37.679141502220794
8968,508.65999999999997,313.92,241,11,807,9.126894367790092,37.70796817339643
3747,507.62,307.35,221,12,808,9.138204026238407,37.73673590591357
6162,507.35,304.59,234,18,809,9.149513684686722,37.765488337048225
9673,506.66,308.84000000000003,240,19,810,9.160823343135037,37.794201664649854
5707,506.6,294.73,244,16,811,9.172133001583353,37.822911591944255
8310,506.42,304.73,228,16,812,9.183442660031666,37.851611318317
6932,506.31,307.98,244,16,813,9.194752318479981,37.88030481079318
6087,506.15,299.02,235,14,814,9.206061976928297,37.90898923578343
2467,505.94,295.47,243,14,815,9.217371635376612,37.937661759698415
6098,504.76,298.07,230,20,816,9.228681293824927,37.966267410904734
3706,504.68,301.34,234,16,817,9.239990952273242,37.9948685283681
5063,504.61,301.4,228,20,818,9.251300610721556,38.02346567880638
6760,504.58,305.99,232,19,819,9.26261026916987,38.05206112909104
8571,504.52,295.05,224,16,820,9.273919927618186,38.08065317906848
465,503.96,298.89,247,13,821,9.285229586066501,38.1092134928452
10113,502.66,304.8,229,13,822,9.296539244514817,38.13770013329883
8887,502.57,302.89,233,16,823,9.307848902963132,38.16618167329162
4657,502.04,299.54,220,18,824,9.319158561411445,38.1946331772373
9498,501.53000000000003,301.21,210,17,825,9.33046821985976,38.22305577857162
863,501.24,302.77,242,21,826,9.341777878308074,38.2514619450877
1977,501.03,305.84000000000003,245,20,827,9.353087536756389,38.279856210528514
9976,500.98,302.57,235,19,828,9.364397195204704,38.308247642379975
4437,500.59,304.06,247,13,829,9.37570685365302,38.3366169722345
1590,500.27,300.12,227,15,830,9.387016512101335,38.3649681671172
4892,500.06,295.07,234,18,831,9.39832617054965,38.39330746092462
7952,499.95,295.8,237,16,832,9.409635828997963,38.42164052083547
9238,499.15,299.09,238,16,833,9.420945487446279,38.44992824331672
8704,498.73,303.57,240,13,834,9.432255145894594,38.478192163647435
5281,498.34,288.41,257,14,835,9.443564804342909,38.50643398198122
1442,498.07,300.2,234,21,836,9.454874462791224,38.534660498932496
8121,497.81,299.7,231,16,837,9.46618412123954,38.56287228121917
3593,497.55,298.25,246,19,838,9.477493779687855,38.59106932884123
7331,497.34,296.82,237,14,839,9.488803438136168,38.619254475388004
1622,496.5,293.19,248,20,840,9.500113096584483,38.647392017633706
4960,496.31,289.47,223,16,841,9.511422755032797,38.67551879223988
4606,496.01,290.47,217,17,842,9.522732413481112,38.70362856530995
9634,494.16,292.46999999999997,254,17,843,9.534042071929427,38.73163349557407
3422,493.56,293.03,255,19,844,9.545351730377742,38.75960442276599
9747,493.33,290.6,232,15,845,9.556661388826058,38.7875623154469
7359,492.99,295.97,242,17,846,9.567971047274373,38.81550093972022
398,492.82,296.64,240,18,847,9.579280705722686,38.843429929789764
806,492.61,298.99,221,18,848,9.590590364171002,38.87134701878403
1976,492.23,299.24,209,11,849,9.601900022619317,38.89924257249924
817,491.35,290.36,215,19,850,9.613209681067632,38.92708825504189
1529,490.88,287.79,232,15,851,9.624519339515947,38.95490730184464
2636,489.77,290.87,209,16,852,9.635828997964262,38.98266344296383
1216,489.44,298.28,229,16,853,9.647138656412576,39.010400882393306
10131,488.75,290.88,239,18,854,9.658448314860891,39.03809921828976
750,488.73,291.21,225,16,855,9.669757973309206,39.06579642075046
3192,488.46,298.39,236,13,856,9.681067631757521,39.09347832182867
8687,488.39,293.8,237,19,857,9.692377290205837,39.1211562558818
2511,488.09,284.6,213,16,858,9.703686948654152,39.14881718839883
181,487.17,286.32,228,18,859,9.714996607102465,39.17642598287181
7410,486.77,288.15,229,16,860,9.72630626555078,39.20401210863
5844,485.99,288.82,238,19,861,9.737615923999094,39.23155403039433
4507,485.34,291.76,244,19,862,9.74892558244741,39.2590591154971
2422,485.25,287.79,219,13,863,9.760235240895724,39.28655910013905
7529,484.90999999999997,291.16,253,17,864,9.77154489934404,39.314039816373416
4423,484.62,285.84,211,13,865,9.782854557792355,39.34150409778955
2896,484.1,288.05,218,15,866,9.79416421624067,39.36893890987644
6844,483.49,289.36,213,14,867,9.805473874688984,39.39633915217327
1948,482.85,283.73,238,16,868,9.816783533137299,39.42370312452642
7275,482.49,282.87,200,15,869,9.828093191585614,39.45104669503624
3218,482.25,286.43,210,18,870,9.83940285003393,39.47837666431718
2329,482.02,294.84,250,18,871,9.850712508482244,39.50569359908712
919,481.7,287.07,227,14,872,9.86202216693056,39.532992398885206
7056,481.55,289.88,228,19,873,9.873331825378875,39.560282697915255
5125,481.45,289.67,240,17,874,9.884641483827188,39.5875673297666
7713,481.32,280.51,235,17,875,9.895951142275504,39.61484459428563
8463,480.08,292.29,233,18,876,9.907260800723817,39.64205158578878
9557,479.81,284.29,217,17,877,9.918570459172132,39.66924327590945
5744,479.81,281.47,223,18,878,9.929880117620447,39.69643496603011
6832,479.8,287.62,230,17,879,9.941189776068763,39.72362608943291
9887,478.42,296.08,225,15,880,9.952499434517078,39.750739005769645
190,478.38,285.12,215,11,881,9.963809092965391,39.777849655234895
3921,478.05,292.1,215,15,882,9.975118751413707,39.80494160301045
8617,477.76,276.21,224,15,883,9.986428409862022,39.83201711596776
4165,477.67,281.96,232,19,884,9.997738068310337,39.859087528464244
4271,477.65,284.31,229,16,885,10.009047726758652,39.88615680752498
7733,477.61,283.40999999999997,238,16,886,10.020357385206967,39.91322381971425
6997,476.39,288.71,220,13,887,10.031667043655283,39.94022169232337
1062,476.03000000000003,282.1,213,13,888,10.042976702103596,39.96719916308918
4615,475.85,283.16,217,16,889,10.054286360551911,39.99416643293331
5813,475.77,281.85,242,15,890,10.065596019000226,40.021129169034495
5499,475.58,284.55,230,14,891,10.076905677448542,40.04808113749615
6812,475.32,281.71,226,16,892,10.088215335896857,40.075018371293176
2695,474.79,286.56,198,10,893,10.09952499434517,40.101925569043104
6076,474.31,281.59,213,15,894,10.110834652793486,40.12880556433526
2084,474.23,287.15,230,14,895,10.1221443112418,40.15568102588446
7074,473.84,285.79,222,15,896,10.133453969690114,40.18253438543674
6081,473.17,287.96,244,17,897,10.14476362813843,40.20934977489172
3308,472.88,283.15999999999997,201,11,898,10.156073286586745,40.23614872952847
1339,472.64,282.42,226,14,899,10.16738294503506,40.26293408293634
6529,472.32,281.87,236,20,900,10.178692603483375,40.28970130137237
4985,471.94,277.04,249,17,901,10.19000226193169,40.316446984529335
3501,471.73,288.8,206,10,902,10.201311920380004,40.343180766611034
2251,471.69,283.39,230,13,903,10.212621578828319,40.36991228182125
588,471.15,292.59,223,15,904,10.223931237276634,40.39661319426649
5060,470.38,279.51,212,17,905,10.23524089572495,40.42327046943574
6681,470.09,286.41,232,19,906,10.246550554173265,40.44991130978676
8191,470.08,280.56,213,9,907,10.25786021262158,40.476551583419905
6992,469.83,286.46999999999997,216,16,908,10.269169871069895,40.50317768910631
510,469.74,279.45,220,15,909,10.280479529518209,40.52979869433187
4543,469.13,285.14,223,18,910,10.291789187966524,40.55638512976738
1330,468.97,281.34,211,14,911,10.303098846414837,40.58296249771695
3113,468.86,280.93,220,18,912,10.314408504863152,40.609533631769956
10095,468.79,278.06,218,13,913,10.325718163311468,40.636100798797884
780,468.6,273.93,239,13,914,10.337027821759783,40.66265719818627
8945,468.13,277.71,210,15,915,10.348337480208098,40.689186961834764
6082,467.95,282.25,202,10,916,10.359647138656412,40.715706524561604
4150,467.94,278.28,242,18,917,10.370956797104727,40.74222552057057
8164,467.94,282.85,210,12,918,10.382266455553042,40.76874451657954
2176,467.93,281.5,232,13,919,10.393576114001357,40.79526294587063
1706,467.29,281.38,220,17,920,10.404885772449672,40.821745105218056
2901,466.85,280.47,222,16,921,10.416195430897988,40.84820232897919
1003,466.29,280.57,217,18,922,10.427505089346303,40.874627816539615
4235,466.22,275.02,243,18,923,10.438814747794616,40.90104933707494
1991,465.99,269.23,218,14,924,10.450124406242931,40.92745782309925
7274,465.59000000000003,277.02,223,15,925,10.461434064691247,40.95384364040877
7946,465.59,278.72,224,16,926,10.472743723139562,40.98022945771829
2986,465.51,276.34000000000003,215,14,927,10.484053381587877,41.00661074128485
6744,465.48,281.93,204,15,928,10.49536304003619,41.03299032469779
5329,465.45,282.57,212,14,929,10.506672698484506,41.05936820795713
5568,465.3,279.36,228,20,930,10.51798235693282,41.08573759044842
2355,464.86,279.26,210,16,931,10.529292015381134,41.112082037353424
6288,464.8,275.22,220,16,932,10.54060167382945,41.13842308395122
2692,464.46,277.28,226,15,933,10.551911332277765,41.164744862141426
9573,464.41,270.78,232,14,934,10.56322099072608,41.19106380674228
5791,462.76,272.27,204,12,935,10.574530649174395,41.21728924289459
7696,462.71,274.18,204,13,936,10.58584030762271,41.24351184545754
448,462.38,275.17,216,16,937,10.597149966071024,41.26971574633079
782,461.46999999999997,271.25,204,13,938,10.60845962451934,41.29586807587786
8667,461.18,273.3,216,14,939,10.619769282967654,41.322003970606715
7110,460.56,272.43,225,15,940,10.63107894141597,41.34810472882762
3396,460.55,273.13,229,14,941,10.642388599864285,41.37420492033066
10167,458.96,276.86,203,16,942,10.6536982583126,41.40021500369237
5672,458.8,274.27,214,17,943,10.665007916760914,41.42621601956815
8237,458.37,273.3,205,9,944,10.676317575209229,41.45219266657553
3025,458.33,274.78,228,15,945,10.687627233657542,41.47816704671142
9316,458.0,270.09,205,15,946,10.698936892105857,41.50412272515761
3716,457.85,269.33,201,15,947,10.710246550554173,41.530069902835734
1053,457.61,280.99,214,14,948,10.721556209002488,41.55600347928499
7153,457.61,271.1,237,20,949,10.732865867450803,41.581937055734244
7457,457.49,275.35,218,17,950,10.744175525899118,41.607863831569055
2444,456.96,266.6,220,15,951,10.755485184347432,41.63376057135676
4658,456.73,281.17,220,19,952,10.766794842795747,41.65964427663345
3310,456.44,277.02,212,15,953,10.778104501244062,41.68551154709191
4903,455.61,278.37,213,18,954,10.789414159692377,41.71133177996717
335,455.05,271.53000000000003,204,19,955,10.800723818140693,41.737120276641704
2677,454.83,266.95,188,13,956,10.812033476589008,41.76289630552309
4069,454.63,270.34,213,17,957,10.823343135037323,41.78866100004709
4364,454.51,262.57,201,14,958,10.834652793485636,41.81441889395664
7207,454.44,269.73,221,12,959,10.845962451933952,41.840172820841104
3882,453.2,271.63,228,18,960,10.857272110382267,41.86585647470969
8907,453.14,273.77,210,17,961,10.868581768830582,41.89153672827104
8768,452.62,270.36,228,13,962,10.879891427278897,41.91718751250317
5654,452.22,267.13,216,12,963,10.89120108572721,41.94281562802049
7593,452.12,273.87,215,15,964,10.902510744175526,41.968438076359114
7851,452.06,266.58,195,10,965,10.91382040262384,41.994057124390515
9866,451.95,277.79,221,13,966,10.925130061072155,42.01966993852535
6048,451.73,271.35,226,12,967,10.93643971952047,42.04527028486704
10263,451.40999999999997,263.38,203,13,968,10.947749377968785,42.070852496236895
9125,451.37,275.03,229,14,969,10.9590590364171,42.09643244073526
4700,451.11,261.55,212,20,970,10.970368694865416,42.121997650569014
9349,450.6,272.58,227,17,971,10.98167835331373,42.147533957791396
2787,450.38,269.44,238,20,972,10.992988011762044,42.173057797220636
9848,450.2,260.85,208,11,973,11.00429767021036,42.19857143572822
7276,449.92,266.66,205,17,974,11.015607328658675,42.22406920613544
1393,449.81,270.73,226,12,975,11.02691698710699,42.24956074264609
2275,449.79,270.96999999999997,221,15,976,11.038226645555305,42.275051145721
9501,449.7,261.68,224,14,977,11.04953630400362,42.30053644833509
9766,449.08,268.92,207,15,978,11.060845962451934,42.32598661444123
3423,448.92,267.06,194,16,979,11.072155620900249,42.35142771306145
1660,448.78,269.28,204,13,980,11.083465279348562,42.376860877631486
2390,448.45,269.3,205,18,981,11.094774937796878,42.40227534051182
2327,448.1,270.48,218,15,982,11.106084596245193,42.4276699682667
9134,447.92,268.23,214,16,983,11.117394254693508,42.45305439509992
4695,447.49,267.81,194,15,984,11.128703913141823,42.47841445306474
8110,447.06,263.66,219,13,985,11.140013571590138,42.50375014216113
321,447.01,266.17,226,12,986,11.151323230038452,42.52908299766818
3928,446.43,266.01,220,16,987,11.162632888486767,42.55438298353878
7262,446.32,268.05,229,17,988,11.173942546935082,42.57967673551279
1049,446.14,270.87,187,8,989,11.185252205383398,42.60496028656516
9811,445.98,270.75,215,17,990,11.196561863831713,42.6302347701316
1563,445.78,267.85,219,11,991,11.207871522280028,42.65549791934063
3360,445.43,273.46999999999997,203,15,992,11.219181180728341,42.68074123342423
3711,445.09000000000003,260.8,212,20,993,11.230490839176657,42.70596527910024
5206,444.49,267.26,229,16,994,11.241800497624972,42.731155321704044
3334,444.07,259.7,213,12,995,11.253110156073287,42.75632156215731
6263,443.9,263.22,194,12,996,11.264419814521602,42.78147816840679
9639,443.89,261.28,234,20,997,11.275729472969916,42.8066342079384
1424,443.64,262.5,211,12,998,11.287039131418231,42.83177607952326
6003,442.78000000000003,262.89,224,17,999,11.298348789866546,42.856869213371304
819,442.14,258.85,223,18,1000,11.30965844831486,42.881926077275665
3065,441.77,265.03,205,14,1001,11.320968106763175,42.90696197261883
4719,440.1,264.24,207,15,1002,11.33227776521149,42.93190322607771
6982,440.01,260.59000000000003,209,13,1003,11.343587423659805,42.95683937907576
6361,439.99,258.02,183,10,1004,11.35489708210812,42.98177439863806
9006,439.97,261.37,196,16,1005,11.366206740556436,43.00670828476463
6187,439.57,263.21999999999997,184,10,1006,11.377516399004751,43.03161950217639
3599,439.52,261.29,219,20,1007,11.388826057453064,43.056527885998804
6358,439.32,263.21,229,13,1008,11.40013571590138,43.08142493546382
8486,438.89,265.54,190,10,1009,11.411445374349695,43.10629761606043
8166,438.57,257.39,218,13,1010,11.42275503279801,43.13115216168519
5557,438.52,255.6,212,11,1011,11.434064691246325,43.156003873720614
9826,438.39,257.31,211,15,1012,11.44537434969464,43.180848218423726
752,438.37,258.13,216,15,1013,11.456684008142954,43.20569142969109
2846,438.32,261.1,195,13,1014,11.46799366659127,43.230531807369104
5163,438.16,260.88,215,19,1015,11.479303325039583,43.2553631175612
265,437.7,261.08,193,11,1016,11.490612983487898,43.280168358731274
617,437.37,260.56,207,14,1017,11.501922641936213,43.30495489821164
7209,436.98,255.53,213,16,1018,11.513232300384528,43.329719335695074
4873,436.76,261.38,202,16,1019,11.524541958832843,43.354471305385374
5786,436.21999999999997,255.24,197,13,1020,11.535851617281159,43.37919267231069
9648,436.21,260.81,217,15,1021,11.547161275729472,43.40391347251813
5315,435.8,258.4,199,13,1022,11.558470934177787,43.42861103729291
8308,435.76,255.42000000000002,207,14,1023,11.569780592626103,43.45330633519621
7569,435.54,259.85,198,12,1024,11.581090251074418,43.47798916530636
3980,435.46999999999997,255.32,207,16,1025,11.592399909522733,43.502668028391426
7816,435.2,255.2,196,12,1026,11.603709567971048,43.527331590094
8336,434.92,262.84,214,14,1027,11.615019226419362,43.55197928369622
9525,434.86,259.43,219,11,1028,11.626328884867677,43.57662357699121
9149,434.52,260.15,189,12,1029,11.637638543315992,43.60124860187863
7573,434.21,260.96,205,12,1030,11.648948201764307,43.62585605851208
5210,433.73,260.64,193,17,1031,11.660257860212623,43.65043631268776
3787,432.56,255.09,184,14,1032,11.671567518660936,43.674950260872656
6854,431.91,259.45,221,17,1033,11.682877177109251,43.699427372396
8921,431.71,258.68,207,14,1034,11.694186835557566,43.723893149561945
8206,431.5,253.05,205,8,1035,11.70549649400588,43.74834702565262
8649,431.14,263.39,207,13,1036,11.716806152454195,43.77278049989997
4374,431.0,253.2,219,11,1037,11.72811581090251,43.797206040097144
3186,430.55,257.19,217,12,1038,11.739425469350826,43.82160607799017
169,430.4,261.61,198,15,1039,11.75073512779914,43.845997615115145
3243,430.09000000000003,258.54,204,15,1040,11.762044786247456,43.87037158398614
1277,430.05,256.64,222,13,1041,11.77335444469577,43.89474328598567
4202,430.0,261.04,201,14,1042,11.784664103144085,43.91911215439585
9063,429.98,261.52,196,13,1043,11.7959737615924,43.94347988937028
6608,429.86,257.36,207,10,1044,11.807283420040715,43.96784082373027
1917,429.5,251.4,199,15,1045,11.81859307848903,43.992181356246945
3795,429.28,263.44,204,15,1046,11.829902736937346,44.01650942097048
2996,428.74,258.39,177,12,1047,11.84121239538566,44.04080688292903
1002,428.67,253.87,192,14,1048,11.852522053833974,44.0651003778625
8315,428.52,252.03,205,11,1049,11.863831712282288,44.08938537202791
2968,427.69,260.13,193,12,1050,11.875141370730603,44.11362332861011
4649,426.89,254.69,214,18,1051,11.886451029178918,44.13781594776272
3584,426.86,254.53,212,17,1052,11.897760687627233,44.16200686676171
893,425.92,252.62,197,15,1053,11.909070346075548,44.18614451428092
3372,425.29,255.59,181,14,1054,11.920380004523864,44.21024645857432
39,425.15000000000003,255.49,192,13,1055,11.931689662972179,44.23434046881754
7580,424.74,252.44,201,16,1056,11.942999321420492,44.258411243628096
5923,424.58,252.73,190,15,1057,11.954308979868808,44.28247295095272
6713,424.4,252.75,197,11,1058,11.965618638317123,44.30652445735569
5971,424.18,256.67,227,16,1059,11.976928296765438,44.33056349596553
9029,424.03000000000003,252.13,191,20,1060,11.988237955213753,44.35459403380732
8074,423.02,248.01,216,16,1061,11.999547613662068,44.378567333144225
5734,423.02,255.48,202,14,1062,12.010857272110382,44.402540632481134
6382,422.63,251.72,192,11,1063,12.022166930558697,44.42649182982112
6461,422.15,248.03,189,12,1064,12.033476589007012,44.450415824703335
3161,421.93,253.5,225,13,1065,12.044786247455328,44.474327351792425
2198,421.34000000000003,253.55,182,11,1066,12.056095905903643,44.49820544252717
993,421.22,251.72,203,15,1067,12.067405564351956,44.522076732647484
1097,420.95,243.94,193,16,1068,12.078715222800271,44.5459327213853
4436,420.92,248.14,204,16,1069,12.090024881248587,44.56978700996951
543,420.78000000000003,251.84,200,17,1070,12.1013345396969,44.59363336450354
5230,420.53999999999996,250.13,201,14,1071,12.112644198145215,44.61746611780869
8749,420.5,246.08,202,14,1072,12.12395385659353,44.641296604242356
7721,419.44,253.12,204,13,1073,12.135263515041846,44.66506701858181
7906,419.21,251.45,192,13,1074,12.146573173490161,44.68882439841024
7446,418.88,251.8,202,16,1075,12.157882831938476,44.712563076548975
4075,418.58,251.29999999999998,206,16,1076,12.16919249038679,44.7362847531516
6041,418.36,250.62,201,13,1077,12.180502148835105,44.75999396196109
2210,418.13,248.89,217,16,1078,12.19181180728342,44.783690136259565
9432,417.9,252.0,203,11,1079,12.203121465731735,44.80737327604704
9953,417.83,242.89,201,14,1080,12.21443112418005,44.83105244880941
1366,416.85,250.5,205,16,1081,12.225740782628366,44.85467608322053
1192,416.71,255.12,223,17,1082,12.23705044107668,44.87829178358147
4372,416.01,245.29,191,13,1083,12.248360099524994,44.9018678136915
7622,415.99,247.43,206,15,1084,12.259669757973308,44.9254427103658
8181,415.61,250.5,205,21,1085,12.270979416421623,44.94899607176104
10186,414.91,250.03,211,14,1086,12.282289074869938,44.972509762905375
9760,414.9,250.9,192,12,1087,12.293598733318253,44.99602288733185
8252,414.86,248.57,197,15,1088,12.304908391766569,45.01953374488683
9752,414.75,246.01,189,14,1089,12.316218050214884,45.043038368545254
8116,414.34,247.69,188,12,1090,12.327527708663197,45.066519756770994
8737,414.21999999999997,242.69,172,13,1091,12.338837367111513,45.0899943443823
344,413.97,247.10999999999999,191,12,1092,12.350147025559828,45.11345476404686
3548,413.9,251.29,188,14,1093,12.361456684008143,45.13691121668633
7745,413.34999999999997,244.17000000000002,181,12,1094,12.372766342456458,45.16033649984294
2664,413.32,245.13,198,18,1095,12.384076000904773,45.18376008284594
4589,413.07,241.91,196,12,1096,12.395385659353089,45.2071694979022
4938,412.93,251.1,199,13,1097,12.406695317801402,45.230570978908275
8717,412.93,243.55,182,15,1098,12.418004976249717,45.25397245991435
8283,412.73,244.98,213,15,1099,12.429314634698033,45.27736260656303
3468,412.73,250.25,188,14,1100,12.440624293146348,45.30075275321171
6352,411.76,245.73,213,13,1101,12.451933951594661,45.324087928226994
4396,411.6,253.43,204,12,1102,12.463243610042976,45.34741403575636
4413,411.4,245.11,209,15,1103,12.474553268491292,45.37072880892833
8140,411.4,245.56,205,15,1104,12.485862926939607,45.39404358210029
355,411.0,243.88,202,17,1105,12.49717258538792,45.41733568655746
5181,409.69,240.91,190,15,1106,12.508482243836236,45.44055355097365
2234,409.59,243.23,196,13,1107,12.519791902284553,45.463765748211145
10068,409.44,242.96,187,11,1108,12.531101560732866,45.48696944468059
6350,409.07,250.25,179,14,1109,12.542411219181183,45.51015217258884
2075,409.02,246.9,194,15,1110,12.553720877629496,45.53333206690775
6159,408.5,244.51,178,16,1111,12.56503053607781,45.55648249189741
8472,408.32,247.13,197,15,1112,12.576340194526125,45.579622715965414
2468,407.88,243.04,195,13,1113,12.587649852974439,45.60273800444713
9972,407.68,243.61,202,15,1114,12.598959511422755,45.62584195857146
2689,407.54,240.31,202,16,1115,12.610269169871069,45.64893797864561
1071,407.52,241.44,199,13,1116,12.621578828319386,45.67203286528401
3253,407.38,244.86,211,12,1117,12.6328884867677,45.69511981787224
3077,407.18,247.34,172,10,1118,12.644198145216015,45.718195436103066
9863,407.06,243.25,195,16,1119,12.655507803664328,45.74126425371946
3020,406.69,238.7,197,13,1120,12.666817462112645,45.764312102774646
7685,406.56,240.3,196,14,1121,12.678127120560958,45.78735258449753
2947,406.40999999999997,238.66,191,18,1122,12.689436779009275,45.81038456545237
6522,406.32,239.28,199,11,1123,12.700746437457589,45.83341144594637
9788,406.04,238.85999999999999,185,10,1124,12.712056095905904,45.85642245834001
8821,405.98,240.31,193,13,1125,12.723365754354218,45.87943007042644
280,405.92,241.04,199,13,1126,12.734675412802535,45.90243428220565
1823,405.6,243.84,209,12,1127,12.745985071250848,45.925420359013
7100,405.09,238.31,192,16,1128,12.757294729699161,45.948377533209
2762,405.0,239.62,190,11,1129,12.768604388147478,45.97132960694416
2312,403.57,241.87,179,12,1130,12.779914046595792,45.994200640023905
10253,403.56,237.15,185,13,1131,12.791223705044107,46.0170711063858
5999,403.24,246.8,193,13,1132,12.802533363492422,46.03992343777584
7639,402.8,245.7,193,11,1133,12.813843021940738,46.0627508335796
9032,402.63,234.86,179,13,1134,12.825152680389051,46.08556859517957
711,402.21,237.17,182,15,1135,12.836462338837368,46.108362554629004
7806,402.15,243.32,177,14,1136,12.847771997285681,46.13115311377122
9213,401.89,234.65,194,15,1137,12.859081655733998,46.15392893824881
6008,400.96,238.6,205,16,1138,12.870391314182312,46.17665205796449
8016,400.95,239.47,202,11,1139,12.881700972630627,46.1993746109623
7231,400.79,236.36,206,13,1140,12.89301063107894,46.222088096474195
2171,400.47,240.84,200,15,1141,12.904320289527258,46.24478344701424
1312,400.36,228.71,183,14,1142,12.915629947975571,46.267472563657726
392,400.25,242.33,176,15,1143,12.926939606423888,46.29015544640463
1805,400.19,232.39,173,13,1144,12.938249264872201,46.312834928844325
8091,399.85,240.66,204,15,1145,12.949558923320515,46.33549514287644
4556,399.06,234.53,184,12,1146,12.96086858176883,46.35811058619682
5724,398.86,235.74,157,10,1147,12.972178240217143,46.380714695159796
9256,398.12,238.14000000000001,204,14,1148,12.98348789866546,46.4032768670004
2181,398.04,240.79,191,13,1149,12.994797557113774,46.42583450509804
2802,397.77,234.99,183,10,1150,13.006107215562091,46.44837684181319
8504,397.54,232.11,176,14,1151,13.017416874010404,46.470906144017334
10118,397.53000000000003,233.05,177,12,1152,13.02872653245872,46.49343487950361
6370,397.43,242.85,180,12,1153,13.040036190907035,46.51595794781118
9484,397.28,237.54,194,12,1154,13.05134584935535,46.538472515350705
7362,397.26,233.96,188,11,1155,13.062655507803663,46.56098594945448
3168,396.94,235.35999999999999,188,11,1156,13.07396516625198,46.58348124858642
9391,396.87,240.5,191,13,1157,13.085274824700294,46.60597258069327
9401,396.57,236.64,205,15,1158,13.096584483148611,46.628446911264014
911,396.48,227.66,189,10,1159,13.107894141596924,46.65091614137394
2067,396.36,232.77,190,14,1160,13.11920380004524,46.67337857086942
683,395.99,238.56,175,10,1161,13.130513458493553,46.695820031803706
9697,395.72,235.47,175,15,1162,13.141823116941866,46.718246191355504
4690,395.63,237.66,197,16,1163,13.153132775390183,46.74066725044647
4467,395.33,230.39000000000001,205,16,1164,13.164442433838497,46.763071308001344
8669,395.13,233.23,184,15,1165,13.175752092286814,46.785464031198806
1825,395.08,231.85,174,12,1166,13.187061750735127,46.80785392080693
201,395.06,236.84,191,13,1167,13.198371409183443,46.83024267697931
1821,394.11,240.5,187,12,1168,13.209681067631756,46.852577594954035
1334,393.69,236.71,197,16,1169,13.220990726080073,46.87488871077822
9194,393.58,234.6,192,12,1170,13.232300384528386,46.89719359270584
10271,392.8,235.89,180,13,1171,13.243610042976703,46.9194542706396
7015,392.79,236.46,189,10,1172,13.254919701425017,46.94171438185549
4465,392.75,233.51,190,12,1173,13.266229359873332,46.9639722261999
7934,392.65,237.07,184,15,1174,13.277539018321646,46.98622440336561
1429,392.46,234.36,178,12,1175,13.288848676769963,47.008465812891785
8269,392.34,235.89,180,15,1176,13.300158335218276,47.03070042180352
3728,392.23,237.72,187,12,1177,13.311467993666593,47.05292879681869
6888,392.18,234.64,177,12,1178,13.322777652114906,47.07515433824451
6544,392.06,229.77,177,14,1179,13.33408731056322,47.09737307905589
3330,391.84,237.96,180,11,1180,13.345396969011535,47.119579352074126
9891,391.6,240.03,203,17,1181,13.35670662745985,47.14177202386348
8692,390.97,233.91,174,12,1182,13.368016285908165,47.16392899242703
3799,390.86,237.01,186,11,1183,13.379325944356479,47.186079727094004
7109,390.53000000000003,233.41,183,11,1184,13.390635602804796,47.20821176007128
8894,390.4,229.97,192,12,1185,13.40194526125311,47.23033642571623
4377,389.88,237.75,177,10,1186,13.413254919701426,47.252431622031956
1524,389.56,233.08,192,10,1187,13.42456457814974,47.274508683375835
4221,389.38,231.63,173,18,1188,13.435874236598055,47.29657554379805
6936,389.25,225.58,195,16,1189,13.447183895046368,47.318635036887954
3713,388.9,231.88,175,11,1190,13.458493553494685,47.34067469485241
7433,388.77,232.95,206,14,1191,13.469803211942999,47.362706985484564
4907,388.33,228.42,174,9,1192,13.481112870391316,47.38471434053043
6904,388.26,233.49,183,12,1193,13.49242252883963,47.40671772855121
7526,388.11,231.73,189,12,1194,13.503732187287945,47.42871261580393
4101,387.51,222.67000000000002,179,9,1195,13.515041845736258,47.45067349998446
7319,387.21,235.4,167,14,1196,13.526351504184575,47.472617382628876
2032,386.69,234.25,187,15,1197,13.537661162632888,47.49453179594406
5238,386.15,228.19,187,13,1198,13.548970821081202,47.51641560649427
7576,386.1,231.78,189,16,1199,13.560280479529519,47.53829658345513
5333,386.1,231.88,173,10,1200,13.571590137977832,47.56017756041598
9719,385.47,228.34,175,8,1201,13.582899796426148,47.58202283415102
7948,385.39,230.35,199,13,1202,13.594209454874463,47.60386357414311
2112,385.34000000000003,232.57,174,14,1203,13.605519113322778,47.62570148054584
1682,385.17,235.73,169,14,1204,13.616828771771091,47.647529752744795
4664,385.11,240.11,176,13,1205,13.628138430219408,47.66935462463652
7887,384.49,228.95000000000002,196,12,1206,13.639448088667722,47.691144360020296
6541,384.47,232.73,169,13,1207,13.650757747116039,47.71293296196835
8901,384.1,227.39,189,13,1208,13.662067405564352,47.73470059535519
8976,383.84000000000003,222.8,166,15,1209,13.673377064012668,47.75645349407743
2458,383.56,233.17000000000002,189,12,1210,13.684686722460981,47.77819052469931
6010,383.55,232.65,170,11,1211,13.695996380909298,47.79992698860332
1266,383.1,223.89000000000001,178,11,1212,13.707306039357611,47.82163795020317
1832,382.85,227.03,164,12,1213,13.718615697805928,47.84333474385627
9620,382.27,232.01,167,11,1214,13.729925356254242,47.86499866787292
3420,382.18,226.28,178,13,1215,13.741235014702555,47.886657491428736
732,382.01,220.83,158,10,1216,13.75254467315087,47.90830668078076
4261,381.44,222.65,175,13,1217,13.763854331599184,47.92992356721419
208,381.42,231.81,187,12,1218,13.775163990047501,47.951539320211886
5302,381.27,226.01,185,15,1219,13.786473648495814,47.973146572441536
7994,381.15,226.54,190,16,1220,13.797783306944131,47.994747024056736
2507,381.06,226.23,178,20,1221,13.809092965392445,48.01634237521111
10026,381.05,224.18,190,15,1222,13.82040262384076,48.03793715964762
9187,380.92,228.57999999999998,190,13,1223,13.831712282289073,48.05952457675182
4295,380.82,227.31,168,11,1224,13.84302194073739,48.0811063266773
8298,380.39,230.09,180,14,1225,13.854331599185704,48.102663707734386
1147,380.19,224.69,192,12,1226,13.865641257634021,48.12420975443407
6554,380.05,222.53,196,17,1227,13.876950916082334,48.14574786708358
3819,379.95,226.78,186,10,1228,13.88826057453065,48.167280312554375
2246,379.85,223.99,196,14,1229,13.899570232978963,48.18880709084648
1780,379.69,228.76,166,9,1230,13.91087989142728,48.21032480165266
1345,379.54,225.92,168,15,1231,13.922189549875593,48.23183401169079
1894,379.22,225.41,164,16,1232,13.933499208323907,48.25332508675709
9954,379.15,228.19,183,13,1233,13.944808866772224,48.27481219479829
2373,379.03000000000003,230.13,184,14,1234,13.956118525220537,48.29629250222505
2808,378.42,220.07999999999998,169,14,1235,13.967428183668854,48.31773823986175
5738,378.4,227.22,180,15,1236,13.978737842117168,48.3391828440627
4518,378.08,230.02,192,14,1237,13.990047500565483,48.36060931329181
6956,377.97,226.52,185,15,1238,14.001357159013796,48.38202954862435
3305,377.48,220.75,187,14,1239,14.012666817462113,48.40342201478126
463,376.89,229.52,176,13,1240,14.023976475910427,48.424781044583845
2594,376.81,222.99,189,13,1241,14.035286134358744,48.44613554064347
9812,376.34,220.59,179,14,1242,14.046595792807057,48.467463400963204
7550,376.24,230.42,205,16,1243,14.057905451255372,48.488785594104236
2952,375.93,226.5,185,15,1244,14.069215109703686,48.510090218991294
6203,375.93,226.18,175,10,1245,14.080524768152003,48.53139484387836
9297,375.63,225.18,184,16,1246,14.091834426600316,48.552682467229324
7182,375.39,216.42,170,13,1247,14.103144085048633,48.5739564893514
545,375.29,223.46,184,15,1248,14.114453743496947,48.59522484429479
4778,375.22,224.02,173,13,1249,14.12576340194526,48.61648923221308
1449,375.21,230.13,181,11,1250,14.137073060393575,48.637753053413505
6169,375.15,225.71,172,14,1251,14.14838271884189,48.659013474306704
216,374.87,228.15,172,12,1252,14.159692377290206,48.68025802709954
1154,374.86,221.08,153,7,1253,14.17100203573852,48.70150201317451
1337,374.56,221.6,165,15,1254,14.182311694186836,48.72272899771339
8946,374.33,220.44,180,13,1255,14.19362135263515,48.743942947741246
8825,374.19,226.42,178,11,1256,14.204931011083467,48.76514896371892
1059,373.89,221.19,191,10,1257,14.21624066953178,48.7863379781605
2863,373.7,225.74,170,16,1258,14.227550327980095,48.807516224962555
504,373.7,224.54,169,13,1259,14.238859986428409,48.8286944717646
2701,373.42,222.13,159,10,1260,14.250169644876726,48.849856850466296
534,373.1,226.8,167,10,1261,14.26147930332504,48.871001094196146
6592,373.05,221.03,172,11,1262,14.272788961773356,48.89214250433665
4567,372.78,222.35,171,11,1263,14.28409862022167,48.91326861309466
7470,372.78,221.91,164,15,1264,14.295408278669985,48.93439472185267
1939,372.7,219.92,172,10,1265,14.306717937118298,48.95551629686772
2625,372.36,224.82,170,16,1266,14.318027595566612,48.97661860347519
6584,372.17,227.25,173,9,1267,14.329337254014929,48.99771014244313
9825,371.82,222.53,174,15,1268,14.340646912463242,49.01878184628562
9638,371.48,223.32999999999998,180,11,1269,14.35195657091156,49.03983428172053
2263,371.44,223.02,164,11,1270,14.363266229359873,49.06088445028395
3101,371.3,217.7,178,11,1271,14.374575887808188,49.0819266847972
6837,371.11,218.28,166,11,1272,14.385885546256501,49.102958151670926
8932,370.83,222.59,176,11,1273,14.397195204704818,49.123973750444286
3352,370.13,217.4,186,14,1274,14.408504863153132,49.14494967896674
2398,369.6,214.99,174,15,1275,14.419814521601449,49.165895571442086
10145,369.54,218.24,171,14,1276,14.431124180049762,49.186838063610224
4965,369.52,218.09,159,9,1277,14.442433838498077,49.20777942234261
4431,369.41,220.07,167,12,1278,14.453743496946391,49.228714547178434
9717,369.33,224.82,186,12,1279,14.465053155394708,49.24964513827128
4961,368.65999999999997,222.44,190,15,1280,14.476362813843021,49.27053775926686
1219,368.64,223.04,153,10,1281,14.487672472291338,49.29142924682669
1726,368.41,223.51,193,17,1282,14.498982130739652,49.312307699875504
7424,367.74,218.37,178,11,1283,14.510291789187965,49.33314818282704
2725,367.37,216.75,182,10,1284,14.521601447636282,49.35396769721737
3288,366.99,218.14000000000001,181,13,1285,14.532911106084596,49.37476567632865
6265,366.88,219.28,181,11,1286,14.544220764532911,49.39555742154336
4071,366.7,219.55,163,10,1287,14.555530422981224,49.4163389658364
5657,366.6,222.53,195,11,1288,14.566840081429541,49.437114842950756
4678,366.42,219.09,170,13,1289,14.578149739877855,49.457880519143444
7521,366.15999999999997,215.46,167,14,1290,14.589459398326172,49.478631460671515
8291,366.0,215.64,167,10,1291,14.600769056774485,49.49937333471366
6080,366.0,219.34,182,11,1292,14.6120787152228,49.520115208755804
6237,365.93,218.56,172,12,1293,14.623388373671114,49.54085311577286
8843,365.7,223.09,186,11,1294,14.63469803211943,49.56157798827891
9025,365.56,216.88,175,14,1295,14.646007690567744,49.58229492673478
7101,365.49,220.96,152,8,1296,14.657317349016061,49.60300789816556
4373,365.14,216.08,167,11,1297,14.668627007464375,49.62370103447088
1142,365.13,223.43,186,12,1298,14.67993666591269,49.644393604058344
5617,365.1,213.06,150,8,1299,14.691246324361003,49.665084473492186
614,364.78,220.08,177,15,1300,14.70255598280932,49.685757207954204
3311,364.35,216.37,172,12,1301,14.713865641257634,49.7064055735478
346,364.04,219.73,175,14,1302,14.725175299705947,49.727036370887426
8231,364.03,215.33,164,10,1303,14.736484958154264,49.74766660150918
1423,363.71,214.83,174,12,1304,14.747794616602578,49.7682786971591
2443,362.63,214.63,192,13,1305,14.759104275050895,49.788829587279054
6107,362.5,214.15,151,13,1306,14.770413933499208,49.8093731100667
1260,362.43,219.44,168,10,1307,14.781723591947523,49.829912665829255
8531,362.42,219.85,165,9,1308,14.793033250395837,49.85045165487394
3682,362.0,210.94,172,11,1309,14.804342908844154,49.870966841768094
7496,361.79,220.16,179,13,1310,14.815652567292467,49.89147012758697
5927,361.53,214.68,179,13,1311,14.826962225740784,49.91195867874123
2868,360.75,212.13,168,11,1312,14.838271884189098,49.93240302590162
497,360.22,207.68,174,13,1313,14.849581542637413,49.952817337014906
1863,359.9,214.28,191,12,1314,14.860891201085726,49.97321351315635
7243,359.61,217.15,177,14,1315,14.872200859534043,49.99359325447957
8442,359.55,210.93,172,13,1316,14.883510517982357,50.01396959549557
7536,359.29,222.32,173,11,1317,14.894820176430674,50.034331201846946
8482,359.27,214.58,162,12,1318,14.906129834878987,50.05469167476257
1468,359.0,212.4,183,12,1319,14.9174394933273,50.07503684629573
9459,358.9,210.71,168,10,1320,14.928749151775616,50.09537635065017
9667,358.58,216.75,182,14,1321,14.94005881022393,50.11569772003277
211,358.43,208.72,202,13,1322,14.951368468672246,50.13601058864733
770,358.41,212.0,173,14,1323,14.96267812712056,50.15632232382614
2638,358.13,217.93,157,15,1324,14.973987785568877,50.1766181909046
5924,357.95,217.49,186,13,1325,14.98529744401719,50.19690385706139
10262,357.82,208.47,183,14,1326,14.996607102465505,50.21718215588587
5607,357.62,213.12,176,9,1327,15.007916760913819,50.23744912035296
5909,357.33,215.8,161,11,1328,15.019226419362136,50.25769965000181
2640,356.73,213.37,154,10,1329,15.03053607781045,50.277916176578465
569,356.7,209.51,154,11,1330,15.041845736258766,50.2981310030015
5475,356.57,217.63,160,10,1331,15.05315539470708,50.318338462092235
9871,356.53,214.24,170,11,1332,15.064465053155395,50.338543654311486
7882,356.36,214.07,155,9,1333,15.07577471160371,50.35873921232695
5831,356.22,212.25,168,13,1334,15.087084370052025,50.37892683629224
664,356.16,208.91,165,11,1335,15.098394028500339,50.3991110599503
4126,355.92,210.37,146,11,1336,15.109703686948652,50.41928168237949
1214,355.56,211.44,182,12,1337,15.12101334539697,50.439431902965346
8814,355.31,212.1,178,11,1338,15.132323003845283,50.45956795560447
994,354.75,210.82,158,12,1339,15.1436326622936,50.47967227204286
9823,354.42,207.29,169,11,1340,15.154942320741913,50.49975788679155
9383,354.28,210.74,170,8,1341,15.166251979190228,50.519835567490055
4750,354.24,208.96,175,10,1342,15.177561637638542,50.53991098131707
6018,354.08,209.87,164,14,1343,15.188871296086859,50.55997732765818
1882,353.15,210.63,155,8,1344,15.200180954535172,50.579990969237365
554,353.14,211.63,148,11,1345,15.21149061298349,50.60000404409869
7828,352.93,210.38,167,12,1346,15.222800271431803,50.620005217884746
2059,352.81,209.22,152,12,1347,15.234109929880118,50.63999959105636
4666,352.74,211.23,183,14,1348,15.245419588328431,50.65998999720288
5760,352.71,211.33,195,13,1349,15.256729246776748,50.67997870319579
2974,352.06,212.71,166,13,1350,15.268038905225062,50.699930572527165
1447,351.97,210.26,155,8,1351,15.279348563673379,50.71987734139769
6207,351.85,209.14,153,12,1352,15.290658222121692,50.73981730965378
901,351.52,204.92,167,15,1353,15.301967880570006,50.75973857622016
8373,351.42,211.67000000000002,156,12,1354,15.313277539018323,50.779654175607845
9331,351.08,207.96,188,13,1355,15.324587197466636,50.79955050658794
3958,350.93,206.45,142,8,1356,15.335896855914951,50.819438336800005
9787,350.67,210.18,164,13,1357,15.347206514363265,50.839311432347436
8556,350.63,213.85999999999999,163,11,1358,15.358516172811582,50.859182261023385
7780,350.44,207.92,162,12,1359,15.369825831259895,50.87904232205981
6093,350.14,209.7,177,14,1360,15.381135489708212,50.898885381560135
9292,350.05,214.96,144,9,1361,15.392445148156526,50.91872334059963
9366,349.9,208.48,173,15,1362,15.40375480660484,50.938552798871065
2480,349.86,214.95,163,8,1363,15.415064465053154,50.95837999027103
9111,349.1,207.68,162,14,1364,15.426374123501471,50.97816411111287
2916,348.93,212.99,173,16,1365,15.437683781949785,50.99793859775092
5418,348.83,203.95,160,13,1366,15.448993440398102,51.01770741721027
5284,348.78,209.56,173,9,1367,15.460303098846415,51.03747340308027
814,348.35,211.98,160,10,1368,15.47161275729473,51.057215020081856
9971,348.34,204.02,141,11,1369,15.482922415743044,51.076956070365576
7517,347.94,208.89,151,6,1370,15.494232074191357,51.0966744519345
3985,347.62,211.2,199,12,1371,15.505541732639674,51.11637469853157
6369,347.0,207.61,152,11,1372,15.516851391087988,51.136039808620716
1791,346.92,210.43,166,13,1373,15.528161049536305,51.1557003849669
815,346.4,206.16,173,13,1374,15.539470707984618,51.17533149198383
6163,346.12,206.1,156,12,1375,15.550780366432933,51.19494673090041
9685,346.07,204.03,161,11,1376,15.562090024881247,51.21455913622764
1343,345.48,201.11,170,14,1377,15.573399683329564,51.23413810520054
7003,345.27,211.25,148,9,1378,15.584709341777877,51.253705173098176
6995,345.08,204.26,163,10,1379,15.596019000226194,51.27326147335627
8391,344.92,204.6,157,12,1380,15.607328658674508,51.29280870612845
435,344.8,210.4,165,11,1381,15.618638317122823,51.312349138286194
9806,344.58,203.88,156,10,1382,15.629947975571138,51.33187710265079
3719,344.52,205.68,160,11,1383,15.641257634019453,51.35140166670816
2990,344.31,201.69,152,10,1384,15.652567292467767,51.37091432969028
5903,344.27,204.4,159,11,1385,15.663876950916084,51.39042472580091
3759,343.97,209.8,162,10,1386,15.675186609364397,51.409918120375444
9668,343.78000000000003,207.60999999999999,160,12,1387,15.68649626781271,51.42940074731044
2743,343.77,209.28,157,8,1388,15.697805926261028,51.44888280752756
9396,343.74,206.79,145,11,1389,15.709115584709341,51.46836316759108
3196,343.39,200.44,161,12,1390,15.720425243157656,51.487823692529155
446,342.9,202.4,158,15,1391,15.73173490160597,51.50725644829159
2218,342.85,207.1,149,8,1392,15.743044560054287,51.52668637046468
8683,342.42,202.07,156,9,1393,15.7543542185026,51.54609192376937
5465,342.21,206.33,160,8,1394,15.765663876950917,51.56548557599877
9595,342.19,207.07,171,10,1395,15.77697353539923,51.58487809479243
1844,341.89,206.2,155,13,1396,15.788283193847546,51.60425361205
4350,341.81,198.16,153,11,1397,15.79959285229586,51.62362459556461
2061,341.79,202.02,150,10,1398,15.810902510744176,51.64299444564349
8397,341.6,204.24,176,11,1399,15.82221216919249,51.66235352808282
3269,341.46999999999997,202.99,157,8,1400,15.833521827640807,51.681705243189846
3499,341.41,204.79,155,13,1401,15.84483148608912,51.70105355798965
2341,341.35,196.98,161,13,1402,15.856141144537435,51.720398472482245
1470,341.21999999999997,205.2,173,14,1403,15.86745080298575,51.739736019642514
1487,341.09,200.14,164,10,1404,15.878760461434066,51.75906619947048
8668,341.01,195.95,153,10,1405,15.89007011988238,51.7783918455555
6733,340.88,204.67000000000002,161,14,1406,15.901379778330693,51.79771012430818
5381,340.71,200.37,168,11,1407,15.91268943677901,51.817018768857096
1298,340.35,203.12,175,14,1408,15.923999095227323,51.836307011562674
2158,340.3,205.28,155,11,1409,15.93530875367564,51.85559242067892
8467,340.0,199.92,163,11,1410,15.946618412123954,51.87486082825905
7021,339.93,197.47,165,12,1411,15.957928070572269,51.89412526881411
2614,339.75,207.39,162,14,1412,15.969237729020582,51.91337950844749
9065,339.48,202.21,136,9,1413,15.9805473874689,51.932618446698385
10000,339.21,197.54,152,10,1414,15.991857045917213,51.95184208356679
9090,339.16,203.68,177,12,1415,16.00316670436553,51.97106288684586
6944,338.93,204.15,168,9,1416,16.01447636281384,51.9902706556139
8892,338.92,203.37,189,12,1417,16.02578602126216,52.00947785766408
8241,338.52,201.06,167,12,1418,16.037095679710472,52.02866239099946
4195,338.48,199.33,136,10,1419,16.048405338158787,52.04784465746335
5685,338.39,202.39000000000001,157,12,1420,16.059714996607102,52.06702182346642
9019,338.13,200.13,166,9,1421,16.071024655055417,52.08618425480487
8653,337.91,201.65,172,16,1422,16.082334313503733,52.10533421835017
5476,337.9,201.58,160,11,1423,16.093643971952044,52.12448361517762
5639,337.89,207.81,156,10,1424,16.104953630400363,52.14363244528718
1159,337.78,204.64000000000001,160,11,1425,16.116263288848675,52.162775041500176
571,337.55,199.54999999999998,168,13,1426,16.127572947296994,52.18190460320217
5278,337.1,197.41,146,11,1427,16.138882605745305,52.2010086626
5768,336.71,203.35,158,10,1428,16.15019226419362,52.2200906200009
1135,336.67,206.9,152,11,1429,16.161501922641936,52.23917031053033
1587,336.65,201.24,147,10,1430,16.17281158109025,52.258248867624026
3463,336.36,201.42000000000002,150,13,1431,16.184121239538566,52.277310989899476
7307,336.35,198.43,171,13,1432,16.19543089798688,52.29637254545706
3470,336.18,203.8,173,13,1433,16.206740556435197,52.31542446681085
354,336.16,199.49,143,10,1434,16.21805021488351,52.334475254728915
7534,336.02,201.36,166,12,1435,16.229359873331823,52.353518108596795
6069,335.96,200.22,157,13,1436,16.240669531780142,52.37255756215745
1553,335.81,202.3,159,11,1437,16.251979190228454,52.39158851495006
7621,335.45,199.77,155,14,1438,16.263288848676773,52.41059906589933
3436,335.34,200.0,158,11,1439,16.274598507125084,52.42960338295205
5809,334.84,201.02,163,12,1440,16.2859081655734,52.44857936411127
9837,334.71,200.45,170,11,1441,16.297217824021715,52.46754797793817
1499,334.58,204.1,167,10,1442,16.30852748247003,52.486509224432766
2194,334.47,201.68,149,9,1443,16.319837140918345,52.505464237030786
9967,334.43,198.07,151,9,1444,16.331146799366657,52.52441698275733
1193,334.37,197.32,182,13,1445,16.342456457814976,52.54336632817665
9461,334.08,196.18,165,12,1446,16.353766116263287,52.56229923877774
6950,333.94,196.17000000000002,177,9,1447,16.365075774711606,52.58122421532866
6736,333.76,200.56,163,12,1448,16.376385433159918,52.60013899095791
177,333.61,195.6,155,13,1449,16.387695091608233,52.61904526581912
7835,333.18,194.33,166,13,1450,16.399004750056548,52.63792717181192
6039,333.09,197.56,154,10,1451,16.410314408504863,52.65680397734388
7905,333.01,201.96,150,11,1452,16.42162406695318,52.675676249132884
2749,332.97,196.65,149,8,1453,16.432933725401494,52.6945462540504
3560,332.91,197.72,152,11,1454,16.44424338384981,52.71341285866071
955,332.4,198.66,146,8,1455,16.455553042298124,52.732250560659644
7929,332.22,200.2,172,14,1456,16.466862700746436,52.75107806173692
7641,332.06,191.05,159,13,1457,16.47817235919475,52.769896495328275
2674,331.19,192.43,149,11,1458,16.489482017643066,52.78866562446494
2245,331.06,192.65,130,10,1459,16.50079167609138,52.80742738626929
6841,331.06,198.59,179,14,1460,16.512101334539697,52.82618914807365
4881,330.58,197.48,185,13,1461,16.523410992988012,52.84492370742024
8326,330.4,196.66,161,11,1462,16.534720651436327,52.86364806584518
242,330.06,197.76,170,9,1463,16.546030309884642,52.882353155862525
9276,329.94,192.92,146,8,1464,16.557339968332958,52.901051445265445
3979,329.73,199.64,144,13,1465,16.56864962678127,52.91973783359308
5494,329.46999999999997,198.23,134,10,1466,16.579959285229588,52.93840948725611
8760,328.15,202.93,156,9,1467,16.5912689436779,52.95700633416028
4408,327.93,191.51,142,9,1468,16.602578602126215,52.97559071327134
7940,327.65999999999997,194.48,151,12,1469,16.61388826057453,52.99415979099989
5682,327.32,194.65,157,9,1470,16.625197919022845,53.01270960032086
7189,327.24,196.79,147,12,1471,16.63650757747116,53.03125487589887
4078,327.03000000000003,197.22,155,10,1472,16.647817235919476,53.049788250401605
5144,327.01,196.18,161,11,1473,16.65912689436779,53.06832049146861
1958,326.88,189.97,135,8,1474,16.670436552816103,53.0868453652033
2437,326.85,191.43,175,18,1475,16.68174621126442,53.10536853878439
9307,326.73,192.9,164,7,1476,16.693055869712733,53.12388491175103
649,326.67,194.45,166,10,1477,16.70436552816105,53.14239788441045
9144,326.58,194.54,156,14,1478,16.715675186609364,53.16090575660905
4900,326.25,193.79,154,8,1479,16.72698484505768,53.17939492711792
2790,326.08,193.07999999999998,169,14,1480,16.738294503505994,53.19787446342301
9425,325.59000000000003,191.5,148,10,1481,16.74960416195431,53.21632623055247
1141,325.34000000000003,190.3,135,8,1482,16.760913820402624,53.23476382973518
7558,325.34,194.82,152,13,1483,16.77222347885094,53.2532014289179
3442,324.88,197.32,145,12,1484,16.78353313729925,53.27161295907858
5691,324.01,190.9,154,11,1485,16.79484279574757,53.28997518478459
9348,324.01,192.47,156,7,1486,16.80615245419588,53.30833741049058
3553,323.61,192.89,162,11,1487,16.8174621126442,53.32667696748178
7409,323.33,188.24,162,12,1488,16.828771771092512,53.34500065637262
8777,323.3,191.6,162,12,1489,16.840081429540827,53.363322645109854
9462,323.27,194.49,158,12,1490,16.851391087989143,53.38164293369347
8546,323.16,190.97,151,10,1491,16.862700746437458,53.399956988380524
1217,322.99,198.26,143,8,1492,16.874010404885773,53.418261408863785
1360,322.83,195.31,151,11,1493,16.885320063334085,53.436556761861134
1271,322.69,193.64,161,13,1494,16.896629721782404,53.45484418080828
5593,322.66,191.77,158,9,1495,16.907939380230715,53.47312989960184
2861,322.65,194.69,141,9,1496,16.919249038679034,53.491415051677514
7455,322.02,196.8,160,11,1497,16.930558697127346,53.509664500527386
1396,321.93,190.14,164,10,1498,16.94186835557566,53.527908848916425
4659,321.79,191.47,161,11,1499,16.953178014023976,53.5461452632553
8607,321.7,196.48,149,9,1500,16.96448767247229,53.564376577133324
3138,321.35,192.83,139,9,1501,16.975797330920606,53.58258805588589
7263,321.31,191.8,140,8,1502,16.98710698936892,53.600797267767
7546,321.05,187.91,149,12,1503,16.998416647817237,53.61899174498348
6009,320.83,189.25,133,9,1504,17.009726306265552,53.63717375440682
3714,320.69,188.02,148,12,1505,17.021035964713864,53.65534782977998
7758,320.63,192.34,159,12,1506,17.032345623162183,53.673518504845916
3763,320.59,193.39,129,6,1507,17.043655281610494,53.69168691304037
4796,320.51,194.66,134,8,1508,17.054964940058813,53.709850787491874
8548,320.51,192.74,150,9,1509,17.066274598507125,53.72801466194337
658,320.29,192.6,149,9,1510,17.07758425695544,53.74616606860173
1032,320.1,187.68,143,11,1511,17.088893915403755,53.764306707620555
9993,320.06,188.78,168,12,1512,17.10020357385207,53.78244507976792
7522,319.6,194.32,135,11,1513,17.111513232300386,53.800557382893246
4149,319.58,190.0,159,13,1514,17.122822890748697,53.81866855258283
7694,319.52,188.66,141,12,1515,17.134132549197016,53.836776321965196
1800,319.5,189.68,136,8,1516,17.145442207645328,53.85488295791183
3460,319.1,192.22,161,11,1517,17.156751866093643,53.87296692514365
48,319.01,195.01,161,9,1518,17.168061524541958,53.89104579191465
8069,318.94,185.14000000000001,142,8,1519,17.179371182990273,53.90912069166056
3647,318.79,190.4,140,9,1520,17.19068084143859,53.92718709063842
5985,318.48,187.06,154,10,1521,17.201990499886904,53.94523592136231
1701,317.87,188.55,159,12,1522,17.21330015833522,53.96325018229613
6685,317.43,190.24,143,11,1523,17.224609816783534,53.981239507643664
154,317.38,190.47,136,11,1524,17.23591947523185,53.99922599940186
10116,317.32,192.46,160,14,1525,17.247229133680165,54.01720909085282
9469,317.24,191.44,178,14,1526,17.258538792128476,54.03518764856082
1963,317.04,191.65,148,9,1527,17.26984845057679,54.05315487191144
5647,317.01,190.35999999999999,129,9,1528,17.281158109025107,54.07112039510843
5158,316.96,193.57,155,13,1529,17.292467767473422,54.08908308471608
4748,316.79,192.69,158,11,1530,17.303777425921737,54.107036140119945
187,316.68,184.64,145,13,1531,17.315087084370052,54.12498296162723
5530,316.67,182.17,158,9,1532,17.326396742818368,54.14292921641665
8245,316.65,194.12,137,9,1533,17.33770640126668,54.16087433777032
3854,316.38,189.2,136,10,1534,17.349016059714998,54.178804157741524
4983,316.27,184.63,146,10,1535,17.36032571816331,54.19672774381614
5631,315.91,187.73,152,8,1536,17.37163537661163,54.214630928047434
930,315.85,192.45,151,11,1537,17.38294503505994,54.23253071197151
7270,315.69,191.85,148,9,1538,17.394254693508255,54.250421428409666
1389,315.62,187.85,121,9,1539,17.40556435195657,54.26830817782273
6631,315.26,193.05,152,9,1540,17.416874010404886,54.28617452539248
9586,315.15999999999997,190.53,148,9,1541,17.4281836688532,54.30403520578353
2431,315.03000000000003,191.6,142,16,1542,17.439493327301516,54.321888518842265
9448,314.98,192.42,144,11,1543,17.45080298574983,54.33973899831166
1548,314.97,182.6,170,13,1544,17.462112644198143,54.35758891106317
5452,314.90999999999997,189.07,184,12,1545,17.473422302646462,54.37543542350747
3656,314.73,190.35999999999999,155,11,1546,17.484731961094774,54.393271735030105
10226,314.71999999999997,195.22,149,11,1547,17.49604161954309,54.411107479834875
5081,314.61,189.71,162,11,1548,17.507351277991404,54.42893699074307
7970,314.46,193.97,149,9,1549,17.51866093643972,54.44675800088321
9984,314.42,190.11,140,10,1550,17.529970594888034,54.464576744151884
1187,314.39,184.81,147,11,1551,17.54128025333635,54.482393787266936
310,314.23,182.61,131,8,1552,17.552589911784665,54.50020176289607
6208,314.2,185.05,145,14,1553,17.56389957023298,54.518008038371605
7560,314.08,194.66,138,8,1554,17.57520922868129,54.53580751323268
5140,313.85,182.09,142,8,1555,17.58651888712961,54.553593953582755
2641,313.73,190.76,147,9,1556,17.597828545577922,54.5713735933184
8473,313.5,191.32,156,9,1557,17.60913820402624,54.58914019854302
7464,313.48,190.05,134,6,1558,17.620447862474553,54.606905670331905
4547,313.25,190.19,146,12,1559,17.631757520922868,54.62465810760978
10104,312.65,190.54,129,8,1560,17.643067179371183,54.642376541815466
9311,312.63,189.07,155,11,1561,17.6543768378195,54.6600938425854
6346,312.59,190.14000000000001,136,8,1562,17.665686496267814,54.677808876483844
5899,312.49,190.91,134,12,1563,17.676996154716125,54.6955182432036
8862,312.15,181.72,144,12,1564,17.688305813164444,54.71320834151578
1232,311.84000000000003,184.38,160,9,1565,17.699615471612756,54.73088087157399
3173,311.48,188.01,152,12,1566,17.71092513006107,54.74853299978887
3532,311.39,181.79,140,7,1567,17.722234788509386,54.76618002754293
6698,311.33,183.26,146,11,1568,17.7335444469577,54.78382365498976
3586,311.22,194.26,143,9,1569,17.744854105406016,54.80146104854002
9241,311.06,178.14,140,10,1570,17.75616376385433,54.81908937460437
4726,311.06,189.64000000000001,142,9,1571,17.767473422302647,54.83671770066872
4969,310.67,183.31,134,9,1572,17.778783080750962,54.854323924736136
1611,310.59,182.18,159,12,1573,17.790092739199277,54.87192561506059
1267,310.0,180.35,145,11,1574,17.801402397647593,54.889493869030716
7283,309.67,185.98,166,10,1575,17.812712056095904,54.90704342131113
7963,309.58,185.2,149,10,1576,17.824021714544223,54.92458787313071
2273,309.54,186.19,153,13,1577,17.835331372992535,54.94213005807882
6714,309.1,180.51,136,7,1578,17.84664103144085,54.95964730744065
6971,308.72,186.6,153,11,1579,17.857950689889165,54.97714302152341
8520,308.32,178.34,131,8,1580,17.86926034833748,54.99461606689137
8179,308.02,184.98,162,11,1581,17.880570006785796,55.012072110723246
6398,307.78,185.81,142,10,1582,17.891879665234107,55.02951455332622
7818,307.78,184.37,158,8,1583,17.903189323682426,55.04695699592921
2426,307.69,182.71,151,11,1584,17.914498982130738,55.06439433807135
2070,307.58,181.28,139,9,1585,17.925808640579056,55.08182544631695
6863,307.39,184.06,148,12,1586,17.937118299027368,55.099245786923
5324,307.34,179.83,154,11,1587,17.948427957475683,55.116663293939695
1539,306.71,186.02,128,9,1588,17.959737615924,55.13404509773059
8071,306.71,180.33,144,8,1589,17.971047274372314,55.15142690152148
2391,306.49,183.89,143,9,1590,17.98235693282063,55.16879623751924
2814,306.39,183.39000000000001,145,11,1591,17.993666591268944,55.18615990633828
5095,305.84,181.71,140,9,1592,18.00497624971726,55.203492405674496
364,305.84,183.43,137,8,1593,18.016285908165575,55.22082490501069
8943,305.83,183.39000000000001,151,10,1594,18.02759556661389,55.23815683762903
5196,305.7,183.67,125,10,1595,18.038905225062205,55.25548140291504
1874,305.22,185.35,153,14,1596,18.050214883510517,55.272778765743304
6617,305.04,184.24,134,9,1597,18.061524541958832,55.29006592764991
3950,304.78,181.25,151,10,1598,18.072834200407147,55.3073383548919
491,304.71,180.01,132,11,1599,18.084143858855462,55.32460681510879
7617,304.64,173.96,133,9,1600,18.095453517303778,55.3418713083006
7959,304.57,183.39,138,9,1601,18.106763175752093,55.3591318344673
5047,304.44,183.78,138,12,1602,18.118072834200408,55.3763849933017
8837,304.41,183.68,155,10,1603,18.12938249264872,55.393636451982495
9578,304.3,184.08,152,11,1604,18.14069215109704,55.41088167676672
3490,304.28,187.38,155,13,1605,18.15200180954535,55.4281257681152
3613,304.07,181.59,122,8,1606,18.16331146799367,55.445357958388406
5970,304.02,178.6,140,9,1607,18.17462112644198,55.46258731507228
1547,303.92,177.93,137,10,1608,18.185930784890296,55.47981100457744
2113,303.76,183.81,140,11,1609,18.19724044333861,55.49702562659669
2052,303.75,182.34,165,12,1610,18.208550101786926,55.51423968189806
6886,303.67,172.1,146,8,1611,18.21985976023524,55.531449203456475
875,303.16,180.01,130,9,1612,18.231169418683557,55.54862982240352
944,303.04,180.15,136,10,1613,18.242479077131872,55.56580364073612
93,302.98,184.45000000000002,134,10,1614,18.253788735580184,55.5829740587615
1089,302.56,177.92,148,9,1615,18.2650983940285,55.600120674636344
2613,302.36,180.96,159,8,1616,18.276408052476814,55.61725595615379
1554,301.89,183.9,149,11,1617,18.28771771092513,55.63436460193134
3406,301.84,183.83,148,8,1618,18.299027369373444,55.651470414119544
9115,301.79,187.88,141,9,1619,18.31033702782176,55.66857339271839
1093,301.6,180.57,133,12,1620,18.321646686270075,55.68566560367771
1897,301.36,183.12,136,10,1621,18.33295634471839,55.70274421340815
9535,301.33,182.97,149,10,1622,18.344266003166705,55.71982112298498
6488,301.24,176.6,139,13,1623,18.35557566161502,55.73689293210099
5957,301.08,176.27,142,11,1624,18.366885320063332,55.753955673731056
8834,300.99,186.07,121,7,1625,18.37819497851165,55.77101331490032
6604,300.88,183.32,147,13,1626,18.389504636959963,55.78806472217299
2919,300.84,182.63,144,9,1627,18.40081429540828,55.805113862574196
9014,300.82,175.17,138,13,1628,18.412123953856593,55.822161869539656
1195,300.78,180.32,139,11,1629,18.42343361230491,55.83920760963363
1838,300.52,181.73,130,9,1630,18.434743270753223,55.856238615063006
1024,300.36,177.8,137,14,1631,18.446052929201535,55.873260553006446
1235,300.24,180.31,142,10,1632,18.457362587649854,55.89027569033544
790,300.07,176.88,147,10,1633,18.468672246098166,55.90728119346065
7204,300.02,179.72,138,12,1634,18.479981904546484,55.92428386299652
2632,299.95,175.99,164,9,1635,18.491291562994796,55.94128256550728
9226,299.76,177.64000000000001,134,8,1636,18.50260122144311,55.95827050037852
1769,299.42,179.06,144,9,1637,18.513910879891426,55.97523916684219
7383,299.07,175.68,117,7,1638,18.52522053833974,55.992187998180384
602,298.59000000000003,176.28,145,11,1639,18.536530196788057,56.00910962706084
481,298.34,182.12,138,7,1640,18.547839855236372,56.02601708799454
9997,297.81,178.66,142,11,1641,18.559149513684687,56.04289451288113
8793,297.8,177.61,143,11,1642,18.570459172133003,56.05977137104986
6306,297.7,179.91,132,10,1643,18.581768830581318,56.07664256203987
9596,297.55,180.12,142,12,1644,18.593078489029633,56.09350525226184
3424,297.49,178.56,124,8,1645,18.604388147477945,56.1103645421766
9943,297.07,174.85,123,9,1646,18.615697805926263,56.1272000299408
3321,297.05,178.19,123,7,1647,18.627007464374575,56.14403438426927
4823,296.82,169.96,132,8,1648,18.63831712282289,56.16085570408673
8338,296.69,178.69,149,12,1649,18.649626781271206,56.17766965657188
8340,296.59,168.85,135,10,1650,18.66093643971952,56.19447794187833
4682,296.43,177.59,143,8,1651,18.672246098167836,56.21127715969886
1025,296.27,181.17,143,9,1652,18.683555756616148,56.22806731003347
2550,296.23,175.93,128,7,1653,18.694865415064466,56.244855193496605
1304,295.78,175.69,153,11,1654,18.706175073512778,56.261617574655574
5388,295.68,177.14,149,8,1655,18.717484731961097,56.27837428863586
381,295.62,173.10999999999999,125,7,1656,18.72879439040941,56.295127602308916
5433,295.33,175.59,149,12,1657,18.740104048857724,56.311864481163745
439,295.32,178.5,146,11,1658,18.75141370730604,56.3286007933007
7750,295.28,177.62,119,7,1659,18.762723365754354,56.34533483856619
540,295.24,174.59,132,7,1660,18.77403302420267,56.362066616960185
8462,295.15,173.58,153,10,1661,18.785342682650985,56.37879329489335
1394,295.07,176.17,135,10,1662,18.7966523410993,56.39551543908355
1890,295.06,171.92000000000002,131,7,1663,18.807961999547615,56.4122370165559
1615,294.94,176.7,140,9,1664,18.819271657995927,56.428951793413795
4595,294.27,177.09,141,7,1665,18.830581316444242,56.4456286001744
4263,293.98,176.85,135,7,1666,18.841890974892557,56.46228897211678
5833,293.75,178.10999999999999,146,8,1667,18.853200633340872,56.47893630954815
3395,293.69,173.07,138,8,1668,18.864510291789188,56.4955802466723
7485,293.61,176.05,127,9,1669,18.875819950237503,56.51221965005349
978,293.45,175.24,146,8,1670,18.887129608685818,56.528849985948746
8904,293.44,171.56,144,9,1671,18.898439267134133,56.54547975512615
6914,293.4,171.19,129,10,1672,18.90974892558245,56.56210725743206
3946,293.4,176.0,143,10,1673,18.92105858403076,56.57873475973798
8098,292.93,180.26,128,7,1674,18.93236824247908,56.59533562630401
8659,292.91,178.18,129,11,1675,18.94367790092739,56.611935359434305
1970,292.84000000000003,173.39,139,14,1676,18.95498755937571,56.6285311255395
8663,292.84,178.53,138,12,1677,18.96629721782402,56.64512689164469
9300,292.77,177.06,138,8,1678,18.977606876272336,56.661718690724804
5624,292.73,173.17,133,9,1679,18.98891653472065,56.67830822293344
9892,291.99,172.86,137,13,1680,19.000226193168967,56.69485581801968
5810,291.93,175.35999999999999,153,9,1681,19.011535851617282,56.711400012798705
5827,291.91,174.51,137,10,1682,19.022845510065594,56.727943074142004
336,291.90999999999997,179.79,142,10,1683,19.034155168513912,56.744486135485296
7098,291.75,176.05,130,9,1684,19.045464826962224,56.761020129342654
7191,291.63,172.99,125,7,1685,19.05677448541054,56.77754732258558
927,291.51,173.37,133,7,1686,19.068084143858854,56.79406771521407
5250,291.45,175.71,128,8,1687,19.07939380230717,56.81058470753534
7155,291.4,178.73,149,7,1688,19.090703460755485,56.82709886626726
7444,291.3,173.54,132,11,1689,19.1020131192038,56.84360735782048
2114,290.92,178.52,132,7,1690,19.113322777652115,56.86009431409463
4576,290.91,175.21,120,7,1691,19.12463243610043,56.87658070365092
337,290.75,178.73,123,9,1692,19.135942094548746,56.8930580257213
3285,290.62,175.92,120,8,1693,19.14725175299706,56.90952798045935
4341,290.45,173.78,119,6,1694,19.158561411445373,56.925988300993616
638,290.2,174.55,135,10,1695,19.16987106989369,56.94243445358113
1406,289.93,168.84,150,11,1696,19.181180728342003,56.95886530478616
6120,289.87,168.6,134,9,1697,19.192490386790322,56.975292755683974
8294,289.82,175.83,139,7,1698,19.203800045238633,56.991717372992426
8380,289.81,177.39,136,7,1699,19.21510970368695,57.00814142358301
5257,289.61,172.97,136,8,1700,19.226419362135264,57.024554139816196
3480,289.43,170.88,131,9,1701,19.237729020583576,57.04095665512773
8296,289.36,173.33,130,8,1702,19.249038679031894,57.05735520341416
5714,289.22,172.96,130,10,1703,19.260348337480206,57.07374581765041
487,289.13,168.57,136,8,1704,19.271657995928525,57.090131331425845
2548,288.94,170.9,126,10,1705,19.282967654376836,57.10650607756173
6021,288.79,168.55,133,9,1706,19.29427731282515,57.12287232292959
2115,288.79,170.31,121,9,1707,19.305586971273467,57.139238568297436
7764,288.73,171.54,136,9,1708,19.316896629721782,57.155601413358056
1420,288.56,169.3,155,12,1709,19.328206288170097,57.171954624214905
7304,288.15,171.55,134,7,1710,19.339515946618413,57.188284599639076
9585,287.94,173.25,135,8,1711,19.350825605066728,57.20460267398796
7085,287.87,169.97,149,7,1712,19.362135263515043,57.22091678131177
5594,287.81,173.41,130,10,1713,19.373444921963355,57.23722748832836
7297,287.61,174.25,137,10,1714,19.384754580411673,57.253526860987535
9167,287.53,178.21,139,8,1715,19.396064238859985,57.269821699903765
4211,287.38,171.89000000000001,146,8,1716,19.407373897308304,57.28610803805194
3005,287.34,175.5,124,8,1717,19.418683555756616,57.302392109328636
9447,287.32,170.61,128,11,1718,19.42999321420493,57.318675047169585
866,287.3,170.18,125,7,1719,19.441302872653246,57.334956851574816
6032,287.27,177.48,120,6,1720,19.45261253110156,57.351236955826415
3596,287.1,168.68,127,9,1721,19.463922189549876,57.36750742587423
1721,286.95,176.29,143,14,1722,19.475231847998188,57.38376939515399
10174,286.9,172.15,119,9,1723,19.486541506446507,57.400028530844416
8510,286.75,171.28,133,7,1724,19.49785116489482,57.41627916576678
1893,286.67,172.07,123,11,1725,19.509160823343137,57.432525266946186
3471,286.61,169.55,139,8,1726,19.52047048179145,57.44876796781837
8176,286.56,170.02,135,8,1727,19.531780140239764,57.46500783510121
117,286.52,171.58,115,8,1728,19.54308979868808,57.48124543551256
9564,286.49,173.95000000000002,139,10,1729,19.554399457136395,57.4974813357703
1663,286.48,169.85,135,8,1730,19.56570911558471,57.51371666931019
5171,286.28,171.31,134,8,1731,19.577018774033025,57.529940668492664
2791,285.69,168.81,140,9,1732,19.58832843248134,57.54613123132081
704,285.66,167.94,124,10,1733,19.599638090929655,57.562320093995346
1994,285.56,172.8,135,7,1734,19.610947749377967,57.57850328949118
2856,285.32,172.27,140,11,1735,19.622257407826282,57.594672883758136
4614,285.21,177.09,130,10,1736,19.633567066274598,57.610836244128514
1788,285.05,170.28,153,10,1737,19.644876724722913,57.62699053701298
188,285.04,173.2,137,12,1738,19.656186383171228,57.64314426317958
9622,285.04,168.42,118,7,1739,19.667496041619543,57.65929798934618
5846,285.01,167.55,123,9,1740,19.67880570006786,57.67545001535916
8919,284.95,166.02,129,7,1741,19.690115358516174,57.69159864106492
3267,284.8,175.7,138,11,1742,19.70142501696449,57.707738766002635
2525,284.7,170.26,134,13,1743,19.7127346754128,57.72387322376166
5464,284.69,165.63,140,11,1744,19.72404433386112,57.74000711480279
6750,284.68,171.03,131,11,1745,19.73535399230943,57.75614043912607
2449,284.64,171.33,125,10,1746,19.74666365075775,57.772271496577865
5676,284.6,175.60999999999999,125,11,1747,19.75797330920606,57.78840028715818
1777,283.94,169.05,129,8,1748,19.769282967654377,57.80449167435907
3149,283.82,169.99,114,11,1749,19.780592626102692,57.82057626094552
6209,283.65999999999997,170.24,147,10,1750,19.791902284551007,57.83665178004607
3577,283.53,167.96,132,9,1751,19.803211942999322,57.85271993181429
8163,283.52,171.22,131,8,1752,19.814521601447634,57.86878751686464
4468,283.08,164.43,129,10,1753,19.825831259895953,57.88483016632872
405,283.03,169.45,128,9,1754,19.837140918344264,57.90086998220344
6821,282.91,172.57,126,7,1755,19.84845057679258,57.91690299746372
3153,282.9,167.95,145,9,1756,19.859760235240895,57.93293544600614
1560,282.88,174.18,149,9,1757,19.87106989368921,57.94896676111282
8557,282.76,168.98,132,7,1758,19.882379552137525,57.96499127560505
5147,282.57,164.87,136,11,1759,19.89368921058584,57.98100502245775
352,282.47,168.53,146,10,1760,19.904998869034156,57.99701310213175
941,282.45,169.4,123,12,1761,19.91630852748247,58.01302004837001
10019,282.36,167.22,131,9,1762,19.927618185930783,58.02902189414745
1754,282.36,174.94,130,6,1763,19.9389278443791,58.045023739924886
1957,282.33,170.9,129,10,1764,19.950237502827413,58.0610238855487
2825,281.96,164.76,129,9,1765,19.961547161275732,58.07700306261133
6452,281.8,163.99,133,7,1766,19.972856819724043,58.09297317218805
1144,281.56,169.85,137,9,1767,19.984166478172362,58.108929680535894
2890,281.5,170.07999999999998,149,9,1768,19.995476136620674,58.12488278857651
328,281.25,169.65,117,7,1769,20.00678579506899,58.14082172867037
4253,280.83,169.05,144,10,1770,20.018095453517304,58.15673686661369
2304,280.78000000000003,166.85999999999999,132,11,1771,20.029405111965616,58.17264917096766
6970,280.57,169.24,137,7,1772,20.040714770413935,58.18854957424636
1026,280.53000000000003,168.54,143,7,1773,20.052024428862246,58.20444771065358
3776,279.87,166.09,153,11,1774,20.063334087310565,58.22030844368139
3195,279.71,166.72,133,7,1775,20.074643745758877,58.23616010922327
2568,279.63,163.95,128,10,1776,20.085953404207192,58.2520072410222
7052,279.42,167.42,123,10,1777,20.097263062655507,58.267842471745844
2121,279.19,163.76,136,9,1778,20.108572721103823,58.28366466795849
6607,279.14,166.39,140,10,1779,20.119882379552138,58.29948403058178
2215,278.93,166.57999999999998,138,9,1780,20.131192038000453,58.31529149212981
7747,278.85,160.26,141,7,1781,20.142501696448768,58.33109441993487
340,278.74,169.9,144,10,1782,20.153811354897083,58.346891113843355
8886,278.64,167.84,138,7,1783,20.165121013345395,58.36268214057315
6376,278.57,168.02,121,6,1784,20.176430671793714,58.37846920027785
4836,278.52,167.57,124,10,1785,20.187740330242026,58.394253426393206
5054,278.47,171.9,139,9,1786,20.19904998869034,58.41003481891921
2381,278.4,167.77,131,10,1787,20.210359647138656,58.425812244420115
9495,278.33,165.03,130,12,1788,20.22166930558697,58.441585702895935
8865,278.3,161.2,128,12,1789,20.232978964035286,58.45735746121815
9522,278.08,158.96,123,6,1790,20.2442886224836,58.47311675174722
2777,277.95,165.48,130,10,1791,20.255598280931917,58.48886867494399
2893,277.75,164.27,115,9,1792,20.26690793938023,58.504609263783344
8015,277.64,168.38,134,10,1793,20.278217597828547,58.52034361872613
1538,277.51,166.29,126,8,1794,20.28952725627686,58.53607060633662
59,277.51,169.13,135,6,1795,20.300836914725178,58.5517975939471
1916,277.4,162.49,125,11,1796,20.31214657317349,58.56751834766102
6017,277.13,171.82,127,8,1797,20.323456231621805,58.58322379999243
2151,276.87,164.16,117,9,1798,20.33476589007012,58.59891451765924
462,276.75,164.97,135,11,1799,20.346075548518435,58.614598434711596
8568,276.7,164.16,117,7,1800,20.35738520696675,58.63027951817461
7598,276.55,165.82,117,8,1801,20.368694865415065,58.64595210086957
9540,276.51,165.51,138,10,1802,20.38000452386338,58.66162241669306
2188,276.48,167.47,133,12,1803,20.391314182311696,58.67729103236292
118,276.27,165.83,131,10,1804,20.402623840760008,58.69294774695752
8558,276.15,163.71,129,12,1805,20.413933499208323,58.70859766093769
742,276.05,166.56,124,6,1806,20.425243157656638,58.72424190773916
1177,275.86,169.91,99,8,1807,20.436552816104953,58.73987538690108
2622,275.8,169.75,136,9,1808,20.44786247455327,58.755505465755796
4718,275.74,167.28,131,11,1809,20.459172133001584,58.771132144303294
6710,275.19,165.35,119,9,1810,20.4704817914499,58.78672765336793
9671,275.13,165.83,131,12,1811,20.48179144989821,58.80231976212536
4707,275.07,168.2,128,8,1812,20.49310110834653,58.81790847057555
7139,275.03,161.64000000000001,121,7,1813,20.50441076679484,58.83349491215427
880,274.99,170.65,144,9,1814,20.51572042524316,58.84907908686151
461,274.97,163.28,120,9,1815,20.52703008369147,58.864662128133006
3755,274.96,168.07,113,8,1816,20.53833974213979,58.88024460268664
4043,274.84,168.47,130,8,1817,20.549649400588102,58.895820276625834
9574,274.72,161.67000000000002,129,10,1818,20.560959059036417,58.91138914995058
7618,274.36,164.06,136,10,1819,20.572268717484732,58.92693762143201
5405,274.33,164.91,129,9,1820,20.583578375933048,58.94248439275982
9830,273.88,164.53,121,7,1821,20.594888034381363,58.958005661783496
2617,273.85,162.62,120,7,1822,20.606197692829674,58.97352523065356
9374,273.64,167.68,135,8,1823,20.617507351277993,58.98903289844834
8439,273.48,159.81,123,8,1824,20.628817009726305,59.00453149875722
645,273.42,160.9,142,10,1825,20.64012666817462,59.02002669875886
9488,273.41,163.39,134,8,1826,20.651436326622935,59.03552133204265
178,273.1,162.5,132,11,1827,20.66274598507125,59.05099839707246
8438,272.94,163.27,117,10,1828,20.674055643519566,59.06646639461635
5000,272.85,165.75,119,7,1829,20.68536530196788,59.08192929169941
6180,272.64,164.15,139,13,1830,20.696674960416196,59.09738028770719
697,272.49,164.60999999999999,123,9,1831,20.70798461886451,59.112822782946935
2666,272.49,161.39,122,8,1832,20.719294277312823,59.128265278186674
6948,272.3,162.99,122,8,1833,20.730603935761142,59.14369700578689
5681,272.24,162.84,122,9,1834,20.741913594209453,59.15912533307988
3032,271.98,163.07,118,10,1835,20.753223252657772,59.17453892570824
4555,271.97,159.23,122,8,1836,20.764532911106084,59.189951951618745
4461,271.6,159.37,130,8,1837,20.7758425695544,59.205344008968055
1084,271.56,163.60999999999999,125,7,1838,20.787152228002714,59.22073379944588
8989,271.54,158.7,126,8,1839,20.79846188645103,59.23612245648797
2742,271.44,157.62,121,12,1840,20.809771544899345,59.25150544635136
6339,271.43,165.76,146,12,1841,20.821081203347656,59.266887869496884
477,271.24,165.68,125,8,1842,20.832390861795975,59.28225952500288
7630,271.17,167.37,118,8,1843,20.843700520244287,59.29762721348377
8713,271.17,161.21,114,8,1844,20.855010178692606,59.31299490196468
3162,270.94,164.56,131,10,1845,20.866319837140917,59.328349555934565
8841,270.68,158.72,127,10,1846,20.877629495589233,59.343689475239835
3291,270.01,164.68,119,7,1847,20.888939154037548,59.358991424447815
5541,269.82,160.93,122,8,1848,20.900248812485863,59.37428260601626
4959,269.7,160.31,120,9,1849,20.911558470934178,59.389566986970266
5852,269.55,165.32999999999998,124,7,1850,20.922868129382493,59.404842867156226
7775,269.36,157.81,116,8,1851,20.93417778783081,59.42010797970265
2699,269.02,159.55,127,7,1852,20.945487446279124,59.435353823841496
5351,269.0,160.06,137,8,1853,20.956797104727436,59.45059853454461
9592,268.99,160.16,143,9,1854,20.968106763175754,59.465842678529846
5389,268.95,156.1,114,7,1855,20.979416421624066,59.481084555643605
6424,268.86,162.84,150,8,1856,20.99072608007238,59.49632133229653
1738,268.72,157.05,127,9,1857,21.002035738520696,59.511550174899284
3056,268.67,156.8,124,9,1858,21.01334539696901,59.52677618391268
2673,268.49,162.3,133,8,1859,21.024655055417327,59.54199199200442
2376,268.40999999999997,162.64,120,10,1860,21.03596471386564,59.557203266353184
1202,267.97,157.84,124,11,1861,21.047274372313957,59.57238960511568
5555,267.74,158.6,127,12,1862,21.05858403076227,59.58756290936718
1975,267.43,160.15,136,11,1863,21.069893689210588,59.60271864536468
943,267.34,160.34,123,8,1864,21.0812033476589,59.61786928090138
3566,267.28,161.48,132,7,1865,21.092513006107218,59.633016516130844
1375,267.09,159.01,130,8,1866,21.10382266455553,59.64815298372079
10073,267.09,156.27,122,10,1867,21.115132323003845,59.66328945131073
3236,266.97,161.04,130,7,1868,21.12644198145216,59.67841911828623
2156,266.9,162.64,143,11,1869,21.137751639900475,59.69354481823663
7408,266.76,158.32,108,7,1870,21.14906129834879,59.70866258413686
7079,266.74,161.0,123,10,1871,21.160370956797106,59.72377921660134
2195,266.71,157.23,111,8,1872,21.17168061524542,59.73889414891222
6216,266.71,152.86,129,6,1873,21.182990273693733,59.75400908122309
1626,266.69,154.73,136,12,1874,21.194299932142048,59.76912288009824
774,266.52,162.71,120,7,1875,21.205609590590363,59.78422704476958
8285,266.47,155.85,115,9,1876,21.21691924903868,59.79932837585158
8411,266.44,155.61,131,10,1877,21.228228907486994,59.81442800677996
6849,266.37,158.67,113,8,1878,21.23953856593531,59.82952367068326
882,266.23,160.69,120,7,1879,21.250848224383624,59.84461140053639
8562,265.94,159.19,139,8,1880,21.26215788283194,59.85968269557126
9074,265.82,156.9,138,9,1881,21.27346754128025,59.874747189991716
2589,265.7,157.27,117,7,1882,21.28477719972857,59.889804883797716
3695,265.68,155.4,136,9,1883,21.29608685817688,59.90486144416798
6570,265.44,158.86,125,8,1884,21.3073965166252,59.91990440330937
1387,265.12,156.52,136,9,1885,21.318706175073512,59.93492922747892
1545,265.11,158.58,125,9,1886,21.330015833521827,59.94995348493061
3805,265.03,153.66,135,9,1887,21.341325491970142,59.964973208639314
8912,264.86,160.17,118,10,1888,21.352635150418457,59.979983298144255
9270,264.82,157.92,123,8,1889,21.363944808866773,59.994991120777705
4410,264.8,160.42000000000002,124,13,1890,21.375254467315084,60.00999780997541
3386,264.78,161.59,124,7,1891,21.386564125763403,60.02500336573738
3213,264.66,159.21,141,10,1892,21.397873784211715,60.04000212088491
759,264.45,154.13,136,9,1893,21.409183442660034,60.054988974957155
9338,264.3,157.46,114,10,1894,21.420493101108345,60.06996732826136
4784,264.24,160.16,123,8,1895,21.43180275955666,60.08494228125836
1445,264.15,161.02,120,8,1896,21.443112418004976,60.09991213379451
6894,264.15,154.6,117,9,1897,21.45442207645329,60.11488198633066
2656,264.15,157.49,117,12,1898,21.465731734901606,60.12985183886681
5339,264.11,158.76,126,8,1899,21.47704139334992,60.14481942453149
9395,263.82,159.85,121,9,1900,21.488351051798237,60.159770575377934
7595,263.65,160.49,138,7,1901,21.499660710246552,60.174712092020584
9243,263.63,153.79,132,7,1902,21.510970368694863,60.189652475227504
5447,263.51,158.54,128,10,1903,21.522280027143182,60.204586057819974
6212,263.3,155.45,133,11,1904,21.533589685591494,60.21950773933719
241,263.09,161.21,117,8,1905,21.544899344039813,60.23441751977913
6353,263.02,155.69,126,5,1906,21.556209002488124,60.24932333319597
9402,262.65,159.52,121,8,1907,21.56751866093644,60.264208178051625
9422,262.64,154.21,121,7,1908,21.578828319384755,60.27909245618941
3635,262.59,158.92000000000002,86,6,1909,21.590137977833066,60.29397390073784
1999,262.58,158.22,121,8,1910,21.601447636281385,60.308854778568424
5451,262.56,158.75,126,8,1911,21.612757294729697,60.32373452296325
1133,262.55,153.76,106,9,1912,21.624066953178016,60.33861370064021
7788,262.55,155.72,141,10,1913,21.635376611626327,60.35349287831716
3097,262.52,160.38,126,8,1914,21.646686270074646,60.368370355840504
9562,262.48,156.26,119,8,1915,21.657995928522958,60.38324556649237
2316,262.4,161.12,117,9,1916,21.669305586971273,60.398116243401276
3938,262.22,155.91,137,9,1917,21.680615245419588,60.412976719388524
5406,262.01,153.76,124,9,1918,21.691924903867903,60.4278252943005
2270,261.93,158.44,137,8,1919,21.70323456231622,60.44266933546951
4443,261.81,158.55,120,7,1920,21.714544220764534,60.45750657602409
8644,261.65000000000003,155.34,128,11,1921,21.72585387921285,60.47233474909274
9901,261.41,153.5,146,11,1922,21.737163537661164,60.48714932093251
8370,261.14,157.06,121,10,1923,21.748473196109476,60.501948591389784
6729,261.12,152.58,112,7,1924,21.759782854557795,60.51674672841134
5167,261.06,156.72,122,7,1925,21.771092513006106,60.53154146512567
4875,260.95,155.61,139,13,1926,21.78240217145442,60.54632996794342
2737,260.76,151.88,110,8,1927,21.793711829902737,60.56110770312164
3046,260.7,155.57,119,11,1928,21.805021488351052,60.57588203799264
9394,260.67,154.53,103,6,1929,21.816331146799367,60.590654672710045
7348,260.56,159.86,129,11,1930,21.82764080524768,60.60542107353086
8263,260.11,155.71,124,9,1931,21.838950463695998,60.62016197204755
9942,260.1,153.94,129,12,1932,21.85026012214431,60.63490230384636
5782,260.06,156.81,113,12,1933,21.861569780592628,60.64964036877368
4196,260.06,160.49,127,11,1934,21.87287943904094,60.66437843370102
10160,260.0,157.89,115,11,1935,21.884189097489255,60.67911309832111
9162,259.99,156.2,117,9,1936,21.89549875593757,60.69384719622335
7678,259.9,155.77,125,11,1937,21.906808414385885,60.708576193664754
4125,259.82,154.08,112,8,1938,21.9181180728342,60.7233006573632
315,259.68,152.83,119,6,1939,21.929427731282516,60.738017187011465
5070,259.34,155.82,123,11,1940,21.94073738973083,60.752714448252156
9606,259.33,153.63,115,10,1941,21.952047048179146,60.767411142774975
8,259.14,152.97,122,10,1942,21.96335670662746,60.78209706965825
4928,259.03,151.9,120,13,1943,21.974666365075773,60.79677676264497
7138,258.82,155.17,128,9,1944,21.98597602352409,60.81144455455642
9602,258.78,152.54,115,8,1945,21.997285681972404,60.826110079596376
3001,258.73,154.76,127,11,1946,22.00859534042072,60.84077277104699
3919,258.72,152.04,116,10,1947,22.019904998869034,60.85543489577974
3796,258.6,156.09,118,11,1948,22.03121465731735,60.870090219898046
1074,258.45,150.72,115,10,1949,22.042524315765665,60.88473704324829
6301,258.3,154.96,114,7,1950,22.05383397421398,60.8993753658305
1648,258.21999999999997,150.41,125,11,1951,22.06514363266229,60.91400915466975
4258,258.21,153.62,126,8,1952,22.07645329111061,60.92864237679112
6511,258.14,149.79,123,7,1953,22.087762949558922,60.9432716318874
1669,258.1,150.95,115,10,1954,22.09907260800724,60.9578986201122
5578,258.08,156.04,119,8,1955,22.110382266455552,60.97252447490127
1196,258.07,150.75,132,8,1956,22.121691924903867,60.98714976297247
2039,257.17,151.08,114,7,1957,22.133001583352183,61.001724046435356
226,257.14,157.38,119,10,1958,22.144311241800498,61.01629662974464
376,257.05,154.76,140,9,1959,22.155620900248813,61.0308641125931
490,257.05,153.09,115,9,1960,22.166930558697125,61.04543159544155
3977,256.7,154.98,130,10,1961,22.178240217145444,61.059979243164555
6429,256.67,156.43,113,6,1962,22.189549875593755,61.074525190733944
2708,256.45,155.29,122,9,1963,22.200859534042074,61.08905867051019
830,256.25,149.39,115,8,1964,22.212169192490386,61.10358081592905
8526,256.21,151.27,119,8,1965,22.2234788509387,61.11810069447642
6057,256.12,156.21,123,9,1966,22.234788509387016,61.13261547256297
5078,256.11,152.31,127,9,1967,22.24609816783533,61.147129683931645
1064,255.94,155.22,119,6,1968,22.257407826283647,61.16163426109652
7368,255.76,151.47,135,7,1969,22.26871748473196,61.176128637339744
6228,255.56,151.63,121,9,1970,22.280027143180277,61.19061167922557
8782,255.54,155.39,125,11,1971,22.291336801628592,61.20509358767566
5968,255.38,153.53,114,7,1972,22.302646460076904,61.219566428639816
248,255.34,151.98,107,7,1973,22.313956118525223,61.2340370027325
9013,255.28,156.1,109,7,1974,22.325265776973534,61.24850417651797
873,254.91,151.86,120,7,1975,22.336575435421853,61.26295038174224
10260,254.51,150.29,117,7,1976,22.347885093870165,61.27737391825171
3550,254.39000000000001,150.72,109,7,1977,22.35919475231848,61.29179065414674
5283,254.28,153.6,124,5,1978,22.370504410766795,61.3062011561452
4783,254.0,157.63,137,10,1979,22.381814069215107,61.320595790043306
9660,253.91,150.35,112,8,1980,22.393123727663426,61.33498532348057
6843,253.81,152.41,119,8,1981,22.404433386111737,61.34936918973914
771,253.74,150.66,119,9,1982,22.415743044560056,61.36374908897263
4510,253.72,149.66,111,7,1983,22.427052703008368,61.37812785477037
4942,253.72,150.37,109,9,1984,22.438362361456683,61.39250662056811
4405,253.63,150.93,131,13,1985,22.449672019904998,61.40688028590502
4447,253.56,153.18,127,9,1986,22.460981678353313,61.42124998421684
3540,253.42,151.64,111,9,1987,22.47229133680163,61.43561174847848
2053,253.18,154.74,108,6,1988,22.483600995249944,61.44995991151124
3961,252.6,152.15,118,9,1989,22.49491065369826,61.46427520490755
10214,252.56,147.94,135,7,1990,22.506220312146574,61.478588231432376
6531,252.5,155.14000000000001,110,7,1991,22.51752997059489,61.49289785764998
5322,252.33,145.38,111,8,1992,22.528839629043205,61.50719784966378
10280,252.32999999999998,145.8,128,7,1993,22.540149287491516,61.52149784167761
532,252.27,151.43,124,12,1994,22.55145894593983,61.5357944333842
7676,252.11,150.28,128,7,1995,22.562768604388147,61.550081957604874
2686,252.08,152.07,112,10,1996,22.574078262836462,61.56436778167193
10140,252.01,152.22,123,9,1997,22.585387921284777,61.57864963871391
6793,251.95000000000002,157.38,104,7,1998,22.596697579733092,61.59292809544866
8410,251.86,153.48,117,10,1999,22.608007238181408,61.607201451722595
6490,251.76,146.67,110,10,2000,22.61931689662972,61.62146914081781
4425,251.53,151.8,124,11,2001,22.630626555078038,61.63572379540202
826,251.44,148.79,116,9,2002,22.64193621352635,61.649973349525396
6988,251.25,144.5,111,7,2003,22.65324587197467,61.664212136009255
6738,251.16,151.94,115,9,2004,22.66455553042298,61.678445822032266
8994,250.97,150.82,116,12,2005,22.675865188871295,61.692668740415755
7997,250.91,145.77,135,9,2006,22.68717484731961,61.70688825849203
6938,250.79,151.16,117,12,2007,22.698484505767926,61.72110097595386
20,250.72,147.44,112,7,2008,22.70979416421624,61.7353097263906
2730,250.25,146.97,108,6,2009,22.721103822664556,61.749491841087455
5162,250.20000000000002,144.57999999999998,112,9,2010,22.73241348111287,61.76367112219495
5276,249.45,146.97,124,6,2011,22.743723139561187,61.7778078994622
6014,249.43,150.56,116,7,2012,22.755032798009502,61.791943543293705
7976,249.34,144.3,127,9,2013,22.766342456457814,61.80607408666439
9299,249.34,149.98,121,8,2014,22.77765211490613,61.82020463003507
1811,249.33,146.35999999999999,99,11,2015,22.788961773354444,61.83433460668789
4804,249.31,144.66,135,8,2016,22.80027143180276,61.84846344990497
1117,249.2,146.48,104,8,2017,22.811581090251074,61.862586059225464
7652,249.18,151.95,122,9,2018,22.82289074869939,61.87670753511022
10015,249.04999999999998,144.3,122,9,2019,22.834200407147705,61.890821643662676
8716,249.03,146.69,114,6,2020,22.84551006559602,61.904934618779386
5652,248.99,152.32999999999998,119,9,2021,22.856819724044332,61.91904532702461
6609,248.62,146.83,119,9,2022,22.86812938249265,61.93313506670866
757,248.26,149.63,112,6,2023,22.879439040940962,61.94720440454938
3901,248.24,149.88,117,8,2024,22.89074869938928,61.96127260895435
4040,248.21,146.45,106,8,2025,22.902058357837593,61.97533911320573
4454,248.06,152.72,121,6,2026,22.913368016285908,61.98939711668905
3771,247.99,150.47,125,5,2027,22.924677674734223,62.00345115314728
1940,247.81,147.37,123,9,2028,22.93598733318254,62.01749498868385
7609,247.7,145.97,122,7,2029,22.947296991630854,62.03153259032385
8815,247.69,143.32,108,8,2030,22.958606650079165,62.045569625245975
9301,247.5,146.28,124,6,2031,22.969916308527484,62.05959589252858
6788,247.4,149.38,106,8,2032,22.981225966975796,62.07361649263247
10152,247.23,149.34,106,10,2033,22.99253562542411,62.08762745853258
2533,247.12,150.04,102,7,2034,23.003845283872426,62.10163219053613
221,247.07,148.76,118,9,2035,23.01515494232074,62.11563408895032
4779,247.05,143.91,99,9,2036,23.026464600769057,62.12963485392877
10281,246.9,143.41,93,4,2037,23.03777425921737,62.143627118139165
9801,246.86,148.56,104,7,2038,23.049083917665687,62.15761711547809
7734,246.74,145.68,115,7,2039,23.060393576114002,62.17160031220257
1309,246.52,147.03,124,7,2040,23.071703234562317,62.18557104113391
5340,246.32,141.48,116,11,2041,23.083012893010633,62.19953043570785
5739,246.28,148.4,119,8,2042,23.094322551458944,62.21348756341032
6551,246.2,146.97,109,9,2043,23.105632209907263,62.227440157369806
7373,245.92000000000002,147.23,115,8,2044,23.116941868355575,62.24137688322895
3012,245.89000000000001,143.28,103,5,2045,23.128251526803894,62.25531190893447
8382,245.81,147.09,99,6,2046,23.139561185252205,62.26924240089704
6124,245.64,147.82,127,9,2047,23.15087084370052,62.28316325865582
1575,245.55,147.55,108,10,2048,23.162180502148836,62.29707901595377
5982,245.46,147.5,127,11,2049,23.173490160597147,62.31098967279088
6882,245.44,148.61,109,9,2050,23.184799819045466,62.32489919619226
1996,245.14000000000001,146.88,119,10,2051,23.196109477493778,62.33879171805753
6334,245.06,144.1,125,8,2052,23.207419135942096,62.352679706179856
2054,245.01,142.4,117,8,2053,23.218728794390408,62.36656486071283
1619,244.65,142.99,103,9,2054,23.230038452838723,62.38042961340247
3206,244.59,144.81,110,8,2055,23.24134811128704,62.394290965784904
1319,244.59,142.66,113,9,2056,23.252657769735354,62.40815231816733
1848,244.5,144.72,107,8,2057,23.26396742818367,62.42200857008894
7852,244.42,144.08,118,8,2058,23.275277086631984,62.43586028826756
799,244.3,145.44,127,10,2059,23.2865867450803,62.449705205831776
8139,244.16,144.28,120,8,2060,23.297896403528615,62.46354218934578
1379,244.11,144.2,109,8,2061,23.30920606197693,62.47737633927045
5589,244.09,148.53,109,7,2062,23.320515720425245,62.491209355759395
5994,243.91,146.75,118,6,2063,23.331825378873557,62.50503217132666
6665,243.91,145.85,111,7,2064,23.343135037321872,62.51885498689391
5858,243.88,143.29,118,9,2065,23.354444695770187,62.53267610230757
8619,243.86,144.54,121,9,2066,23.365754354218502,62.546496084285494
4736,243.73,146.93,140,11,2067,23.377064012666818,62.5603086989311
5135,243.51,150.75,111,6,2068,23.388373671115133,62.57410884578357
7039,243.44,145.77,114,6,2069,23.399683329563448,62.587905025610944
1736,243.39,141.81,113,10,2070,23.41099298801176,62.60169837184897
4499,243.24,146.61,120,9,2071,23.42230264646008,62.615483217318946
9397,243.24,142.42000000000002,130,8,2072,23.43361230490839,62.629268062788924
5090,243.2,143.48,126,9,2073,23.44492196335671,62.64305064138742
6182,243.16,145.18,121,9,2074,23.45623162180502,62.65683095311443
9101,243.06,141.81,117,10,2075,23.467541280253336,62.67060559766276
1582,242.98,145.15,118,10,2076,23.47885093870165,62.68437570846811
2818,242.95,146.44,106,8,2077,23.490160597149966,62.69814411911986
1511,242.95,144.37,131,10,2078,23.50147025559828,62.711912529771595
9419,242.75,142.87,108,9,2079,23.512779914046597,62.72566960606595
1432,242.72,147.06,117,9,2080,23.524089572494912,62.739424982206685
8925,242.65,146.62,132,8,2081,23.535399230943224,62.75317639132233
6022,242.54,146.27,122,9,2082,23.54670888939154,62.76692156654141
9129,242.51,144.11,124,7,2083,23.558018547839854,62.78066504160687
8146,242.49,145.48,107,8,2084,23.56932820628817,62.7944073832366
1588,242.46,145.12,106,9,2085,23.580637864736484,62.808148024712715
5304,242.28,145.77,129,8,2086,23.5919475231848,62.821878465267176
2858,242.25,142.78,90,4,2087,23.603257181633115,62.83560720566802
4080,242.17000000000002,145.43,115,9,2088,23.61456684008143,62.8493314123259
3680,241.93,147.63,126,7,2089,23.625876498529745,62.863042017754914
5746,241.89,146.93,121,9,2090,23.63718615697806,62.87675035631244
2502,241.79,146.95,101,7,2091,23.648495815426372,62.890453027691265
4573,241.69,138.51,114,10,2092,23.65980547387469,62.90415003189139
10176,241.61,146.52,109,11,2093,23.671115132323003,62.91784250234856
2200,241.51,143.06,114,9,2094,23.68242479077132,62.93152930562703
2486,241.45,145.49,109,5,2095,23.693734449219633,62.94521270859828
8873,241.4,139.88,119,9,2096,23.70504410766795,62.95889327798017
3363,241.36,139.89000000000001,119,8,2097,23.716353766116264,62.97257158049059
9709,241.14,143.85,105,6,2098,23.727663424564575,62.98623741520786
9703,241.13,146.96,121,6,2099,23.738973083012894,62.99990268320727
5668,240.86,143.52,113,8,2100,23.750282741461206,63.01355264982419
907,240.68,143.37,98,7,2101,23.761592399909524,63.02719241551944
2688,240.63,139.9,118,8,2102,23.772902058357836,63.04082934762534
8890,240.53,148.32,107,10,2103,23.78421171680615,63.054460612552546
7206,240.48,145.79,108,7,2104,23.795521375254467,63.06808904389041
1376,240.48,142.9,111,6,2105,23.80683103370278,63.08171747522826
4362,240.42000000000002,144.04,122,7,2106,23.818140692151097,63.09534250625889
5204,240.38,140.37,122,9,2107,23.829450350599412,63.10896527041804
8844,240.29,144.51,111,13,2108,23.840760009047727,63.122582934116366
4243,240.27,143.81,110,11,2109,23.852069667496043,63.13619946437896
1485,240.26000000000002,141.58,113,8,2110,23.863379325944358,63.14981542792367
1408,240.24,137.2,115,4,2111,23.874688984392673,63.16343025803265
1542,240.23,141.44,126,10,2112,23.885998642840985,63.17704452142377
1058,240.06,145.18,109,7,2113,23.897308301289304,63.19064915061108
10274,239.99,142.68,108,6,2114,23.908617959737615,63.204249812773305
8255,239.96,142.0,105,10,2115,23.91992761818593,63.21784877478191
3681,239.85,144.54,118,7,2116,23.931237276634246,63.23144150289397
2911,239.83,147.23,102,6,2117,23.94254693508256,63.24503309757028
1042,239.43,143.25,110,8,2118,23.953856593530876,63.258602023531786
4623,239.24,141.88,106,10,2119,23.965166251979188,63.272160181853764
3325,239.12,137.54,113,10,2120,23.976475910427506,63.285711539561305
424,238.7,143.57999999999998,96,6,2121,23.987785568875818,63.299239095118295
449,238.61,146.0,123,8,2122,23.999095227324137,63.31276155021447
296,238.58,140.4,119,8,2123,24.01040488577245,63.32628230515704
4995,238.55,143.82,104,8,2124,24.021714544220764,63.33980135994598
7035,238.41,143.29,108,9,2125,24.03302420266908,63.35331248068474
9206,238.24,139.78,112,10,2126,24.044333861117394,63.36681396721971
6651,238.11,142.38,114,8,2127,24.05564351956571,63.38030808642239
7365,238.01,143.45,126,11,2128,24.066953178014025,63.39379653844636
4562,237.89000000000001,143.81,131,10,2129,24.07826283646234,63.40727818985587
3277,237.75,139.85999999999999,113,9,2130,24.089572494910655,63.42075190721522
4698,237.7,140.75,107,7,2131,24.100882153358967,63.43422279098522
3580,237.7,141.62,104,7,2132,24.112191811807286,63.447693674755214
9369,237.69,141.36,113,7,2133,24.123501470255597,63.46116399180733
9141,237.64,133.3,109,6,2134,24.134811128703912,63.4746314752701
6897,237.36,140.66,105,6,2135,24.146120787152228,63.48808309063252
5799,237.3,138.07,112,8,2136,24.157430445600543,63.50153130568772
5956,237.12,143.38,111,14,2137,24.168740104048858,63.514969319821255
391,236.87,139.93,102,7,2138,24.180049762497173,63.52839316600806
2147,236.85999999999999,141.85,117,11,2139,24.19135942094549,63.541816445476975
3335,236.53,144.12,118,10,2140,24.2026690793938,63.55522102325618
10169,236.41,139.23,108,6,2141,24.21397873784212,63.56861880042094
2001,236.37,145.0,103,7,2142,24.22528839629043,63.58201431071423
1466,236.32,142.01,104,7,2143,24.23659805473875,63.595406987418166
705,236.20999999999998,141.39000000000001,98,7,2144,24.24790771318706,63.60879343022554
2152,236.12,144.79,104,8,2145,24.259217371635376,63.62217477257208
8173,236.09,135.16,102,5,2146,24.27052703008369,63.635554414765004
1017,235.98,138.62,118,9,2147,24.281836688532007,63.64892782306136
6754,235.94,138.88,114,9,2148,24.293146346980322,63.66229896448623
8259,235.74,138.52,122,9,2149,24.304456005428637,63.675658771553714
694,235.69,141.23,111,9,2150,24.315765663876952,63.68901574503183
1332,235.57,140.99,119,6,2151,24.327075322325264,63.70236591789552
749,235.48,144.19,107,6,2152,24.33838498077358,63.71571099029837
975,235.46,144.66,105,6,2153,24.349694639221894,63.72905492926548
3823,235.42000000000002,142.71,107,9,2154,24.36100429767021,63.742396601361115
923,235.35,141.63,97,6,2155,24.372313956118525,63.75573430643166
3316,235.28,139.86,115,8,2156,24.38362361456684,63.76906804447713
1572,235.27,137.39,107,7,2157,24.394933273015155,63.782401215804704
3937,235.19,140.88,125,9,2158,24.40624293146347,63.795729853389325
6598,235.18,139.7,118,8,2159,24.417552589911786,63.80905792425609
52,235.17,139.93,100,6,2160,24.4288622483601,63.82238542840496
4531,235.08,141.85,118,7,2161,24.440171906808413,63.83570783209302
6044,235.04999999999998,138.96,107,6,2162,24.45148156525673,63.849028535627475
2482,235.01,137.92,137,11,2163,24.462791223705043,63.86234697229044
8171,234.95,142.62,105,8,2164,24.47410088215336,63.875662008646174
1428,234.94,137.52,105,5,2165,24.485410540601674,63.88897647828406
7343,234.92,145.79,111,8,2166,24.49672019904999,63.90228981448618
3019,234.9,140.06,102,8,2167,24.508029857498304,63.91560201725257
8400,234.78,138.11,110,6,2168,24.519339515946616,63.928907419404524
3513,234.77,140.99,114,8,2169,24.530649174394934,63.942212254838616
2716,234.77,141.07,102,7,2170,24.541958832843246,63.95551709027269
136,234.7,141.41,96,7,2171,24.553268491291565,63.96881795868169
5013,234.58,139.51,122,9,2172,24.564578149739877,63.982112026476244
1136,234.54999999999998,138.7,105,5,2173,24.57588780818819,63.995404394117195
9858,234.54,140.17000000000002,102,7,2174,24.587197466636507,64.00869619504027
9974,234.43,140.47,102,6,2175,24.598507125084822,64.02198176206677
538,234.33,144.3,101,6,2176,24.609816783533137,64.03526166191457
8180,234.32,140.97,109,8,2177,24.621126441981453,64.04854099504452
4148,234.28,143.85,89,5,2178,24.632436100429768,64.06181806130297
1484,234.27,140.7,109,8,2179,24.643745758878083,64.07509456084355
2082,234.25,138.69,119,7,2180,24.655055417326395,64.0883699269484
7107,234.23,136.78,107,7,2181,24.666365075774713,64.1016441596175
4819,233.91,138.3,111,7,2182,24.677674734223025,64.11490025731477
4785,233.82,138.77,113,6,2183,24.688984392671344,64.1281512545512
5602,233.81,140.02,123,7,2184,24.700294051119656,64.14140168506978
7642,233.8,140.65,119,8,2185,24.71160370956797,64.15465154887046
5473,233.75,141.01,91,7,2186,24.722913368016286,64.16789857908182
5516,233.73,137.27,97,4,2187,24.7342230264646,64.18114447585742
3624,233.66,140.6,109,8,2188,24.745532684912916,64.19438640560793
7454,233.63,137.04,104,8,2189,24.756842343361228,64.20762663520483
9414,233.57999999999998,139.03,110,7,2190,24.768152001809547,64.22086403121239
709,233.41,137.04,114,8,2191,24.77946166025786,64.23409179301615
983,233.27,142.49,108,8,2192,24.790771318706177,64.24731162076974
5106,232.94,139.55,109,8,2193,24.80208097715449,64.2605127468336
1490,232.88,138.78,115,12,2194,24.813390635602804,64.27371047259025
3538,232.77,137.16,110,8,2195,24.82470029405112,64.28690196445032
1594,232.74,141.97,105,8,2196,24.836009952499435,64.3000917561568
6780,232.57,136.5,113,7,2197,24.84731961094775,64.31327191365949
7869,232.46,134.54,99,8,2198,24.858629269396065,64.3264458372656
4948,232.36,138.35999999999999,114,9,2199,24.86993892784438,64.33961409369302
8248,232.17,135.01,123,8,2200,24.881248586292696,64.35277158248091
159,232.07,133.67,107,5,2201,24.892558244741007,64.36592340409008
5226,232.04,133.04,104,6,2202,24.903867903189322,64.37907352554568
4674,231.89,143.07,91,7,2203,24.915177561637638,64.39221514623318
9357,231.86,143.31,114,7,2204,24.926487220085953,64.4053550667671
9527,231.8,139.69,113,7,2205,24.937796878534268,64.4184915869938
3188,231.78,138.74,110,7,2206,24.949106536982583,64.43162697378474
5948,231.72,139.4,109,9,2207,24.9604161954309,64.44475896026849
7294,231.47,137.02,113,8,2208,24.971725853879214,64.45787677880547
6194,231.29,138.69,110,6,2209,24.98303551232753,64.47098439642079
6289,231.2,135.96,108,7,2210,24.99434517077584,64.48408691357528
4653,231.16,135.41,110,9,2211,25.005654829224156,64.4971871638583
5989,231.13,134.33,99,6,2212,25.01696448767247,64.51028571398768
7113,230.96,137.5,110,8,2213,25.028274146120786,64.5233746299133
4301,230.89000000000001,138.94,111,9,2214,25.039583804569105,64.53645957881382
9824,230.66,143.64,112,6,2215,25.050893463017417,64.54953149320333
7013,230.62,137.92,111,8,2216,25.062203121465732,64.56260114072137
8274,230.54,138.78,98,10,2217,25.073512779914047,64.57566625449644
7693,230.52,135.24,121,8,2218,25.084822438362366,64.58873023483578
2687,230.49,138.65,110,6,2219,25.096132096810674,64.6017925150215
3792,230.37,136.71,89,6,2220,25.107441755258993,64.61484799459278
10277,230.34,130.76,98,5,2221,25.118751413707308,64.62790177401047
2155,230.09,145.44,124,7,2222,25.13006107215562,64.64094138548138
1549,229.58,140.77,102,8,2223,25.141370730603935,64.65395209434095
6762,229.55,136.33,106,9,2224,25.15268038905225,64.66696110304689
2496,229.55,139.65,115,9,2225,25.16399004750057,64.67997011175284
6299,229.5,135.05,98,7,2226,25.175299705948877,64.69297628686942
9251,229.29,134.78,97,5,2227,25.186609364397196,64.70597056091076
5437,229.21,134.22,103,10,2228,25.19791902284551,64.71896030120912
4739,229.21,134.75,110,6,2229,25.209228681293826,64.73195004150747
4300,229.15,131.88,108,7,2230,25.220538339742138,64.74493638149862
8729,229.1,135.96,110,6,2231,25.231847998190453,64.75791988790041
9884,229.08,139.85,104,8,2232,25.243157656638772,64.77090226086646
823,228.96,134.93,105,9,2233,25.254467315087087,64.78387783321807
1014,228.88,133.81,108,8,2234,25.2657769735354,64.79684887182673
1137,228.85,133.32,106,8,2235,25.277086631983714,64.80981821028176
5528,228.76,138.24,102,8,2236,25.28839629043203,64.82278244827599
849,228.7,139.81,110,6,2237,25.29970594888034,64.83574328596298
4304,228.62,140.0,87,6,2238,25.311015607328656,64.84869958990701
4215,228.57999999999998,135.64,106,6,2239,25.322325265776975,64.86165362697956
1173,228.56,136.39000000000001,110,12,2240,25.33363492422529,64.87460653061639
8483,228.54,136.60999999999999,106,6,2241,25.3449445826736,64.88755830081746
1331,228.51,139.44,102,6,2242,25.356254241121917,64.90050837086491
224,228.45,136.69,113,9,2243,25.367563899570232,64.91345504060516
3085,228.42,137.35,100,7,2244,25.37887355801855,64.92640001019178
5834,228.15,138.28,106,10,2245,25.39018321646686,64.93932967839594
6542,228.12,135.8,108,5,2246,25.401492874915178,64.95225764644647
9087,228.07,136.63,104,5,2247,25.412802533363493,64.96518278090765
3412,227.99,131.48,101,7,2248,25.42411219181181,64.97810338162587
7924,227.97,134.82,95,5,2249,25.43542185026012,64.99102284890836
5508,227.82,131.63,113,6,2250,25.446731508708435,65.00393381542278
3726,227.79,135.3,108,6,2251,25.458041167156754,65.01684308178362
9209,227.65,135.76,107,6,2252,25.46935082560507,65.02974441409425
8403,227.48,135.82,106,7,2253,25.48066048405338,65.04263611220111
3035,227.47,135.32,102,7,2254,25.491970142501696,65.05552724359008
2795,227.44,136.23,112,8,2255,25.50327980095001,65.06841667482544
10070,227.27,140.58,117,8,2256,25.514589459398323,65.08129647185703
783,227.19,133.58,105,8,2257,25.52589911784664,65.09417173514565
1751,227.10999999999999,137.25,108,7,2258,25.537208776294957,65.10704246469132
1818,227.08,134.97,105,8,2259,25.548518434743272,65.11991149408337
115,226.99,135.56,110,9,2260,25.559828093191584,65.13277542301459
7406,226.96,131.15,89,6,2261,25.5711377516399,65.1456376517922
1378,226.82,132.41,109,7,2262,25.582447410088214,65.15849194651963
3435,226.76,136.32,117,9,2263,25.593757068536533,65.17134284093984
71,226.69,134.73,115,7,2264,25.605066726984845,65.18418976833496
730,226.67000000000002,138.17000000000002,96,5,2265,25.61637638543316,65.19703556229435
45,226.63,132.07,120,5,2266,25.627686043881475,65.20987908938224
8594,226.6,136.60999999999999,101,5,2267,25.638995702329794,65.22272091631653
10080,226.37,133.62,95,4,2268,25.650305360778102,65.23554970873982
1448,226.34,138.5,117,8,2269,25.66161501922642,65.2483768010095
3671,226.24,130.28,101,8,2270,25.672924677674736,65.26119822610048
6146,226.19,133.7,116,6,2271,25.68423433612305,65.27401681760209
6426,226.04,134.01,113,5,2272,25.695543994571363,65.28682690833566
5118,226.02,137.32,98,7,2273,25.706853653019678,65.2996358656335
8240,225.96,136.23,103,7,2274,25.718163311467997,65.3124414226241
3969,225.88,136.78,111,7,2275,25.729472969916305,65.32524244587175
4120,225.84,132.7,106,7,2276,25.740782628364624,65.33804120224792
9368,225.68,139.96,113,9,2277,25.75209228681294,65.35083089113817
7654,225.64000000000001,135.91,111,6,2278,25.763401945261254,65.36361831315693
1367,225.54,133.94,109,5,2279,25.774711603709566,65.37640006799701
222,225.5,134.21,104,7,2280,25.78602126215788,65.3891795559656
4466,225.46,132.37,119,9,2281,25.7973309206062,65.40195677706271
3426,225.45,134.05,105,7,2282,25.808640579054515,65.41473343144195
1347,225.44,134.32999999999998,105,9,2283,25.819950237502827,65.42750951910331
9494,225.39000000000001,133.31,95,7,2284,25.831259895951142,65.44028277317533
4180,225.37,136.59,98,8,2285,25.842569554399457,65.45305489381161
44,225.35,136.15,115,7,2286,25.853879212847776,65.46582588101217
1794,225.32999999999998,132.2,112,8,2287,25.865188871296084,65.47859573477697
1035,225.24,134.68,123,12,2288,25.876498529744403,65.49136048808094
10048,225.15,134.15,115,8,2289,25.887808188192718,65.50412014092407
4147,225.15,134.63,110,8,2290,25.89911784664103,65.51687979376722
7166,225.0,133.81,96,6,2291,25.910427505089345,65.5296309458423
373,224.55,136.47,109,9,2292,25.92173716353766,65.54235659561326
7131,224.34,130.82,100,8,2293,25.93304682198598,65.55507034430892
5297,224.20000000000002,134.42,96,7,2294,25.944356480434287,65.5677761589544
5055,224.04,131.43,101,4,2295,25.955666138882606,65.58047290611398
4508,223.84,136.32,113,10,2296,25.96697579733092,65.59315831891615
7061,223.76,135.88,111,8,2297,25.978285455779236,65.60583919797537
8779,223.71,134.85999999999999,101,7,2298,25.989595114227548,65.61851724344523
6417,223.64,135.49,97,7,2299,26.000904772675863,65.63119132188999
7731,223.61,138.73,112,7,2300,26.012214431124182,65.64386370018116
10081,223.57999999999998,133.02,104,5,2301,26.023524089572497,65.65653437831871
2584,223.55,133.31,99,6,2302,26.03483374802081,65.66920335630265
7770,223.34,138.12,100,7,2303,26.046143406469124,65.68186043321133
1599,223.34,134.21,109,9,2304,26.05745306491744,65.69451751012
9867,223.3,135.58,125,7,2305,26.068762723365758,65.7071723201572
9473,223.28,131.18,91,5,2306,26.08007238181407,65.71982599675864
8773,223.21,131.84,96,7,2307,26.091382040262385,65.73247570633501
9550,223.13,132.78,87,8,2308,26.1026916987107,65.7451208821684
4580,223.11,132.38,109,6,2309,26.11400135715901,65.75776492456606
1079,223.06,133.02,110,9,2310,26.125311015607327,65.77040613337438
4474,222.99,132.46,99,8,2311,26.136620674055642,65.78304337515759
7031,222.75,128.53,113,8,2312,26.14793033250396,65.79566701571193
8247,222.66,132.39,129,11,2313,26.159239990952273,65.80828555580544
8730,222.21,129.88,105,8,2314,26.170549649400588,65.8208785935948
1954,222.2,135.02,102,7,2315,26.181859307848903,65.83347106466628
2793,222.14,129.04,100,7,2316,26.193168966297222,65.84606013543055
3632,222.13,129.93,102,7,2317,26.20447862474553,65.85864863947694
1153,221.96,130.94,105,8,2318,26.21578828319385,65.87122750931955
3404,221.88,134.61,114,7,2319,26.227097941642164,65.88380184541919
7213,221.85,131.84,105,8,2320,26.23840760009048,65.89637448136524
3547,221.78,130.23,112,10,2321,26.24971725853879,65.90894315028619
9049,221.78,134.08,110,7,2322,26.261026916987106,65.92151181920714
5855,221.69,134.92,108,9,2323,26.272336575435425,65.93407538766726
1236,221.60999999999999,136.93,114,7,2324,26.283646233883733,65.94663442238442
2736,221.54,134.81,110,7,2325,26.29495589233205,65.9591894900765
10222,221.45,133.39000000000001,102,6,2326,26.306265550780367,65.97173945730773
7300,221.43,129.65,115,6,2327,26.317575209228682,65.98428829110323
5727,221.37,131.01,107,9,2328,26.328884867676994,65.99683372459151
7452,221.34,125.55,112,6,2329,26.34019452612531,66.00937745792619
9530,221.32,125.61,86,11,2330,26.351504184573628,66.02192005782511
4912,221.13,134.23,98,7,2331,26.362813843021943,66.03445189008451
2042,221.1,132.85999999999999,104,8,2332,26.374123501470255,66.0469820221903
3434,221.09,131.95,104,5,2333,26.38543315991857,66.05951158757823
5065,221.04,131.45,103,6,2334,26.396742818366885,66.0720383193768
9438,220.89,131.4,93,7,2335,26.408052476815204,66.08455655040731
2169,220.85,128.55,94,5,2336,26.419362135263512,66.09707251456636
4951,220.84,125.23,102,6,2337,26.43067179371183,66.10958791200753
2088,220.79,129.25,94,7,2338,26.441981452160146,66.12210047585936
4633,220.76,131.66,105,8,2339,26.45329111060846,66.13461133955755
3718,220.62,132.77,111,9,2340,26.464600769056773,66.1471142692056
4223,220.59,129.86,103,5,2341,26.475910427505088,66.15961549870002
5792,220.58,130.34,91,5,2342,26.487220085953407,66.17211616147658
3401,220.53,131.35,93,7,2343,26.498529744401715,66.18461399066378
8897,220.51000000000002,128.97,111,6,2344,26.509839402850034,66.19711068641524
9513,220.38,131.62,93,6,2345,26.52114906129835,66.20960001483438
3233,220.32,131.27,100,8,2346,26.532458719746664,66.22208594294631
1438,220.3,133.13,95,5,2347,26.543768378194976,66.2345707376225
7352,220.23,130.9,98,6,2348,26.55507803664329,66.2470515652736
650,220.1,133.73,106,9,2349,26.56638769509161,66.2595250255924
1864,220.07,133.76,103,6,2350,26.577697353539925,66.27199678575757
5715,220.06,135.0,108,7,2351,26.589007011988237,66.28446797920489
6758,219.96,135.28,104,6,2352,26.600316670436552,66.2969335054735
10101,219.85999999999999,132.39000000000001,101,8,2353,26.611626328884867,66.3093933645634
9189,219.82,131.57,118,9,2354,26.622935987333186,66.32185095678183
5655,219.77,131.96,104,7,2355,26.634245645781498,66.33430571541092
10233,219.68,129.37,105,7,2356,26.645555304229813,66.34675537357917
1169,219.66,126.86,121,9,2357,26.656864962678128,66.35920389831168
2929,219.37,125.92999999999999,106,7,2358,26.66817462112644,66.37163598822595
9931,219.23,132.27,104,8,2359,26.679484279574755,66.38406014409006
6166,219.07,134.09,113,5,2360,26.69079393802307,66.39647523246823
622,218.79,134.24,94,8,2361,26.70210359647139,66.40887445274606
3702,218.75,128.06,96,7,2362,26.7134132549197,66.4212714061524
3039,218.72,128.88,116,5,2363,26.724722913368016,66.43366665940512
4282,218.65,131.55,102,8,2364,26.73603257181633,66.44605794563276
9325,218.62,128.2,104,8,2365,26.74734223026465,66.45844753170678
4357,218.57,133.27,105,9,2366,26.758651888712958,66.47083428419147
3157,218.53,130.08,107,6,2367,26.769961547161277,66.48321876980467
2698,218.21,129.52,104,7,2368,26.781271205609592,66.49558512044602
5584,218.1,127.82000000000001,101,7,2369,26.792580864057907,66.50794523719081
10190,218.1,129.18,119,8,2370,26.80389052250622,66.52030535393561
2071,217.94,132.02,100,7,2371,26.815200180954534,66.53265640319448
6421,217.87,134.59,103,6,2372,26.826509839402853,66.54500348542825
1249,217.69,128.08,96,6,2373,26.837819497851168,66.55734036674036
2523,217.68,128.65,91,7,2374,26.84912915629948,66.56967668133463
843,217.66,130.33,100,8,2375,26.860438814747795,66.58201186249312
2450,217.41,127.17,100,8,2376,26.87174847319611,66.59433287570488
2904,217.32999999999998,132.33,95,6,2377,26.88305813164442,66.60664935517367
6937,217.3,128.55,102,9,2378,26.894367790092737,66.61896413448886
5767,217.28,134.18,101,5,2379,26.905677448541056,66.63127778036831
3207,217.28,129.31,106,9,2380,26.91698710698937,66.64359142624777
9831,217.27,131.6,97,6,2381,26.928296765437683,66.65590450540935
3932,217.16,128.32,99,5,2382,26.939606423885998,66.66821135067434
2438,217.14,128.06,95,6,2383,26.950916082334313,66.68051706250361
5871,217.02,128.64,83,7,2384,26.962225740782632,66.69281597371844
3268,216.95,129.21,102,9,2385,26.97353539923094,66.70511091790817
803,216.9,132.0,91,8,2386,26.98484505767926,66.71740302850854
2433,216.86,124.53,104,8,2387,26.996154716127574,66.72969287223746
8867,216.75,127.63,114,6,2388,27.00746437457589,66.74197648206982
9795,216.68,129.74,97,6,2389,27.0187740330242,66.75425612487705
868,216.67000000000002,128.68,114,9,2390,27.030083691472516,66.76653520096643
9159,216.45,126.26,107,7,2391,27.041393349920835,66.77880180926266
1878,216.42,127.31,97,5,2392,27.05270300836915,66.79106671740527
1250,216.41,128.68,99,6,2393,27.06401266681746,66.80333105883003
9236,216.35,127.39,99,6,2394,27.075322325265777,66.81559199994757
9492,216.32999999999998,122.09,92,6,2395,27.086631983714092,66.82785180762937
4471,216.32,124.5,112,8,2396,27.097941642162404,66.84011104859331
4191,216.26,130.5,89,5,2397,27.10925130061072,66.85236688925002
274,216.23,130.74,114,10,2398,27.120560959059038,66.86462102975311
9306,216.23,130.72,108,7,2399,27.131870617507353,66.87687517025621
4537,216.18,130.64000000000001,96,6,2400,27.143180275955665,66.88912647716995
4072,216.04999999999998,125.4,102,5,2401,27.15448993440398,66.90137041675139
1743,216.0,127.53,105,11,2402,27.165799592852295,66.91361152274348
2076,215.93,124.36,84,6,2403,27.177109251300614,66.92584866171048
240,215.85999999999999,130.44,123,9,2404,27.188418909748926,66.93808183365239
304,215.63,124.96000000000001,97,11,2405,27.19972856819724,66.95030197108326
9603,215.38,132.3,112,8,2406,27.211038226645556,66.96250794056742
9601,215.34,130.79,102,7,2407,27.22234788509387,66.97471164318009
9706,215.29,128.7,102,5,2408,27.233657543542183,66.9869125122034
8416,214.71,126.34,108,6,2409,27.244967201990498,66.99908051159026
6816,214.67,129.84,91,6,2410,27.256276860438817,67.01124624410562
3729,214.6,131.47,84,5,2411,27.26758651888713,67.02340800959593
2280,214.56,128.72,103,8,2412,27.278896177335444,67.03556750821474
2681,214.54,127.28999999999999,101,6,2413,27.29020583578376,67.0477258733978
6975,214.52,128.3,97,7,2414,27.301515494232078,67.05988310514512
831,214.51999999999998,128.52,114,8,2415,27.312825152680386,67.07204033689246
4152,214.32,125.96000000000001,95,5,2416,27.324134811128705,67.08418623428238
3744,214.28,125.81,98,8,2417,27.33544446957702,67.09632986480084
7379,214.24,130.77,84,6,2418,27.346754128025335,67.1084712284478
5733,214.06,126.47,102,8,2419,27.358063786473647,67.12060239117311
10184,213.99,129.27,106,6,2420,27.369373444921962,67.13272958687332
7490,213.98,127.6,100,7,2421,27.38068310337028,67.14485621585567
4814,213.91,129.13,111,8,2422,27.391992761818596,67.15697887781292
5286,213.88,125.8,102,7,2423,27.403302420266908,67.16909983961656
1256,213.87,129.85,98,7,2424,27.414612078715223,67.18122023470234
4584,213.76,127.07000000000001,113,8,2425,27.425921737163538,67.19333439589155
6501,213.63,128.31,90,6,2426,27.437231395611857,67.20544118974844
3530,213.6,128.66,110,8,2427,27.448541054060165,67.21754628345174
8270,213.48,126.38,101,6,2428,27.459850712508484,67.22964457654058
9855,213.38,125.79,89,7,2429,27.4711603709568,67.24173720245071
2869,213.3,125.4,89,7,2430,27.48247002940511,67.25382529461791
9733,213.09,125.65,106,5,2431,27.493779687853426,67.26590148570982
573,213.04,124.89,89,8,2432,27.50508934630174,67.27797484321239
8698,213.0,128.32,100,9,2433,27.51639900475006,67.29004593384347
8772,212.99,128.06,97,7,2434,27.527708663198368,67.3021164577567
1910,212.98,127.32,87,9,2435,27.539018321646687,67.31418641495203
350,212.96,127.47,86,7,2436,27.550327980095002,67.32625523871164
995,212.86,125.15,100,8,2437,27.561637638543317,67.33831839529256
389,212.84,126.91,88,8,2438,27.57294729699163,67.35038041843772
3116,212.76,125.8,103,7,2439,27.584256955439944,67.36243790783993
2491,212.76,126.81,113,6,2440,27.595566613888263,67.37449539724214
8002,212.71,126.07,91,7,2441,27.606876272336578,67.38655005305499
5566,212.69,122.34,86,5,2442,27.61818593078489,67.3986035754321
9900,212.63,125.83,90,5,2443,27.629495589233205,67.410653697502
5565,212.59,127.69,108,7,2444,27.64080524768152,67.42270155270042
1048,212.42,128.09,94,5,2445,27.65211490612983,67.43473977369504
5396,212.34,131.14,113,7,2446,27.663424564578147,67.4467734609467
7223,212.17000000000002,126.17999999999999,96,6,2447,27.674734223026466,67.45879751399458
3319,212.12,120.33,95,6,2448,27.68604388147478,67.47081873345311
10168,211.99,127.64,115,8,2449,27.697353539923093,67.48283258557932
5838,211.94,127.66,96,7,2450,27.708663198371408,67.49484360411618
8688,211.94,125.65,95,6,2451,27.719972856819723,67.50685462265305
474,211.91,124.28999999999999,107,9,2452,27.731282515268042,67.5188639410363
3742,211.86,129.76,111,8,2453,27.742592173716353,67.53087042583022
7570,211.7,127.57,99,9,2454,27.75390183216467,67.5428678431382
4453,211.46,124.47,94,7,2455,27.765211490612984,67.55485165921729
5343,211.45,120.08,87,5,2456,27.7765211490613,67.56683490857853
10058,211.39000000000001,121.07000000000001,102,6,2457,27.78783080750961,67.57881475763254
10134,211.29,126.21000000000001,105,6,2458,27.799140465957926,67.59078893950786
5231,211.09,127.45,105,7,2459,27.810450124406245,67.60275178702578
4861,211.09,128.97,99,6,2460,27.82175978285456,67.61471463454369
1178,210.99,127.92,99,6,2461,27.83306944130287,67.62667181488291
1041,210.91,125.26,106,7,2462,27.844379099751187,67.63862446147917
5664,210.72,129.36,87,5,2463,27.855688758199506,67.65056634043589
7306,210.71,124.69,115,6,2464,27.866998416647814,67.66250765267475
4004,210.65,126.78,103,10,2465,27.878308075096133,67.67444556460637
10144,210.61,127.75,90,6,2466,27.889617733544448,67.68638120966654
2278,210.5,121.42,94,7,2467,27.900927391992763,67.69831062083011
7727,210.49,123.67,99,7,2468,27.912237050441075,67.71023946527583
9966,210.48,123.75,109,9,2469,27.92354670888939,67.72216774300367
1865,210.46,124.38,92,8,2470,27.93485636733771,67.73409488729578
2300,210.42,125.42,117,7,2471,27.946166025786024,67.7460197647164
6677,210.37,121.53,102,8,2472,27.957475684234335,67.75794180854767
9662,210.22,127.24,97,5,2473,27.96878534268265,67.7698553516109
5199,210.17000000000002,126.34,105,8,2474,27.980095001130966,67.78176606108477
7471,209.99,125.06,90,5,2475,27.991404659579285,67.793666569637
7440,209.96,123.78999999999999,100,5,2476,28.002714318027593,67.8055653780356
9770,209.93,124.62,102,9,2477,28.01402397647591,67.81746248628058
4337,209.82999999999998,123.79,101,6,2478,28.025333634924227,67.82935392734689
8550,209.75,127.68,94,9,2479,28.036643293372542,67.84124083467022
8937,209.74,126.92,105,7,2480,28.047952951820854,67.85312717527567
1174,209.6,123.81,113,10,2481,28.05926261026917,67.86500558183096
5633,209.54,123.64,103,9,2482,28.070572268717488,67.87688058807903
4292,209.25,131.89,105,8,2483,28.081881927165796,67.88873915950887
8061,209.18,121.34,102,7,2484,28.093191585614115,67.9005937639136
9643,209.07999999999998,127.85,104,8,2485,28.10450124406243,67.91244270113965
4586,209.06,124.37,100,6,2486,28.115810902510745,67.92429050492996
2651,208.87,125.97,101,5,2487,28.127120560959057,67.93612754108075
2830,208.85999999999999,124.55,102,6,2488,28.138430219407372,67.94796401051364
1555,208.63,124.42,110,8,2489,28.14973987785569,67.95978744543554
9237,208.63,122.17,94,9,2490,28.161049536304006,67.97161088035743
2271,208.3,124.5,94,7,2491,28.172359194752318,67.98341561358961
3370,208.15,127.7,89,6,2492,28.183668853200633,67.99521184605375
8817,208.08,118.42,108,7,2493,28.194978511648948,68.00700411149279
2832,207.74,122.35,100,10,2494,28.206288170097267,68.01877710852425
808,207.73,122.55,102,6,2495,28.217597828545575,68.03054953883785
4503,207.6,125.6,111,8,2496,28.228907486993894,68.04231460181914
10099,207.3,121.8,100,6,2497,28.24021714544221,68.05406266326432
4607,207.25,131.21,95,7,2498,28.25152680389052,68.06580789112016
8541,207.23000000000002,121.85,89,7,2499,28.262836462338836,68.07755198554025
8490,207.23,122.61,96,6,2500,28.27414612078715,68.08929607996035
5280,207.11,124.74,107,7,2501,28.28545577923547,68.101033373766
741,207.06,126.56,115,6,2502,28.29676543768378,68.11276783398232
5482,206.96,126.07,102,6,2503,28.308075096132097,68.12449662701991
8238,206.92,122.18,93,6,2504,28.319384754580412,68.13622315318602
4020,206.89,119.84,102,8,2505,28.330694413028727,68.14794797919855
3518,206.87,125.81,98,8,2506,28.34200407147704,68.15967167177531
8151,206.85,123.93,99,6,2507,28.353313729925354,68.17139423091636
5493,206.82999999999998,121.91,92,7,2508,28.364623388373673,68.18311565662165
5576,206.66,119.54,87,7,2509,28.375933046821988,68.19482744812315
5667,206.59,124.87,91,7,2510,28.3872427052703,68.20653527259957
2521,206.59,121.48,107,7,2511,28.398552363718615,68.218243097076
6745,206.55,120.99,95,6,2512,28.409862022166934,68.22994865468092
2134,206.55,120.84,97,7,2513,28.42117168061525,68.24165421228587
2366,206.55,120.8,101,5,2514,28.43248133906356,68.25335976989079
7582,206.43,121.28,85,6,2515,28.443790997511876,68.26505852688129
7038,206.32,125.25999999999999,91,5,2516,28.45510065596019,68.27675104997522
152,206.29,120.82000000000001,91,8,2517,28.466410314408503,68.28844187291553
2346,206.26,120.53999999999999,95,6,2518,28.477719972856818,68.30013099570223
5183,206.21,120.54,111,9,2519,28.489029631305137,68.31181728489958
293,206.19,121.88,92,9,2520,28.50033928975345,68.3235024406612
7763,206.07,120.86,90,5,2521,28.511648948201763,68.33518079580837
6847,206.04,120.98,98,7,2522,28.52295860665008,68.34685745080193
9033,205.97,121.53999999999999,90,5,2523,28.534268265098394,68.35853013877042
7769,205.84,122.17,95,8,2524,28.545577923546713,68.37019545940657
6889,205.77,124.28999999999999,102,7,2525,28.55688758199502,68.38185681301765
1052,205.75,124.23,93,6,2526,28.56819724044334,68.39351703319298
9919,205.68,127.79,85,4,2527,28.579506898891655,68.40517328634323
4455,205.61,120.71,98,5,2528,28.59081655733997,68.41682557246838
9754,205.58,122.67,103,9,2529,28.60212621578828,68.42847615843993
3978,205.56,122.14,99,9,2530,28.613435874236597,68.44012561097573
7388,205.52,127.15,84,6,2531,28.624745532684916,68.45177279664006
8337,205.46,118.97,104,6,2532,28.636055191133224,68.46341658199717
4220,205.38,125.86,94,5,2533,28.647364849581543,68.4750558336113
6804,205.37,122.82000000000001,92,6,2534,28.658674508029858,68.48669451850758
3295,205.32999999999998,121.92,98,8,2535,28.669984166478173,68.49833093653237
3655,205.1,119.22,92,6,2536,28.681293824926485,68.50995432004616
9726,204.96,121.31,82,5,2537,28.6926034833748,68.52156976950977
9390,204.95,120.72,85,6,2538,28.70391314182312,68.53318465225549
892,204.91,120.56,87,5,2539,28.715222800271434,68.54479726812974
4877,204.87,121.14,107,7,2540,28.726532458719745,68.55640761713252
9556,204.85,120.24,81,6,2541,28.73784211716806,68.56801683269956
1741,204.82,127.42999999999999,105,8,2542,28.749151775616376,68.57962434811297
3847,204.55,120.61,101,10,2543,28.760461434064695,68.59121656214391
7519,204.5,120.28,108,7,2544,28.771771092513003,68.6028059425855
3933,204.43,126.41,84,4,2545,28.78308075096132,68.61439135600199
4137,204.38,116.6,83,6,2546,28.794390409409637,68.62597393582912
2513,204.29,115.69,92,6,2547,28.805700067857952,68.63755141519545
7381,204.27,123.4,99,7,2548,28.817009726306264,68.64912776112601
9552,204.19,124.53,110,10,2549,28.82831938475458,68.66069957331362
9546,204.08,123.78,96,7,2550,28.839629043202898,68.67226515160466
4219,203.91,120.54,91,7,2551,28.85093870165121,68.68382109569191
2302,203.78,119.97,84,5,2552,28.862248360099525,68.69536967244686
4720,203.76,125.18,84,5,2553,28.87355801854784,68.70691711576606
5992,203.7,120.27,92,8,2554,28.884867676996155,68.71846115877804
2178,203.67,121.81,89,8,2555,28.896177335444467,68.7300035016364
3003,203.66,126.98,86,8,2556,28.907486993892782,68.74154527777691
6096,203.65,122.15,89,7,2557,28.9187966523411,68.75308648719954
10177,203.53,118.12,88,5,2558,28.930106310789416,68.76462089600773
1820,203.52,121.49,103,7,2559,28.941415969237728,68.77615473809804
9604,203.51,121.62,86,7,2560,28.952725627686043,68.7876880134705
1763,203.45,120.64,91,7,2561,28.96403528613436,68.79921788853574
4402,203.45,120.16,100,7,2562,28.975344944582677,68.81074776360097
5391,203.32,114.69,104,7,2563,28.98665460303099,68.82227027133389
3204,203.29,122.93,94,5,2564,28.997964261479304,68.8337910789132
6855,203.18,121.56,95,5,2565,29.00927391992762,68.84530565259594
3,203.17,124.14,89,5,2566,29.02058357837593,68.85681965956081
3099,203.14,120.0,98,9,2567,29.031893236824246,68.86833196637207
2549,203.05,124.25,96,9,2568,29.043202895272564,68.8798391727225
5032,203.01,121.63,94,6,2569,29.05451255372088,68.89134411220145
4317,202.91,119.47,91,6,2570,29.06582221216919,68.9028433845017
79,202.8,116.91,110,11,2571,29.077131870617507,68.91433642290538
5938,202.69,118.96,103,5,2572,29.088441529065822,68.92582322741248
7127,202.66,117.52,112,7,2573,29.09975118751414,68.93730833176599
4161,202.64,123.49,94,8,2574,29.11106084596245,68.94879230268374
8596,202.63,123.13,99,7,2575,29.122370504410767,68.96027570688362
9353,202.62,120.47,91,5,2576,29.133680162859083,68.97175854436566
7884,202.56,120.83,90,7,2577,29.144989821307398,68.98323798154046
6446,202.42,120.64999999999999,87,7,2578,29.15629947975571,68.99470948466508
7478,202.41,116.60000000000001,100,6,2579,29.167609138204025,69.00618042107183
1829,202.4,125.42,90,8,2580,29.178918796652344,69.0176507907607
9026,202.35999999999999,120.21,106,9,2581,29.19022845510066,69.02911889357812
6251,202.35999999999999,116.89,80,4,2582,29.20153811354897,69.04058699639552
8736,202.35,124.5,84,4,2583,29.212847771997286,69.05205453249505
2402,202.28,124.0,101,6,2584,29.2241574304456,69.0635181015695
6829,202.22,119.11,89,6,2585,29.235467088893913,69.07497827033671
2959,202.16,122.01,99,7,2586,29.246776747342228,69.08643503879671
1869,202.16,122.75,86,7,2587,29.258086405790547,69.0978918072567
7434,202.08,117.09,97,7,2588,29.26939606423886,69.10934404197376
1519,201.93,115.49,103,5,2589,29.280705722687173,69.12078777592274
813,201.88,116.76,86,4,2590,29.29201538113549,69.13222867628238
2389,201.82,119.78,93,6,2591,29.303325039583804,69.1436661763348
1667,201.77,115.17999999999999,99,9,2592,29.314634698032123,69.15510084279788
5658,201.62,118.83,84,6,2593,29.32594435648043,69.1665270084929
7585,201.59,120.13,95,10,2594,29.33725401492875,69.17795147403432
8457,201.48,123.23,99,6,2595,29.348563673377065,69.18936970567916
2581,201.32,122.9,99,5,2596,29.35987333182538,69.20077886983809
1717,201.31,116.71000000000001,104,6,2597,29.37118299027369,69.21218746727914
10,201.07,119.44,104,8,2598,29.382492648722007,69.22358246349131
5612,200.94,122.55,92,5,2599,29.393802307170326,69.23497009237117
1152,200.89,114.67999999999999,105,8,2600,29.40511196561864,69.24635488766168
9449,200.84,123.05,93,6,2601,29.416421624066952,69.25773684936284
8528,200.75,119.94,97,10,2602,29.427731282515268,69.26911371060316
7845,200.72,119.85,94,6,2603,29.439040940963583,69.2804888716899
5905,200.67,121.45,106,7,2604,29.450350599411895,69.29186119918725
5967,200.64000000000001,119.81,101,7,2605,29.46166025786021,69.30323182653102
1915,200.57999999999998,114.79,100,8,2606,29.47296991630853,69.31459905356756
3487,200.57,120.34,94,6,2607,29.484279574756844,69.32596571388623
7236,200.52,122.99,86,5,2608,29.495589233205155,69.33732954061556
9235,200.5,121.28,81,7,2609,29.50689889165347,69.34869223390913
5747,200.49,119.49,108,9,2610,29.51820855010179,69.36005436048485
6454,200.47,119.15,97,8,2611,29.529518208550105,69.37141535362483
4193,200.34,118.79,84,6,2612,29.540827866998416,69.38276897943248
4111,200.33,122.3,95,9,2613,29.55213752544673,69.39412203852228
8207,200.3,121.74,91,7,2614,29.563447183895047,69.40547339745847
6618,200.21,120.56,81,4,2615,29.574756842343362,69.41681965593382
7287,199.98,121.33,97,7,2616,29.586066500791674,69.42815287989815
4176,199.82,118.63,89,5,2617,29.597376159239992,69.43947703637657
8555,199.64000000000001,118.97,100,7,2618,29.608685817688308,69.45079099193333
4279,199.54,116.58,102,7,2619,29.61999547613662,69.46209928031139
3880,199.51,120.01,96,6,2620,29.631305134584935,69.47340586853585
5606,199.5,114.61,83,8,2621,29.64261479303325,69.48471189004243
7200,199.49,123.03999999999999,87,7,2622,29.65392445148157,69.49601734483113
4525,199.44,118.08,80,6,2623,29.665234109929877,69.5073199660305
8266,199.42,117.34,87,5,2624,29.676543768378195,69.51862145379411
1637,199.39,119.64,84,5,2625,29.68785342682651,69.52992124140411
1523,199.27,118.95,109,7,2626,29.699163085274826,69.54121422839968
5847,199.05,119.85,94,10,2627,29.710472743723138,69.55249474760211
8977,199.05,118.7,86,7,2628,29.721782402171453,69.56377526680456
6880,198.89000000000001,117.14,104,9,2629,29.73309206061977,69.57504671852105
7571,198.7,117.59,100,5,2630,29.744401719068087,69.58630740259802
8350,198.68,123.07,85,4,2631,29.7557113775164,69.59756695323927
5805,198.65,116.68,84,7,2632,29.767021035964714,69.60882480372689
8412,198.57,121.36,93,9,2633,29.77833069441303,69.62007812047156
2051,198.49,117.09,87,6,2634,29.789640352861348,69.63132690347328
7227,198.46,119.47,94,4,2635,29.800950011309656,69.64257398632138
3648,198.37,117.95,97,7,2636,29.812259669757974,69.65381596870864
7338,198.3,119.55,82,7,2637,29.82356932820629,69.66505398407084
5368,198.23,119.84,92,6,2638,29.8348789866546,69.67628803240792
7588,198.15,122.83,94,7,2639,29.846188645102917,69.68751754700205
2330,198.11,119.13,80,4,2640,29.857498303551232,69.6987447947247
1399,198.07,120.82,86,5,2641,29.86880796199955,69.70996977557587
1322,197.97,118.16,112,8,2642,29.88011762044786,69.72118908924834
2286,197.89000000000001,121.83,101,6,2643,29.891427278896177,69.73240386917784
8195,197.85999999999999,116.23,98,7,2644,29.902736937344493,69.74361694895376
5933,197.73,115.28,88,7,2645,29.914046595792808,69.75482266139734
7224,197.63,118.2,95,7,2646,29.92535625424112,69.76602270666223
9554,197.34,116.62,100,7,2647,29.936665912689435,69.77720631710889
128,197.32,114.47,88,6,2648,29.947975571137754,69.78838879411981
3543,197.18,119.24,89,5,2649,29.95928522958607,69.79956333708056
7689,197.13,115.45,92,5,2650,29.97059488803438,69.81073504645194
1605,197.12,119.92,85,7,2651,29.981904546482696,69.82190618910545
8758,197.07,115.07000000000001,94,6,2652,29.99321420493101,69.83307449816964
7076,197.07,118.03,89,6,2653,30.004523863379323,69.8442428072338
6566,197.07,114.91,93,6,2654,30.015833521827638,69.85541111629797
7893,197.06,120.12,91,6,2655,30.027143180275957,69.86657885864427
8356,197.04,116.34,98,8,2656,30.03845283872427,69.87774546755485
8853,196.83,117.57,89,7,2657,30.049762497172583,69.88890017539013
7910,196.79,119.91,87,6,2658,30.0610721556209,69.90005261635395
3893,196.75,120.67999999999999,85,6,2659,30.072381814069217,69.91120279044627
3981,196.69,113.18,112,11,2660,30.083691472517533,69.92234956423138
2542,196.64,120.02,90,7,2661,30.095001130965844,69.93349350442713
9814,196.60999999999999,121.5,101,8,2662,30.10631078941416,69.94463574446928
865,196.58,121.36,102,7,2663,30.117620447862475,69.95577628435782
9611,196.57,119.48,83,7,2664,30.12893010631079,69.96691625752851
2421,196.57,115.44,91,6,2665,30.1402397647591,69.97805623069918
2961,196.3,115.57,87,5,2666,30.15154942320742,69.98918090248736
7494,196.3,117.02,96,6,2667,30.162859081655736,70.00030557427554
518,196.27,116.3,82,6,2668,30.17416874010405,70.01142854591012
3731,196.20000000000002,116.31,86,7,2669,30.185478398552362,70.02254755051959
9337,196.14000000000001,120.58,85,6,2670,30.196788057000678,70.03366315482185
4747,196.08,120.34,94,7,2671,30.208097715448996,70.04477535881689
2515,196.06,117.11,86,6,2672,30.219407373897305,70.05588642937619
5716,196.03,116.37,100,7,2673,30.230717032345623,70.06699579978188
5301,195.98,118.07,87,7,2674,30.24202669079394,70.07810233659822
6861,195.88,118.63,118,7,2675,30.253336349242254,70.08920320623585
7014,195.72,115.78,88,6,2676,30.264646007690565,70.10029500838758
2469,195.69,116.45,80,6,2677,30.27595566613888,70.11138511038567
9945,195.68,118.5,85,6,2678,30.2872653245872,70.12247464566592
3897,195.63,115.64,86,8,2679,30.298574983035515,70.13356134735679
2078,195.52,117.8,96,6,2680,30.309884641483826,70.1446418151511
8561,195.46,112.19,90,5,2681,30.32119429993214,70.15571888263821
3201,195.32,113.15,85,8,2682,30.332503958380457,70.16678801607513
9619,195.16,118.21000000000001,90,6,2683,30.343813616828776,70.17784808202613
2241,195.04,118.06,87,6,2684,30.355123275277084,70.18890134736269
3850,195.02,117.25,100,7,2685,30.366432933725402,70.1999534792635
6201,194.97,116.67,89,5,2686,30.377742592173718,70.21100277757498
4168,194.93,117.03,92,7,2687,30.389052250622033,70.22204980901495
148,194.83,116.38,93,6,2688,30.400361909070345,70.23309117327625
399,194.82,119.57,79,5,2689,30.41167156751866,70.24413197081967
9854,194.74,118.36,96,7,2690,30.42298122596698,70.25516823462013
9108,194.56,115.94,89,6,2691,30.434290884415287,70.26619429749893
2488,194.52,117.58,92,6,2692,30.445600542863605,70.27721809350625
7811,194.41,115.41,93,6,2693,30.45691020131192,70.28823565561699
876,194.38,118.05,108,6,2694,30.468219859760236,70.29925151757412
8975,194.3,118.02,84,5,2695,30.479529518208548,70.3102628457883
1085,194.27,112.58,95,8,2696,30.490839176656863,70.32127247384888
3949,194.21,118.59,113,5,2697,30.50214883510518,70.33227870160222
8211,194.09,117.26,88,8,2698,30.513458493553497,70.34327812874113
4582,194.05,117.18,91,6,2699,30.52476815200181,70.35427528900857
9692,194.03,117.01,95,7,2700,30.536077810450124,70.36527131584026
6079,193.93,116.03,106,12,2701,30.54738746889844,70.37626167549324
5155,193.81,115.27,95,4,2702,30.558697127346758,70.38724523453179
992,193.77,111.77,99,5,2703,30.570006785795066,70.39822652669886
9068,193.77,116.34,87,7,2704,30.581316444243384,70.40920781886592
9694,193.59,112.9,95,8,2705,30.5926261026917,70.42017891011135
7606,193.51,116.92999999999999,81,5,2706,30.60393576114001,70.43114546761379
5942,193.51,115.09,97,7,2707,30.615245419588327,70.44211202511624
3087,193.49,117.44,100,7,2708,30.626555078036645,70.45307744918294
9687,193.48000000000002,117.06,105,9,2709,30.63786473648496,70.46404230653178
5123,193.46,116.36,93,6,2710,30.649174394933272,70.47500603044489
6851,193.41,116.99,91,7,2711,30.660484053381587,70.48596692076863
2313,193.4,110.50999999999999,94,5,2712,30.671793711829903,70.49692724437449
3261,193.39,114.11,81,6,2713,30.683103370278218,70.5078870012625
7627,193.08,117.86,84,8,2714,30.69441302872653,70.51882918989654
6878,192.89,116.24,79,6,2715,30.70572268717485,70.52976061089105
2289,192.75,110.28999999999999,82,7,2716,30.717032345623164,70.54068409783537
6968,192.72,117.86,93,4,2717,30.72834200407148,70.55160588462608
3871,192.7,118.08,97,9,2718,30.73965166251979,70.56252653798106
7332,192.55,117.66,104,8,2719,30.750961320968106,70.573438690568
529,192.54,114.42,88,4,2720,30.762270979416424,70.58435027643706
3070,192.52,115.11,78,6,2721,30.77358063786474,70.59526072887037
7601,192.48000000000002,113.7,89,7,2722,30.78489029631305,70.6061689144322
4247,192.46,114.46,92,9,2723,30.796199954761367,70.6170759665583
5203,192.44,115.89,99,7,2724,30.80750961320968,70.62798188524866
6670,192.36,110.78,96,6,2725,30.818819271657993,70.63888327019606
5802,192.17,113.82000000000001,96,8,2726,30.83012893010631,70.64977388750393
4644,192.16,114.03,82,6,2727,30.841438588554627,70.66066393809392
5669,192.04,113.48,95,7,2728,30.852748247002943,70.67154718806947
9188,192.03,113.21000000000001,77,5,2729,30.864057905451254,70.68242987132717
7476,192.0,116.94,84,5,2730,30.87536756389957,70.69331085443125
6881,191.89,114.57000000000001,91,5,2731,30.886677222347885,70.70418560363875
2102,191.78,117.56,97,9,2732,30.897986880796203,70.71505411894968
6715,191.77,113.81,101,7,2733,30.90929653924451,70.72592206754275
7193,191.72,116.12,83,5,2734,30.92060619769283,70.73678718254646
6510,191.7,112.39,102,4,2735,30.931915856141146,70.74765116411444
191,191.67,116.77,93,5,2736,30.94322551458946,70.7585134455288
5514,191.66,117.23,89,6,2737,30.954535173037772,70.7693751602253
6659,191.65,116.34,93,6,2738,30.965844831486088,70.78023630820392
261,191.55,114.77,75,4,2739,30.977154489934406,70.79109178900384
3449,191.54,117.67,92,6,2740,30.988464148382715,70.8019467030859
7856,191.44,114.91,90,6,2741,30.999773806831033,70.81279594998927
4420,191.35,109.95,112,8,2742,31.01108346527935,70.82364009643179
268,191.12,115.29,87,6,2743,31.022393123727664,70.83447120836331
6958,191.02,114.36,91,7,2744,31.033702782175975,70.84529665311614
5293,191.0,113.75999999999999,97,7,2745,31.04501244062429,70.85612096443322
4842,190.99,114.38,96,7,2746,31.05632209907261,70.86694470903242
4201,190.98,117.13,90,6,2747,31.067631757520925,70.87776788691376
9467,190.96,115.34,87,5,2748,31.078941415969236,70.88858993135935
4520,190.9,116.71,96,5,2749,31.09025107441755,70.89940857549773
6526,190.84,113.64,76,8,2750,31.101560732865867,70.91022381932889
4063,190.83,113.14,82,5,2751,31.112870391314186,70.92103849644218
450,190.75,110.25,86,7,2752,31.124180049762494,70.9318486398125
1896,190.74,113.94,84,13,2753,31.135489708210812,70.94265821646496
8018,190.6,113.34,96,7,2754,31.146799366659128,70.95345985906725
6141,190.57,113.62,93,7,2755,31.158109025107443,70.96425980151592
4828,190.49,111.36,99,7,2756,31.169418683555755,70.97505521022161
1883,190.48,113.24,86,6,2757,31.180728342004073,70.98585005220946
6433,190.42,111.59,91,6,2758,31.19203800045239,70.99664149389007
4205,190.37,112.35,81,6,2759,31.2033476589007,71.00743010198134
576,190.21,118.75,71,4,2760,31.214657317349015,71.01820964258668
8575,190.15,116.09,87,4,2761,31.22596697579733,71.0289857828848
3258,190.13,109.19,92,7,2762,31.237276634245646,71.03976078974719
7122,190.13,116.44,118,7,2763,31.248586292693957,71.05053579660957
5743,190.12,113.75,93,9,2764,31.259895951142276,71.0613102367541
2035,190.1,115.0,97,6,2765,31.27120560959059,71.07208354346287
5254,190.09,111.17,82,6,2766,31.282515268038907,71.0828562834538
3166,190.02,115.99000000000001,89,5,2767,31.29382492648722,71.0936250564196
6204,190.01,113.02,109,9,2768,31.305134584935534,71.10439326266756
1530,189.91,113.53999999999999,104,7,2769,31.316444243383852,71.11515580173679
9228,189.56,112.21,93,4,2770,31.327753901832168,71.12589850568058
3068,189.55,114.21,98,8,2771,31.33906356028048,71.13664064290653
6800,189.52,112.64,72,5,2772,31.350373218728794,71.14738107997883
8708,189.4,113.74,83,7,2773,31.36168287717711,71.1581147164367
10220,189.4,115.58,93,6,2774,31.37299253562542,71.16884835289457
7967,189.34,115.16,83,7,2775,31.384302194073737,71.17957858904525
3642,189.31,115.52,86,7,2776,31.395611852522055,71.19030712504228
6775,189.29,113.56,87,7,2777,31.40692151097037,71.2010345276036
7619,189.27,115.89,98,7,2778,31.418231169418682,71.21176079672917
7879,189.16,113.94,85,4,2779,31.429540827866997,71.22248083195815
7832,189.16,115.13,95,5,2780,31.440850486315313,71.23320086718715
9451,189.14,108.95,87,6,2781,31.45216014476363,71.2439197689804
3922,189.05,107.48,87,6,2782,31.46346980321194,71.25463357031283
7363,188.79,111.21000000000001,78,5,2783,31.47477946166026,71.26533263698065
9822,188.75,114.41,85,4,2784,31.486089120108574,71.27602943677697
1007,188.62,116.42,94,7,2785,31.49739877855689,71.28671886924099
2324,188.54,111.81,80,6,2786,31.5087084370052,71.29740376796204
6945,188.54,116.39999999999999,84,7,2787,31.520018095453516,71.3080886666831
6248,188.42,113.67,80,4,2788,31.531327753901834,71.31876676478971
3809,188.41,113.26,88,6,2789,31.54263741235015,71.32944429617845
886,188.38,108.39,89,5,2790,31.55394707079846,71.34012012741358
2352,188.36,108.55,84,5,2791,31.565256729246777,71.35079482521299
1130,188.3,108.77,90,5,2792,31.57656638769509,71.36146612270517
1146,188.29,111.76,83,5,2793,31.587876046143403,71.37213685347947
4409,188.26,113.55,73,6,2794,31.59918570459172,71.38280588410016
2571,188.15,112.19,86,6,2795,31.610495363040037,71.39346868082428
7878,188.11,113.77000000000001,95,5,2796,31.621805021488353,71.40412921067694
4744,187.91,114.97,79,5,2797,31.633114679936664,71.41477840617219
2016,187.81,111.55,77,5,2798,31.64442433838498,71.42542193448872
3293,187.79,113.34,81,7,2799,31.655733996833295,71.43606432936954
3523,187.76,113.92999999999999,102,6,2800,31.667043655281613,71.44670502409673
10210,187.73,112.32000000000001,95,7,2801,31.67835331372992,71.45734401867033
9985,187.64,110.46,103,6,2802,31.68966297217824,71.46797791278307
6951,187.59,106.86,88,6,2803,31.700972630626556,71.47860897330648
6328,187.59,116.77,70,3,2804,31.71228228907487,71.48924003382989
9017,187.58,111.67,88,5,2805,31.723591947523182,71.49987052763544
5941,187.43,111.18,90,5,2806,31.7349016059715,71.51049252067291
6746,187.37,111.51,109,7,2807,31.746211264419816,71.52111111340318
422,187.37,112.12,87,6,2808,31.75752092286813,71.53172970613345
6181,187.32,110.92999999999999,88,6,2809,31.768830581316443,71.54234546527437
6233,187.24,107.41,90,6,2810,31.78014023976476,71.55295669067233
1481,187.15,109.19,85,6,2811,31.791449898213074,71.56356281560944
5307,187.11,112.09,87,6,2812,31.802759556661385,71.5741666736751
2024,187.06,110.32,76,8,2813,31.814069215109704,71.5847676981514
4019,187.03,113.16,86,5,2814,31.82537887355802,71.5953670224741
3104,186.97,109.47,96,7,2815,31.836688532006335,71.60596294648956
8243,186.9,107.81,90,7,2816,31.847998190454646,71.61655490347992
3629,186.8,114.47,78,3,2817,31.85930784890296,71.62714119329159
243,186.78,115.95,94,5,2818,31.87061750735128,71.63772634966755
2047,186.76,111.48,83,9,2819,31.881927165799596,71.64831037260772
4277,186.74,109.96,93,10,2820,31.893236824247907,71.65889326211219
4598,186.73,113.1,89,6,2821,31.904546482696222,71.66947558489876
9050,186.67000000000002,112.87,106,8,2822,31.915856141144538,71.68005450737813
6726,186.66,111.06,78,7,2823,31.927165799592856,71.69063286313963
4463,186.6,105.52,89,6,2824,31.938475458041165,71.7012078185939
5289,186.6,106.17,84,5,2825,31.949785116489483,71.71178277404819
3942,186.46,110.24,85,5,2826,31.9610947749378,71.72234979545227
5560,186.4,112.95,84,7,2827,31.97240443338611,71.73291341654915
1083,186.36,111.83,84,6,2828,31.983714091834425,71.74347477077455
2132,186.35,110.7,80,6,2829,31.99502375028274,71.75403555828208
1759,186.34,110.18,93,7,2830,32.00633340873106,71.76459577907174
4273,186.32999999999998,111.68,82,5,2831,32.01764306717937,71.77515543314352
7801,186.26,113.58,94,6,2832,32.02895272562768,71.78571112019021
7361,186.25,113.83,94,9,2833,32.040262384076,71.79626624051905
6940,186.23,111.24,103,6,2834,32.05157204252432,71.80682022741213
2476,186.2,108.49,95,7,2835,32.06288170097263,71.8173725141516
6766,186.1,113.5,97,6,2836,32.074191359420944,71.82791913371238
10205,185.98,107.47,80,5,2837,32.08550101786926,71.83845895265873
568,185.96,107.37,93,7,2838,32.096810676317574,71.84899763816931
5551,185.87,111.04,92,6,2839,32.108120334765886,71.85953122321908
311,185.79,107.94,78,5,2840,32.119429993214204,71.8700602745259
4224,185.78,111.39999999999999,88,7,2841,32.13073965166252,71.88058875911483
4135,185.72,111.91,102,8,2842,32.142049310110835,71.89111384339654
9696,185.69,110.81,96,6,2843,32.15335896855915,71.90163722752465
3338,185.55,115.94,84,6,2844,32.164668627007465,71.91215267760256
4403,185.41,108.26,95,7,2845,32.175978285455784,71.9226601936303
8021,185.22,115.48,86,8,2846,32.18728794390409,71.93315694201853
6254,185.12,113.66,91,7,2847,32.19859760235241,71.94364802322805
2489,185.11,113.31,71,4,2848,32.209907260800726,71.95413853771969
891,185.09,114.46000000000001,87,7,2849,32.22121691924904,71.9646279187756
3709,185.06,112.15,91,7,2850,32.23252657769735,71.97511559967789
1729,185.0,108.85,84,6,2851,32.24383623614567,71.98559988027297
8728,184.92,113.59,99,6,2852,32.25514589459399,71.99607962712508
4630,184.85,114.55,89,6,2853,32.2664555530423,72.00655540695212
4524,184.7,109.57,91,5,2854,32.27776521149061,72.01702268601109
2232,184.7,108.88,85,8,2855,32.28907486993893,72.02748996507006
3579,184.68,112.36,96,6,2856,32.30038452838724,72.03795611069329
1658,184.51,114.06,94,7,2857,32.31169418683556,72.04841262211274
723,184.51,113.85000000000001,88,6,2858,32.32300384528387,72.05886913353218
3163,184.51,106.81,81,5,2859,32.33431350373219,72.06932564495162
182,184.48,109.57,80,6,2860,32.3456231621805,72.07978045621746
8154,184.44,110.99,95,7,2861,32.35693282062881,72.09023300061182
2258,184.32,111.76,92,6,2862,32.36824247907713,72.10067874439173
5347,184.3,111.21,75,6,2863,32.379552137525444,72.11112335473591
2193,184.28,106.89,91,5,2864,32.39086179597376,72.12156683164434
3768,184.22,111.0,98,5,2865,32.402171454422074,72.13200690824554
4032,184.12,111.57,94,9,2866,32.41348111287039,72.14244131766807
438,183.94,111.03,74,5,2867,32.424790771318705,72.15286552616892
10182,183.91,111.2,81,5,2868,32.43610042976702,72.16328803451616
7403,183.78,108.96000000000001,81,8,2869,32.447410088215335,72.1737031755311
7523,183.77,112.00999999999999,76,5,2870,32.45871974666365,72.18411774982818
5896,183.51,108.58,89,4,2871,32.470029405111966,72.1945175894606
4344,183.47,110.8,85,6,2872,32.481339063560284,72.20491516222157
7735,183.37,106.52,80,5,2873,32.492648722008596,72.21530706780385
552,183.31,116.45,84,8,2874,32.50395838045691,72.22569557307888
1793,183.21,107.84,91,6,2875,32.515268038905226,72.23607841117523
6442,183.2,115.28,76,6,2876,32.526577697353545,72.2464606825537
9691,183.19,110.93,94,7,2877,32.53788735580186,72.2568423872143
9977,183.19,111.41,83,8,2878,32.54919701425017,72.26722409187491
10209,183.14,113.81,94,9,2879,32.56050667269849,72.27760296294615
8235,183.05,110.77,80,11,2880,32.5718163311468,72.28797673355658
5694,183.01,109.9,81,5,2881,32.58312598959511,72.29834823729551
6924,182.97,108.07,94,5,2882,32.59443564804343,72.30871747416299
916,182.96,110.74,94,7,2883,32.60574530649175,72.31908614431258
1022,182.95,110.52,97,5,2884,32.61705496494006,72.3294542477443
6359,182.76,111.21000000000001,85,6,2885,32.62836462338837,72.3398115835365
1792,182.75,110.22,86,7,2886,32.63967428183669,72.35016835261081
1311,182.75,108.39,85,5,2887,32.650983940285,72.36052512168514
8115,182.66,108.09,94,6,2888,32.662293598733314,72.37087679029864
6462,182.65,105.08,83,9,2889,32.67360325718163,72.38122789219425
2639,182.54,108.54,74,5,2890,32.68491291562995,72.3915727601933
3936,182.51999999999998,103.22,87,7,2891,32.69622257407826,72.40191649475662
1973,182.47,110.15,86,5,2892,32.707532232526574,72.41225739573058
6590,182.29,108.02,82,5,2893,32.71884189097489,72.42258809578288
6757,182.29,109.73,80,7,2894,32.73015154942321,72.43291879583519
7830,182.09,106.81,88,6,2895,32.741461207871524,72.4432381615301
4249,182.02,107.33,87,6,2896,32.752770866319835,72.45355356019991
9268,181.96,110.07000000000001,84,7,2897,32.764080524768154,72.4638655585625
24,181.94,110.45,84,5,2898,32.775390183216466,72.47417642348935
42,181.92,109.73,97,8,2899,32.78669984166478,72.48448615498046
5986,181.86,104.47,85,6,2900,32.798009500113096,72.49479248616436
4972,181.82,113.72,76,4,2901,32.809319158561415,72.50509655047678
2963,181.81,109.95,81,6,2902,32.82062881700973,72.51540004807133
2191,181.77,110.32,90,6,2903,32.83193847545804,72.5257012787944
4553,181.76,109.89,70,6,2904,32.84324813390636,72.53600194279959
9583,181.69,110.97,84,6,2905,32.85455779235467,72.54629863977968
5572,181.6,109.54,94,5,2906,32.86586745080299,72.55659023629897
3466,181.54,107.99,78,5,2907,32.8771771092513,72.56687843251102
9978,181.32,106.82,99,8,2908,32.88848676769962,72.57715416092994
6686,181.31,108.17,106,9,2909,32.89979642614793,72.58742932263098
6134,181.28,107.97,85,7,2910,32.91110608459625,72.59770278417842
3380,181.22,107.54,77,5,2911,32.92241574304456,72.60797284541863
3679,181.21,105.62,81,5,2912,32.93372540149287,72.61824233994098
3906,181.06,110.63,77,6,2913,32.94503505994119,72.62850333369526
2362,180.89,107.05,75,7,2914,32.9563447183895,72.63875469324577
2110,180.78,110.73,93,6,2915,32.96765437683782,72.6489998188997
1628,180.77,109.18,81,5,2916,32.97896403528613,72.65924437783576
300,180.76,106.87,82,5,2917,32.99027369373445,72.66948837005395
9319,180.72,108.72,94,5,2918,33.00158335218276,72.67973009540066
6418,180.61,107.53,95,6,2919,33.012893010631075,72.68996558685082
4056,180.61,105.92,86,8,2920,33.02420266907939,72.70020107830096
8293,180.6,107.97,86,5,2921,33.03551232752771,72.71043600303324
5221,180.54,102.17999999999999,92,6,2922,33.046821985976024,72.72066752745829
4385,180.54,109.87,80,6,2923,33.058131644424336,72.73089905188334
4890,180.48,107.54,83,7,2924,33.069441302872654,72.74112717600119
2951,180.46,108.78,85,4,2925,33.08075096132097,72.75135416668327
898,180.37,108.47,88,6,2926,33.092060619769285,72.76157605690454
4797,180.35999999999999,106.7,81,6,2927,33.1033702782176,72.77179738040795
7360,180.34,106.33,89,5,2928,33.114679936665915,72.7820175704756
9658,180.22,109.85,92,7,2929,33.12598959511423,72.7922309599288
6877,180.15,106.16,72,5,2930,33.13729925356254,72.80244038235692
9626,180.05,108.31,90,5,2931,33.14860891201086,72.81264413760636
8924,180.02,101.48,71,5,2932,33.159918570459176,72.82284619270216
3904,179.92,107.77,84,5,2933,33.17122822890749,72.83304258061928
5208,179.9,105.38,84,6,2934,33.1825378873558,72.84323783510064
2168,179.88,111.58,76,4,2935,33.19384754580412,72.85343195614627
4334,179.66,105.85,85,5,2936,33.20515720425243,72.86361360939875
5625,179.62,103.61,81,4,2937,33.21646686270074,72.87379299577978
9906,179.6,110.16,77,5,2938,33.22777652114906,72.88397124872506
8598,179.59,104.54,75,5,2939,33.23908617959738,72.89414893495247
9415,179.38,105.39,82,5,2940,33.25039583804569,72.9043147201046
8864,179.37,110.0,81,7,2941,33.261705496494,72.91447993853886
1531,179.37,107.39,75,6,2942,33.27301515494232,72.92464515697313
7942,179.23,107.2,82,5,2943,33.28432481339064,72.9348024413572
988,179.23,109.41,102,8,2944,33.29563447183895,72.94495972574128
8810,179.14,109.01,78,5,2945,33.30694413028726,72.95511190966452
8491,179.13,107.44,85,6,2946,33.31825378873558,72.9652635268699
7179,179.09,108.69,84,7,2947,33.329563447183894,72.97541287720381
1286,179.01,107.98,85,6,2948,33.340873105632205,72.98555769379476
6174,179.0,109.83,75,4,2949,33.352182764080524,72.99570194366784
3473,178.98,107.16,95,7,2950,33.36349242252884,73.00584506010516
4538,178.95,107.62,88,6,2951,33.374802080977155,73.01598647638889
7268,178.88,108.69,83,5,2952,33.386111739425466,73.0261239256475
3114,178.85,105.74,84,5,2953,33.397421397873785,73.03625967475253
6327,178.8,109.01,91,7,2954,33.4087310563221,73.04639259026821
5083,178.72,100.83,74,5,2955,33.420040714770415,73.05652097204091
3994,178.72,103.9,79,6,2956,33.43135037321873,73.06664935381363
4143,178.72,105.83,82,5,2957,33.442660031667046,73.07677773558635
5875,178.7,104.47,82,7,2958,33.45396969011536,73.0869049839233
423,178.63,104.62,82,6,2959,33.465279348563676,73.09702826523518
2798,178.59,107.05,86,9,2960,33.47658900701199,73.10714927967558
160,178.59,106.92,81,6,2961,33.4878986654603,73.117270294116
6772,178.54,105.61,95,6,2962,33.49920832390862,73.12738847496705
6916,178.53,105.66,88,4,2963,33.51051798235694,73.13750608910024
9499,178.46,105.54,84,5,2964,33.52182764080525,73.14761973620833
4399,178.42,107.08,94,6,2965,33.53313729925356,73.15773111644494
5929,178.31,107.78,81,4,2966,33.54444695770188,73.16783626278497
3730,178.29,107.31,76,7,2967,33.55575661615019,73.17794027568928
5978,178.29,106.84,71,4,2968,33.5670662745985,73.18804428859359
7535,178.25,100.74,84,5,2969,33.57837593304682,73.1981460346264
4722,178.1,106.69,79,6,2970,33.58968559149514,73.20823927989119
9417,178.06,106.84,80,6,2971,33.60099524994345,73.21833025828448
3121,177.76999999999998,103.33,81,8,2972,33.61230490839176,73.22840480185955
895,177.65,108.24,100,4,2973,33.62361456684008,73.23847254482017
57,177.55,108.86,93,5,2974,33.6349242252884,73.24853462060207
9081,177.55,104.38,89,7,2975,33.64623388373671,73.258596696384
6891,177.48999999999998,101.68,87,4,2976,33.657543542185024,73.26865537185871
6019,177.47,106.19,68,6,2977,33.66885320063334,73.27871291389766
9269,177.47,107.03,83,6,2978,33.680162859081655,73.28877045593663
8627,177.42,106.07000000000001,85,6,2979,33.69147251752997,73.29882516438624
7625,177.4,105.3,74,6,2980,33.702782175978285,73.30887873940011
1839,177.21,108.96,78,6,2981,33.714091834426604,73.31892154677445
244,177.21,105.09,86,6,2982,33.725401492874916,73.32896435414878
6575,177.1,102.43,73,6,2983,33.73671115132323,73.33900092762656
3177,176.94,105.83,85,6,2984,33.748020809771546,73.3490284336184
2021,176.93,104.03,83,6,2985,33.75933046821986,73.35905537289239
3102,176.85,105.36,80,5,2986,33.77064012666817,73.3690777784234
5671,176.85,102.85,80,5,2987,33.78194978511649,73.37910018395444
1946,176.82,107.8,89,8,2988,33.79325944356481,73.38912088933185
8699,176.76,103.5,78,5,2989,33.80456910201312,73.39913819440204
9110,176.72,102.79,83,4,2990,33.81587876046143,73.40915323260076
8369,176.61,106.34,95,4,2991,33.82718841890975,73.41916203690289
2610,176.57,106.55,71,7,2992,33.83849807735807,73.42916857433357
1624,176.53,104.91,80,5,2993,33.84980773580638,73.43917284489275
5435,176.43,104.97,77,5,2994,33.86111739425469,73.44917144827323
10178,176.42,110.02,83,4,2995,33.87242705270301,73.45916948493584
6486,176.25,106.07,91,7,2996,33.88373671115132,73.46915788739466
3337,176.23,103.91,79,5,2997,33.89504636959964,73.47914515641773
502,176.17000000000002,105.42,86,5,2998,33.90635602804795,73.4891290251336
2539,176.17,103.28,81,4,2999,33.91766568649627,73.49911289384946
7443,176.14000000000001,105.44,85,7,3000,33.92897534494458,73.50909506241169
5627,176.1,104.18,80,6,3001,33.940285003392894,73.51907496410247
6257,176.03,102.77,77,4,3002,33.95159466184121,73.52905089876816
7985,175.98,106.91,97,6,3003,33.962904320289525,73.53902399984447
1953,175.87,104.62,95,6,3004,33.97421397873784,73.54899086702424
8476,175.85,106.06,81,5,3005,33.985523637186155,73.55895660076828
6218,175.83,107.62,79,7,3006,33.996833295634474,73.56892120107656
8042,175.69,104.81,80,7,3007,34.008142954082786,73.57887786733465
7181,175.68,104.2,82,6,3008,34.019452612531104,73.58883396687489
5887,175.64000000000001,104.78,76,6,3009,34.030762270979416,73.59878779954363
3002,175.62,106.09,80,7,3010,34.04207192942773,73.60874049877665
1227,175.59,104.08,84,8,3011,34.053381587876046,73.61869149785606
8208,175.55,106.2,79,5,3012,34.064691246324365,73.62864023006398
377,175.53,106.1,86,6,3013,34.07600090477268,73.63858782883615
5637,175.51,101.63,78,4,3014,34.08731056322099,73.64853429417259
7839,175.5,107.05,68,4,3015,34.09862022166931,73.65848019279117
8954,175.39000000000001,102.44,79,5,3016,34.109929880117626,73.66841985751317
4808,175.39000000000001,104.6,79,6,3017,34.12123953856593,73.67835952223516
2269,175.28,106.32,82,7,3018,34.13254919701425,73.6882929530606
1166,175.25,103.78,83,8,3019,34.14385885546257,73.69822468373242
1368,175.23000000000002,102.34,84,6,3020,34.15516851391088,73.70815528096848
5153,175.22,107.37,86,6,3021,34.16647817235919,73.7180853114867
478,175.21,104.77,96,8,3022,34.17778783080751,73.72801477528704
6480,175.15,108.44,79,6,3023,34.18909748925583,73.73794083878016
1922,175.12,103.92,72,4,3024,34.20040714770414,73.74786520211968
7215,175.08,101.96000000000001,89,6,3025,34.21171680615245,73.7577872985877
2365,175.06,105.53,87,5,3026,34.22302646460077,73.76770826162
3498,175.01,104.56,80,6,3027,34.23433612304908,73.77762639106294
779,175.01,105.12,85,4,3028,34.245645781497394,73.78754452050589
36,174.97,104.29,88,9,3029,34.25695543994571,73.79746038307734
2294,174.96,107.99,72,7,3030,34.26826509839403,73.80737567893092
7040,174.94,106.11,73,6,3031,34.279574756842344,73.81728984134878
6145,174.89000000000001,102.11,81,6,3032,34.290884415290655,73.82720117017728
8381,174.87,101.77,78,4,3033,34.302194073738974,73.83711136557004
5232,174.81,102.03,75,4,3034,34.313503732187286,73.84701816065558
4583,174.76,102.45,85,7,3035,34.3248133906356,73.85692212215179
3767,174.72,104.51,75,5,3036,34.336123049083916,73.86682381677649
2002,174.71,102.07000000000001,75,4,3037,34.347432707532235,73.87672494468333
6770,174.7,100.23,76,4,3038,34.35874236598055,73.88662550587229
5290,174.67000000000002,107.11,75,6,3039,34.37005202442886,73.89652436690764
6027,174.59,103.36,85,5,3040,34.38136168287718,73.90641869420006
8889,174.5,102.39,80,7,3041,34.392671341325496,73.91630792103162
6148,174.49,101.97,80,9,3042,34.40398099977381,73.92619658114532
137,174.42,106.47,77,6,3043,34.41529065822212,73.93608127423393
3667,174.41,103.72,86,6,3044,34.42660031667044,73.94596540060466
6416,174.4,103.34,93,7,3045,34.43790997511875,73.95584896025753
3342,174.33,103.81,80,5,3046,34.44921963356707,73.96572855288531
6459,174.29,103.41,97,7,3047,34.46052929201538,73.97560587864162
7112,174.28,99.39,86,7,3048,34.4718389504637,73.98548263768005
7541,174.26,98.77,86,4,3049,34.48314860891201,73.99535826328274
1150,174.26,100.8,71,4,3050,34.49445826736033,74.00523388888544
3034,174.25,99.35,83,7,3051,34.50576792580864,74.01510894777024
3109,174.23,105.81,98,6,3052,34.51707758425695,74.02498287321933
3086,174.22,104.42999999999999,70,4,3053,34.52838724270527,74.03485623195054
8665,174.22,103.82000000000001,78,5,3054,34.53969690115358,74.04472959068174
4774,174.17000000000002,104.35,86,6,3055,34.5510065596019,74.0546001158236
6709,174.1,105.2,79,5,3056,34.56231621805021,74.06446667394037
3469,174.01,103.89,86,7,3057,34.57362587649853,74.07432813159632
5113,173.91,106.4,68,4,3058,34.584935534946844,74.08418392207355
8911,173.89,106.10000000000001,77,4,3059,34.596245193395156,74.09403857911505
781,173.74,100.32,76,5,3060,34.607554851843474,74.1038847353885
6805,173.7,103.2,73,5,3061,34.61886451029179,74.11372862479047
3952,173.69,103.37,92,7,3062,34.630174168740105,74.12357194747456
4369,173.57,102.37,79,5,3063,34.64148382718842,74.13340846954422
4909,173.5,103.04,67,5,3064,34.652793485636735,74.1432410245888
1900,173.45,102.77,75,5,3065,34.664103144085054,74.15307074604401
7779,173.45,101.67,92,6,3066,34.67541280253336,74.16290046749923
4558,173.38,101.02,79,6,3067,34.68672246098168,74.17272622192935
2969,173.26,105.76,78,6,3068,34.698032119429996,74.18254517574503
5511,173.23,107.35,81,5,3069,34.70934177787831,74.19236242940713
3052,173.22,99.7,91,7,3070,34.72065143632662,74.20217911635133
6500,173.21,107.28999999999999,80,7,3071,34.73196109477494,74.21199523657766
9404,173.14000000000001,104.11,92,6,3072,34.74327075322326,74.22180738977892
5214,173.09,100.05,82,6,3073,34.75458041167157,74.2316167093908
524,173.01,104.74,78,7,3074,34.76589007011988,74.24142149525976
8505,172.87,98.19,73,4,3075,34.7771997285682,74.25121834707853
6381,172.85,104.03999999999999,73,5,3076,34.78850938701651,74.26101406546155
8113,172.84,104.95,74,6,3077,34.79981904546482,74.27080921712671
2973,172.83,103.83,94,7,3078,34.81112870391314,74.28060380207398
162,172.8,98.58,89,4,3079,34.82243836236146,74.29039668686767
4679,172.77,98.79,68,4,3080,34.83374802080977,74.30018787150772
6086,172.77,103.75,92,6,3081,34.84505767925808,74.30997905614778
165,172.76,100.78,66,5,3082,34.8563673377064,74.31976967406997
55,172.75,101.51,83,6,3083,34.867676996154714,74.3295597252743
7872,172.75,102.52,67,4,3084,34.87898665460303,74.33934977647861
6065,172.68,105.43,81,4,3085,34.890296313051344,74.34913586065784
856,172.52,105.35,93,6,3086,34.90160597149966,74.35891287735114
8389,172.52,104.31,74,5,3087,34.912915629947975,74.36868989404446
8046,172.37,98.97,83,8,3088,34.924225288396286,74.37845840996972
5423,172.29,105.58,85,8,3089,34.935534946844605,74.38822239215203
87,172.24,102.4,76,4,3090,34.946844605292924,74.39798354074497
6304,172.23,102.49,72,7,3091,34.958154263741235,74.40774412262006
8070,172.16,98.55,72,5,3092,34.96946392218955,74.41750073747005
9952,172.07999999999998,102.22,78,5,3093,34.980773580637866,74.42725281857707
7695,172.07,103.63,74,6,3094,34.99208323908618,74.43700433296624
5245,172.02,102.19,94,8,3095,35.003392897534496,74.44675301376604
1826,171.89000000000001,105.24,78,4,3096,35.01470255598281,74.45649432723354
5539,171.89,103.6,76,4,3097,35.02601221443113,74.46623564070103
397,171.85,103.34,86,5,3098,35.03732187287944,74.47597468729705
6567,171.82,102.38,82,5,3099,35.04863153132776,74.48571203373947
5488,171.74,105.14,78,5,3100,35.05994118977607,74.49544484643891
5387,171.65,105.67,90,7,3101,35.07125084822438,74.50517255867753
8850,171.63,101.92,75,5,3102,35.0825605066727,74.51489913748041
4921,171.62,101.58,75,6,3103,35.09387016512102,74.52462514956542
1659,171.53,102.26,89,7,3104,35.10517982356933,74.53434606118961
4627,171.51,102.57,81,7,3105,35.11648948201764,74.54406583937804
5142,171.5,99.85,85,6,3106,35.12779914046596,74.5537850508486
6635,171.49,102.62,71,4,3107,35.13910879891427,74.56350369560131
4240,171.46,107.0,86,6,3108,35.15041845736258,74.5732206402004
870,171.4,101.6,84,5,3109,35.1617281158109,74.58293418449226
1537,171.33,103.88,80,5,3110,35.17303777425922,74.59264376175905
5192,171.25,103.57000000000001,67,5,3111,35.18434743270753,74.60234880528286
6579,171.24,103.44,83,6,3112,35.195657091155844,74.61205328208881
6557,171.23,101.5,88,6,3113,35.20696674960416,74.62175719217689
5531,171.16,101.7,62,4,3114,35.21827640805248,74.63145713523987
8222,171.03,103.46,80,7,3115,35.22958606650079,74.64114971097055
8797,171.02,99.39,90,9,3116,35.240895724949105,74.65084171998336
8134,170.97,102.0,84,5,3117,35.252205383397424,74.66053089540682
1073,170.96,106.62,73,6,3118,35.263515041845736,74.67021950411241
9753,170.92000000000002,101.92999999999999,79,5,3119,35.27482470029405,74.67990584594652
3443,170.85,103.33,75,5,3120,35.286134358742366,74.68958822075554
6206,170.78,99.05,75,5,3121,35.297444017190685,74.69926662853946
432,170.69,105.38,80,5,3122,35.308753675639,74.70893993586256
5954,170.59,102.03,89,8,3123,35.32006333408731,74.71860757600697
533,170.57,101.27,77,4,3124,35.33137299253563,74.72827408271563
4384,170.53,101.85,94,9,3125,35.34268265098394,74.73793832255281
8787,170.41,100.5,71,5,3126,35.35399230943225,74.74759576177554
3486,170.35,106.34,79,5,3127,35.36530196788057,74.75724980069107
6919,170.26,101.03,74,6,3128,35.37661162632889,74.76689873914576
788,170.20000000000002,100.49,90,7,3129,35.3879212847772,74.77654427729323
4703,170.16,99.28,73,4,3130,35.39923094322551,74.7861875485692
4429,170.02,101.34,83,8,3131,35.41054060167383,74.79582288579502
9591,169.99,101.64,80,6,3132,35.42185026012214,74.80545652286722
9669,169.97,102.06,82,8,3133,35.43315991857046,74.81508902650367
4832,169.88,102.2,84,5,3134,35.44446957701877,74.8247164296793
7412,169.86,103.98,80,5,3135,35.45577923546709,74.83434269941918
6962,169.85,101.72,89,7,3136,35.4670888939154,74.8439684024412
141,169.8,100.73,89,7,3137,35.47839855236372,74.85359127187388
5867,169.75,103.19,97,7,3138,35.48970821081203,74.86321130771721
4127,169.74,107.35,81,6,3139,35.50101786926035,74.87283077684265
4608,169.73,99.64,86,9,3140,35.51232752770866,74.88244967925023
246,169.7,105.64,78,4,3141,35.523637186156975,74.89206688150419
2293,169.67,104.0,83,8,3142,35.534946844605294,74.90168238360455
5127,169.58,100.6,80,6,3143,35.546256503053606,74.91129278524407
4392,169.57,105.11,78,9,3144,35.557566161501924,74.92090262016575
1043,169.35999999999999,104.2,84,4,3145,35.568875819950236,74.93050055401214
7459,169.31,101.03,78,7,3146,35.580185478398555,74.94009565426919
2397,169.3,104.07000000000001,74,6,3147,35.591495136846866,74.94969018780834
8159,169.25,102.98,94,6,3148,35.602804795295185,74.95928188775817
3749,169.21,101.12,79,5,3149,35.6141144537435,74.9688713208365
3855,169.2,105.62,82,7,3150,35.62542411219181,74.97846018719697
2464,169.17,101.42,74,4,3151,35.63673377064013,74.98804735340381
662,169.16,103.62,87,9,3152,35.648043429088446,74.99763395289281
4686,169.14,99.72,76,5,3153,35.65935308753676,75.00721941894605
1650,169.1,97.06,84,6,3154,35.67066274598507,75.01680261812783
4626,169.01,103.72,74,5,3155,35.68197240443339,75.02638071684876
8474,169.01,100.04,81,6,3156,35.6932820628817,75.0359588155697
2880,168.98,100.55,96,5,3157,35.70459172133001,75.04553521413703
4631,168.95000000000002,104.35,78,4,3158,35.71590137977833,75.05510991255075
9244,168.94,98.75,80,7,3159,35.72721103822665,75.06468404424659
8260,168.89000000000001,100.76,79,6,3160,35.73852069667496,75.07425534235308
4232,168.8,99.76,71,5,3161,35.74983035512327,75.08382153999875
8038,168.77,100.1,72,4,3162,35.76114001357159,75.0933860374908
3784,168.75,97.62,76,6,3163,35.77244967201991,75.10294940154712
250,168.73,99.16,75,6,3164,35.783759330468214,75.1125116321677
7037,168.69,100.56,84,7,3165,35.79506898891653,75.1220715959168
7075,168.61,100.22,88,6,3166,35.80637864736485,75.13162702592294
7342,168.59,101.31,84,5,3167,35.817688305813164,75.14118132249334
4642,168.55,100.24000000000001,84,7,3168,35.828997964261475,75.15073335219226
7242,168.47,99.11,72,5,3169,35.840307622709794,75.16028084814822
77,168.43,102.5,84,5,3170,35.85161728115811,75.1698260772327
3963,168.36,100.14,85,5,3171,35.862926939606425,75.17936733929209
3350,168.36,100.88,80,6,3172,35.874236598054736,75.18890860135147
144,168.34,97.73,81,8,3173,35.885546256503055,75.19844872997513
9986,168.28,101.28999999999999,83,8,3174,35.89685591495137,75.20798545829157
1941,168.28,102.22,88,7,3175,35.90816557339968,75.217522186608
624,168.26,99.21000000000001,78,6,3176,35.919475231848,75.22705778148868
3178,168.2,101.44,72,5,3177,35.930784890296316,75.23658997606215
6967,168.13,98.8,73,5,3178,35.94209454874463,75.24611820361052
6051,168.12,102.59,81,5,3179,35.95340420719294,75.25564586444104
7800,168.09,97.34,72,6,3180,35.96471386564126,75.26517182511793
306,168.05,97.14,79,7,3181,35.97602352408957,75.27469551892337
9973,168.02,100.61,90,7,3182,35.98733318253789,75.28421751257517
7099,167.85,97.46000000000001,86,3,3183,35.9986428409862,75.29372987202319
2457,167.82,101.08,90,6,3184,36.00995249943452,75.30324053131761
5242,167.81,100.18,85,6,3185,36.02126215788283,75.31275062389415
106,167.7,102.75,67,6,3186,36.03257181633115,75.3222544825741
6268,167.58,96.93,69,4,3187,36.04388147477946,75.33175154063963
9059,167.54,102.73,81,5,3188,36.05519113322778,75.34124633183369
7857,167.45,100.87,69,6,3189,36.06650079167609,75.3507360225669
4937,167.44,94.97,75,4,3190,36.07781045012441,75.36022514658225
7966,167.41,99.97,74,5,3191,36.08912010857272,75.36971257044398
1532,167.39000000000001,99.77,77,7,3192,36.10042976702103,75.37919886086996
6964,167.29,99.33,72,4,3193,36.11173942546935,75.38867948411728
10278,167.24,100.03999999999999,80,4,3194,36.123049083917664,75.39815727377523
565,167.09,102.28,72,4,3195,36.13435874236598,75.40762656266511
6402,167.01,96.28999999999999,84,4,3196,36.145668400814294,75.41709131781205
3303,166.92,99.57,77,4,3197,36.15697805926261,75.42655097249816
5803,166.88,98.28,84,5,3198,36.168287717710925,75.43600836031278
1929,166.77,98.8,87,8,3199,36.179597376159236,75.44545951423083
6129,166.74,103.98,62,4,3200,36.190907034607555,75.45490896799528
6716,166.71,99.32,78,6,3201,36.202216693055874,75.46435672160612
3558,166.71,98.39,83,6,3202,36.213526351504186,75.47380447521695
3925,166.57,100.56,75,7,3203,36.2248360099525,75.48324429477762
6845,166.55,98.07,81,5,3204,36.236145668400816,75.49268298090254
7018,166.55,99.58,76,3,3205,36.247455326849135,75.50212166702745
5920,166.54,101.52,67,3,3206,36.25876498529744,75.51155978643452
5029,166.53,101.24000000000001,83,5,3207,36.27007464374576,75.52099733912368
6537,166.51,100.67999999999999,76,5,3208,36.28138430219408,75.53043375837713
5384,166.49,95.95,83,6,3209,36.29269396064239,75.53986904419482
1107,166.45,99.51,80,11,3210,36.3040036190907,75.54930206314103
3966,166.32000000000002,96.22,76,5,3211,36.31531327753902,75.55872771475495
7004,166.24,101.29,67,4,3212,36.32662293598734,75.5681488326259
1385,166.22,96.18,82,5,3213,36.33793259443564,75.5775688170611
5876,166.19,98.78,67,4,3214,36.34924225288396,75.5869871013427
8488,166.18,98.92999999999999,68,5,3215,36.36055191133228,75.59640481890642
4081,166.17,96.82000000000001,79,5,3216,36.37186156978059,75.60582196975226
7871,166.08,103.56,83,6,3217,36.3831712282289,75.61523402013731
4628,166.07999999999998,101.28999999999999,82,5,3218,36.39448088667722,75.62464607052233
4737,166.07,100.71000000000001,84,4,3219,36.40579054512554,75.6340575541895
5442,166.06,98.07,89,6,3220,36.41710020357385,75.64346847113879
506,166.06,93.49000000000001,76,4,3221,36.428409862022164,75.65287938808807
2266,165.98,100.47,80,5,3222,36.43971952047048,75.6622857712944
235,165.97,96.87,66,5,3223,36.451029178918795,75.67169158778285
908,165.79,96.06,78,4,3224,36.46233883736711,75.68108720334965
751,165.78,100.59,77,5,3225,36.473648495815425,75.69048225219858
6931,165.73,98.33,82,8,3226,36.484958154263744,75.69987446745816
7148,165.61,96.01,82,4,3227,36.496267812712055,75.7092598821033
7975,165.58,95.94,82,6,3228,36.50757747116037,75.71864359659483
591,165.48,97.96,71,5,3229,36.518887129608686,75.72802164390765
5001,165.48,95.21000000000001,78,6,3230,36.530196788057,75.73739969122049
5360,165.45,97.36,85,6,3231,36.541506446505316,75.74677603837969
4878,165.41,98.58,84,10,3232,36.55281610495363,75.75615011866743
8165,165.34,95.62,76,8,3233,36.56412576340195,75.76552023193008
3903,165.25,103.11,78,5,3234,36.57543542185026,75.77488524473189
5490,165.23,98.52,70,4,3235,36.58674508029858,75.78424912409797
6864,165.2,98.8,77,5,3236,36.59805473874689,75.79361130331044
9364,165.16,102.8,78,5,3237,36.60936439719521,75.80297121565141
8964,165.14000000000001,95.21,75,4,3238,36.62067405564352,75.81232999455666
9190,165.12,98.02,80,5,3239,36.63198371409184,75.82168764002617
8471,165.12,100.64,85,4,3240,36.64329337254015,75.83104528549568
2987,165.1,101.44,98,8,3241,36.65460303098846,75.84040179752945
7117,165.05,96.36,77,4,3242,36.66591268943678,75.84975547597388
2105,165.04,99.79,79,5,3243,36.67722234788509,75.85910858770042
6439,165.03,96.61,71,4,3244,36.68853200633341,75.8684611327091
9198,165.03,98.55,80,5,3245,36.69984166478172,75.87781367771778
5931,164.95,96.62,72,5,3246,36.71115132323004,75.8871616889835
5252,164.89000000000001,97.36,70,4,3247,36.72246098167835,75.89650629994198
3249,164.87,97.25,89,9,3248,36.733770640126664,75.90584977746475
6893,164.81,100.3,84,6,3249,36.74508029857498,75.91518985468029
1526,164.76,96.6,64,4,3250,36.7563899570233,75.92452709830647
3467,164.76,100.46000000000001,77,5,3251,36.767699615471614,75.93386434193266
7547,164.69,99.02,73,6,3252,36.779009273919925,75.94319761853376
2516,164.66,101.03,81,4,3253,36.790318932368244,75.95252919498124
8899,164.59,96.06,80,6,3254,36.80162859081656,75.96185680440364
2237,164.52,100.65,69,5,3255,36.81293824926487,75.97118044680094
3297,164.23,99.35,85,6,3256,36.824247907713186,75.98048765438003
1090,164.15,100.89,82,5,3257,36.835557566161505,75.98979032821613
7382,163.98,96.32,67,8,3258,36.84686722460982,75.99908336784846
10097,163.94,92.91,89,6,3259,36.85817688305813,76.0083741406093
2647,163.93,97.03,83,7,3260,36.86948654150645,76.01766434665227
4514,163.92000000000002,98.99,82,7,3261,36.880796199954766,76.02695398597737
4307,163.84,99.57,77,5,3262,36.89210585840307,76.03623909155952
5484,163.81,97.9,74,4,3263,36.90341551685139,76.04552249698806
1162,163.8,98.51,75,5,3264,36.91472517529971,76.05480533569873
5079,163.73,97.42,69,4,3265,36.92603483374802,76.06408420738431
8161,163.7,93.21,74,5,3266,36.93734449219633,76.07336137891627
2733,163.63,99.15,75,6,3267,36.94865415064465,76.08263458342314
10034,163.62,94.36,68,5,3268,36.95996380909297,76.09190722121215
792,163.59,97.83,72,5,3269,36.97127346754128,76.10117815884755
2724,163.57,99.88,69,4,3270,36.98258312598959,76.1104479630472
10082,163.5,97.06,72,5,3271,36.99389278443791,76.11971380022177
9678,163.47,99.69,80,4,3272,37.00520244288622,76.12897793724274
7951,163.45,96.44,75,6,3273,37.01651210133454,76.13824094082796
7626,163.42,95.68,69,5,3274,37.02782175978285,76.14750224425954
6230,163.33,98.09,76,5,3275,37.03913141823117,76.15675844723033
301,163.29,99.24,75,5,3276,37.05044107667948,76.16601238332963
2150,163.27,98.75,94,5,3277,37.061750735127795,76.17526518599318
294,163.24,98.36,66,4,3278,37.073060393576114,76.18451628850312
6155,163.16,91.08,81,5,3279,37.084370052024425,76.19376285727012
4046,163.14000000000001,98.16,66,5,3280,37.095679710472744,76.20300829260135
7401,163.07,99.93,67,5,3281,37.106989368921056,76.21224976090751
726,162.93,95.59,72,4,3282,37.118299027369375,76.22148329516348
5500,162.89,95.52,81,5,3283,37.129608685817686,76.23071456254797
28,162.88,98.14,66,5,3284,37.140918344266005,76.2399452632146
2034,162.85999999999999,100.12,71,6,3285,37.15222800271432,76.24917483044548
822,162.79,94.46,63,4,3286,37.163537661162636,76.25840043065128
1407,162.77,96.46,84,8,3287,37.17484731961095,76.26762489742134
3644,162.75,93.8,70,4,3288,37.186156978059266,76.27684823075566
1116,162.75,92.86,79,4,3289,37.19746663650758,76.28607156408997
3643,162.74,98.53,74,10,3290,37.20877629495589,76.29529433070641
6806,162.68,94.22,77,5,3291,37.22008595340421,76.30451369701564
5759,162.65,96.92999999999999,70,3,3292,37.23139561185253,76.31373136317124
1306,162.59,96.14,69,4,3293,37.24270527030084,76.32294562901964
1469,162.57999999999998,100.05,76,4,3294,37.25401492874915,76.33215932815017
3273,162.57,96.88,77,5,3295,37.26532458719747,76.34137246056282
2412,162.53,99.44,78,6,3296,37.27663424564578,76.35058332610402
7604,162.49,94.31,67,6,3297,37.28794390409409,76.3597919247737
1034,162.37,98.97,81,6,3298,37.29925356254241,76.36899372282898
8303,162.25,96.49,71,4,3299,37.31056322099073,76.37818872026978
5910,162.22,95.67,86,6,3300,37.32187287943904,76.38738201755699
8323,162.2,98.98,88,5,3301,37.33318253788735,76.39657418140845
1649,162.17000000000002,99.06,68,5,3302,37.34449219633567,76.4057646451063
505,162.13,99.0,69,5,3303,37.35580185478399,76.41495284193267
8430,162.07,98.45,68,5,3304,37.367111513232295,76.42413763845182
10016,162.07,96.69,77,6,3305,37.378421171680614,76.43332243497099
1412,162.03,94.8,79,5,3306,37.38973083012893,76.44250496461866
747,161.93,97.41,86,4,3307,37.401040488577245,76.45168182708764
5674,161.91,93.42,69,5,3308,37.412350147025556,76.46085755612087
9252,161.9,95.4,74,6,3309,37.423659805473875,76.47003271843623
5471,161.83,96.87,80,6,3310,37.434969463922194,76.47920391372651
2337,161.82,96.1,69,5,3311,37.446279122370505,76.48837454229891
632,161.75,96.19,76,5,3312,37.45758878081882,76.49754120384623
6365,161.74,96.31,79,6,3313,37.468898439267136,76.50670729867568
7599,161.55,96.92999999999999,82,6,3314,37.48020809771545,76.5158626258656
4870,161.53,100.2,76,4,3315,37.49151775616376,76.52501681961978
6432,161.51,97.28,73,6,3316,37.50282741461208,76.5341698799382
7939,161.45,95.1,77,8,3317,37.5141370730604,76.54331953994942
456,161.37,94.55,63,4,3318,37.52544673150871,76.55246466621767
9471,161.35,94.72,78,7,3319,37.53675638995702,76.5616086590502
4629,161.31,98.39,91,7,3320,37.54806604840534,76.57075038501124
2239,161.29,95.63,80,6,3321,37.55937570685365,76.57989097753654
7505,161.27,95.66,82,5,3322,37.57068536530197,76.58903043662609
369,161.26,95.95,85,7,3323,37.58199502375028,76.59816932899778
7417,161.23,96.72,78,5,3324,37.5933046821986,76.60730652121585
972,161.2,97.13,70,4,3325,37.60461434064691,76.61644201328032
2649,161.19,97.86,72,6,3326,37.61592399909523,76.6255769386269
5258,161.18,94.56,78,6,3327,37.62723365754354,76.63471129725563
1712,161.13,97.42,70,6,3328,37.63854331599185,76.643842822295
4963,161.04,99.57000000000001,69,5,3329,37.64985297444017,76.65296924687354
6119,160.91,97.45,65,3,3330,37.661162632888484,76.66208830411976
7866,160.84,97.78999999999999,71,4,3331,37.6724722913368,76.67120339434092
3082,160.76,93.72,69,6,3332,37.683781949785114,76.68031395081911
1906,160.72,94.22,89,8,3333,37.69509160823343,76.68942224042581
6722,160.66,94.35,79,5,3334,37.706401266681745,76.69852712972529
6444,160.65,95.29,78,5,3335,37.71771092513006,76.7076314523069
1243,160.57,95.73,84,6,3336,37.729020583578375,76.71673124114557
6774,160.55,96.47,85,4,3337,37.740330242026694,76.72582989654848
2252,160.53,93.76,70,6,3338,37.751639900475006,76.73492741851565
934,160.41,91.07,74,5,3339,37.76294955892332,76.74401813986839
74,160.37,99.57000000000001,83,6,3340,37.774259217371636,76.75310659434965
3377,160.32,97.08,75,4,3341,37.785568875819955,76.76219221524156
8608,160.31,101.06,70,6,3342,37.79687853426827,76.77127726941559
8632,160.22,97.06,73,4,3343,37.80818819271658,76.78035722312879
9909,160.21,97.39,75,5,3344,37.8194978511649,76.78943661012413
1370,160.07,97.1,79,5,3345,37.830807509613216,76.79850806306928
1086,160.01,95.45,76,8,3346,37.84211716806152,76.80757611570722
5270,159.97,96.0,84,7,3347,37.85342682650984,76.81664190147367
6261,159.95,96.0,73,6,3348,37.86473648495816,76.82570655380438
9170,159.92000000000002,93.04,76,4,3349,37.87604614340647,76.83476950598148
3246,159.91,94.69,75,6,3350,37.88735580185478,76.84383189144071
2012,159.91,95.56,68,5,3351,37.8986654603031,76.85289427689995
4401,159.9,94.36,86,6,3352,37.90997511875142,76.8619560956413
4557,159.87,95.25,68,8,3353,37.92128477719972,76.87101621422906
5407,159.82,93.29,71,4,3354,37.93259443564804,76.88007349922748
3183,159.74,95.42,75,7,3355,37.94390409409636,76.88912625048292
9698,159.73,93.72,87,8,3356,37.95521375254467,76.8981784350205
531,159.72,94.98,76,6,3357,37.966523410992984,76.90723005284019
1847,159.66,95.98,79,5,3358,37.9778330694413,76.91627827035266
10192,159.65,98.27,73,5,3359,37.98914272788962,76.92532592114728
7690,159.59,97.92,74,5,3360,38.00045238633793,76.93437017163468
8515,159.47,96.27,67,4,3361,38.011762044786245,76.94340762150763
5345,159.44,95.0,66,5,3362,38.023071703234564,76.95244337122698
6396,159.38,94.34,67,3,3363,38.034381361682875,76.9614757206391
3133,159.32,95.01,77,7,3364,38.04569102013119,76.970504669744
5414,159.31,93.87,67,4,3365,38.057000678579506,76.97953305213103
10128,159.27,95.15,67,4,3366,38.068310337027825,76.98855916764659
1350,159.23,94.24000000000001,69,4,3367,38.079619995476136,76.99758301629066
1987,159.23,96.11,72,7,3368,38.09092965392445,77.00660686493474
9161,159.21,91.95,65,5,3369,38.10223931237277,77.01562958014307
9571,159.21,92.42,75,7,3370,38.11354897082108,77.0246522953514
1647,159.2,92.63,75,6,3371,38.1248586292694,77.03367444384186
3852,159.14,94.83,71,4,3372,38.13616828771771,77.0426931920251
9089,159.12,94.94,81,9,3373,38.14747794616603,77.0517108067726
4434,159.1,96.24,78,5,3374,38.15878760461434,77.06072728808438
4766,158.91,93.42,72,5,3375,38.17009726306266,77.06973300175662
5222,158.81,95.75,86,5,3376,38.18140692151097,77.07873304825014
3359,158.75,99.81,74,5,3377,38.19271657995928,77.08772969443646
6030,158.71,98.32,74,6,3378,38.2040262384076,77.0967240737513
3209,158.66,92.52,73,4,3379,38.21533589685592,77.10571561947678
2432,158.65,95.95,72,5,3380,38.22664555530423,77.11470659848439
3649,158.59,97.33,80,6,3381,38.23795521375254,77.12369417718477
3939,158.52,93.34,72,4,3382,38.24926487220086,77.13267778886008
676,158.45,96.49,82,5,3383,38.26057453064917,77.1416574335103
8599,158.39000000000001,94.32,76,5,3384,38.27188418909749,77.15063367785329
1891,158.29,95.39,82,7,3385,38.2831938475458,77.15960425501758
9883,158.29,97.33,89,8,3386,38.29450350599412,77.16857483218187
5535,158.28,94.49,82,7,3387,38.305813164442434,77.1775448426283
3049,158.26,91.43,55,4,3388,38.317122822890745,77.18651371963898
615,158.25,95.23,71,4,3389,38.328432481339064,77.19548202993181
5077,158.16,94.92,70,6,3390,38.33974213978738,77.20444523976377
7316,158.11,94.73,79,4,3391,38.351051798235694,77.21340561600641
5723,157.98,97.74,67,4,3392,38.362361456684006,77.22235862491674
5428,157.85,92.1,71,5,3393,38.373671115132325,77.23130426649476
527,157.78,94.33,78,7,3394,38.384980773580644,77.24024594104769
1172,157.78,99.78,73,5,3395,38.39629043202895,77.24918761560062
6083,157.77,95.49,64,6,3396,38.40760009047727,77.25812872343568
8813,157.75,96.85,75,6,3397,38.418909748925586,77.26706869783499
7195,157.72,90.97,82,6,3398,38.4302194073739,77.27600697208068
717,157.71,94.47,74,5,3399,38.44152906582221,77.28494467960851
8387,157.69,93.14,75,5,3400,38.45283872427053,77.2938812537006
5643,157.67,96.12,80,6,3401,38.46414838271885,77.30281669435696
8384,157.62,90.21000000000001,73,5,3402,38.47545804116715,77.31174930142396
7411,157.60999999999999,94.02,76,5,3403,38.48676769961547,77.3206813417731
60,157.6,93.71000000000001,62,4,3404,38.49807735806379,77.32961281540437
8684,157.58,94.54,73,9,3405,38.5093870165121,77.33854315559991
4680,157.54,91.38,59,6,3406,38.52069667496041,77.34747122892395
5659,157.54,92.65,82,4,3407,38.53200633340873,77.356399302248
1161,157.52,92.31,66,5,3408,38.54331599185705,77.36532624213629
4743,157.51,95.49,58,5,3409,38.55462565030536,77.37425261530673
9027,157.49,98.3,84,6,3410,38.56593530875367,77.38317785504142
9581,157.46,95.17999999999999,76,3,3411,38.57724496720199,77.3921013946225
2693,157.39,93.93,69,5,3412,38.5885546256503,77.4010209671785
10275,157.3,91.28,63,6,3413,38.59986428409862,77.40993543927365
5581,157.21,95.83,70,6,3414,38.611173942546934,77.418844810908
9444,157.18,97.79,69,3,3415,38.62248360099525,77.42775248238871
4061,157.18,93.13,79,6,3416,38.633793259443564,77.43666015386943
5857,157.07999999999998,91.55,66,6,3417,38.645102917891876,77.44556215817146
319,157.07,92.7,67,7,3418,38.656412576340195,77.45446359575561
8142,156.98,94.66,83,7,3419,38.667722234788506,77.46335993287894
5159,156.96,95.88,95,6,3420,38.679031893236825,77.47225513656652
2773,156.95000000000002,92.59,75,6,3421,38.69034155168514,77.48114977353623
409,156.93,93.33,89,5,3422,38.701651210133456,77.4900432770702
7425,156.91,92.07000000000001,79,8,3423,38.71296086858177,77.49893564716842
9998,156.89,96.78,72,6,3424,38.724270527030086,77.50782688383092
494,156.84,95.51,79,6,3425,38.7355801854784,77.51671528690406
285,156.73,92.91,78,6,3426,38.74688984392671,77.52559745608063
9580,156.56,98.38,81,7,3427,38.75819950237503,77.53446999105343
634,156.54,92.72,77,8,3428,38.76950916082335,77.54334139259046
4619,156.5,93.87,75,6,3429,38.78081881927166,77.55221052725602
4216,156.47,88.14,79,4,3430,38.79212847771997,77.56107796176798
9381,156.43,93.38,69,5,3431,38.80343813616829,77.56994312940844
2420,156.39,93.0,74,5,3432,38.81474779461661,77.57880603017743
7501,156.36,92.5,81,6,3433,38.82605745306492,77.58766723079282
9744,156.28,92.31,69,4,3434,38.83736711151323,77.59652389766525
8601,156.07,92.42,69,5,3435,38.84867676996155,77.6053686634624
9387,156.04,94.39,75,6,3436,38.85998642840986,77.61421172910595
9182,156.04,88.51,71,4,3437,38.87129608685817,77.62305479474949
5335,156.0,92.92999999999999,72,4,3438,38.88260574530649,77.63189559352156
6271,155.93,90.98,75,4,3439,38.89391540375481,77.64073242526854
5279,155.88,94.26,74,6,3440,38.90522506220312,77.64956642342614
669,155.79,93.25,68,6,3441,38.916534720651434,77.65839532112294
3801,155.78,93.35,77,6,3442,38.92784437909975,77.66722365210187
8004,155.77,95.66,67,4,3443,38.93915403754807,77.67605141636291
7130,155.71,93.09,98,7,3444,38.950463695996376,77.68487578031676
2757,155.64000000000001,93.91,66,7,3445,38.961773354444695,77.69369617724549
827,155.62,91.22,73,4,3446,38.973083012893014,77.7025154407385
4603,155.6,93.16,76,5,3447,38.984392671341325,77.71133357079576
939,155.55,89.08,68,5,3448,38.99570232978964,77.72014886726369
4667,155.52,90.41,68,3,3449,39.007011988237956,77.72896246357797
4982,155.48,95.86,55,4,3450,39.018321646686275,77.7377737930208
4888,155.4,93.43,79,5,3451,39.02963130513458,77.74658058872066
5826,155.35999999999999,89.37,88,5,3452,39.0409409635829,77.75538511754905
3389,155.3,93.17,77,6,3453,39.05225062203122,77.76418624607021
4188,155.26,88.8,73,6,3454,39.06356028047953,77.77298510771989
9266,155.16,94.4,67,4,3455,39.07486993892784,77.78177830219087
7391,155.11,94.05,63,3,3456,39.08617959737616,77.7905686630725
5126,155.09,96.93,87,5,3457,39.09748925582448,77.79935789051841
8893,155.07,93.91,69,3,3458,39.10879891427279,77.80814598452857
2107,155.07,93.51,73,6,3459,39.1201085727211,77.81693407853872
2106,154.91,89.01,71,4,3460,39.13141823116942,77.82571310506296
8253,154.84,89.6,73,5,3461,39.14272788961773,77.8344881645621
2658,154.76,89.47,71,4,3462,39.15403754806605,77.84325869031828
8723,154.76,93.31,65,3,3463,39.16534720651436,77.85202921607447
2228,154.7,94.12,80,6,3464,39.17665686496268,77.86079634152343
4407,154.7,92.34,77,5,3465,39.18796652341099,77.86956346697238
5441,154.63,90.47,68,7,3466,39.19927618185931,77.87832662539626
9358,154.61,92.26,69,4,3467,39.21058584030762,77.88708865038438
8063,154.6,90.89,75,5,3468,39.221895498755934,77.89585010865466
2592,154.58,93.75,83,6,3469,39.23320515720425,77.90461043348918
9561,154.57,92.13,66,5,3470,39.244514815652565,77.91337019160584
320,154.56,93.81,73,7,3471,39.25582447410088,77.92212938300463
1928,154.5,88.41,71,6,3472,39.267134132549195,77.93088517409619
5722,154.46,88.38,77,4,3473,39.278443790997514,77.93963869831627
1866,154.46,92.63,71,5,3474,39.289753449445826,77.94839222253634
3785,154.45,93.92,83,4,3475,39.30106310789414,77.95714518003855
140,154.42000000000002,91.6,80,5,3476,39.312372766342456,77.96589643738714
2752,154.41,96.85,61,6,3477,39.323682424790775,77.97464712801788
4005,154.4,90.97,67,6,3478,39.33499208323909,77.98339725193074
1167,154.4,90.53,72,4,3479,39.3463017416874,77.9921473758436
9254,154.3,94.53,65,6,3480,39.35761140013572,78.00089183257775
2740,154.29,91.41,75,7,3481,39.368921058584036,78.00963572259406
1683,154.22,94.74,70,4,3482,39.38023071703235,78.01837564558525
8709,154.11,93.47,68,6,3483,39.39154037548066,78.02710933467989
3240,153.96,93.33,68,5,3484,39.40285003392898,78.03583452300647
5024,153.9,90.84,76,4,3485,39.41415969237729,78.04455631102583
937,153.9,90.05,69,5,3486,39.4254693508256,78.05327809904519
1653,153.87,92.08,69,6,3487,39.43677900927392,78.06199818691094
3974,153.85,90.8,80,5,3488,39.44808866772224,78.07071714134096
999,153.81,95.44,64,4,3489,39.45939832617055,78.0794338288995
9248,153.79,92.19,73,5,3490,39.47070798461886,78.08814938302228
2068,153.76,93.69,77,6,3491,39.48201764306718,78.09686323699148
858,153.76,89.23,72,5,3492,39.4933273015155,78.10557709096065
5427,153.7,87.58,66,6,3493,39.504636959963804,78.11428754462261
6127,153.66,91.81,69,6,3494,39.51594661841212,78.1229957314131
1827,153.64,89.52,80,5,3495,39.52725627686044,78.13170278476782
5865,153.55,94.74,73,4,3496,39.53856593530875,78.14040473766174
2020,153.5,94.26,76,5,3497,39.549875593757065,78.1491038569663
9225,153.41,95.23,77,6,3498,39.561185252205384,78.15779787581003
3653,153.4,89.26,74,6,3499,39.5724949106537,78.16649132793589
5769,153.39000000000001,90.7,76,4,3500,39.583804569102014,78.17518421334387
1353,153.38,91.29,81,6,3501,39.595114227550326,78.18387653203399
7672,153.33,93.01,69,5,3502,39.606423885998645,78.19256601713477
3588,153.29,92.19,62,5,3503,39.617733544446956,78.20125323536406
5829,153.27,90.67,72,6,3504,39.62904320289527,78.20993932015762
5107,153.19,89.69,64,5,3505,39.64035286134359,78.2186208712082
3164,153.13,86.05,74,6,3506,39.651662519791905,78.22729902195157
499,153.07,92.94,71,6,3507,39.66297217824022,78.23597377238772
6621,153.06,94.64,68,5,3508,39.67428183668853,78.24464795610601
4476,153.05,90.8,70,4,3509,39.68559149513685,78.25332157310643
360,153.02,88.77,69,7,3510,39.69690115358516,78.26199348995323
2820,153.01,92.55,68,5,3511,39.70821081203348,78.27066484008216
5765,153.0,94.09,80,6,3512,39.71952047048179,78.27933562349322
3371,152.99,90.58,77,4,3513,39.73083012893011,78.28800584018641
3485,152.96,90.83,83,4,3514,39.74213978737842,78.29667435672599
4418,152.88,91.37,77,4,3515,39.75344944582674,78.3053383395226
5598,152.82,89.5,78,5,3516,39.76475910427505,78.313998922012
9808,152.8,90.51,70,5,3517,39.77606876272336,78.32265837106569
5619,152.8,92.28,69,3,3518,39.78737842117168,78.33131782011934
5687,152.78,92.64,80,4,3519,39.79868807962,78.33997613573726
8824,152.76,92.03999999999999,64,5,3520,39.80999773806831,78.34863331791945
3911,152.67,92.25,84,6,3521,39.82130739651662,78.3572853996408
601,152.55,92.12,63,5,3522,39.83261705496494,78.36593068074771
1971,152.54,90.89,73,6,3523,39.84392671341325,78.37457539513674
7245,152.46,88.78,66,5,3524,39.855236371861565,78.38321557578283
4798,152.4,91.03,81,8,3525,39.866546030309884,78.39185235612169
3700,152.39000000000001,92.67,66,7,3526,39.8778556887582,78.40048856974268
7524,152.38,91.71000000000001,65,4,3527,39.889165347206514,78.4091242166458
5848,152.3,87.72,70,4,3528,39.900475005654826,78.41775532980594
6902,152.22,94.07,73,7,3529,39.911784664103145,78.42638190922315
985,152.22,87.67999999999999,76,7,3530,39.923094322551464,78.43500848864035
1730,152.17,90.21000000000001,75,7,3531,39.934403980999775,78.4436322344682
2049,152.0,94.35,69,5,3532,39.94571363944809,78.45224634609225
4186,151.98,88.16,67,5,3533,39.957023297896406,78.46085932428058
4568,151.88,92.56,83,6,3534,39.968332956344724,78.4694666352902
9840,151.85,87.75,73,5,3535,39.97964261479303,78.47807224614621
9675,151.82,92.47,92,5,3536,39.99095227324135,78.48667615684862
8682,151.82,89.2,77,5,3537,40.00226193168967,78.49528006755102
1765,151.72,89.93,58,10,3538,40.01357159013798,78.50387831107471
5615,151.67,90.53,68,5,3539,40.02488124858629,78.51247372100907
7863,151.65,91.33,76,7,3540,40.03619090703461,78.52106799750767
9208,151.64000000000001,94.56,65,3,3541,40.04750056548293,78.52966170728841
1620,151.54999999999998,89.8,76,6,3542,40.05881022393123,78.53825031660833
6921,151.53,88.08,76,5,3543,40.07011988237955,78.5468377924925
8942,151.51,91.98,65,5,3544,40.08142954082787,78.55542413494094
4677,151.46,88.02,72,7,3545,40.09273919927618,78.56400764380001
8929,151.45,86.81,80,5,3546,40.10404885772449,78.57259058594121
3888,151.39,88.5,78,6,3547,40.11535851617281,78.5811701277752
666,151.35,89.25999999999999,72,6,3548,40.12666817462113,78.58974740273771
1742,151.32,91.93,66,3,3549,40.13797783306944,78.59832297754662
4320,151.3,93.02,67,3,3550,40.149287491517754,78.60689741891979
7095,151.24,90.71,72,5,3551,40.16059714996607,78.61546845998572
2141,151.22,92.84,68,4,3552,40.171906808414384,78.62403836761592
6470,151.17,91.31,65,5,3553,40.1832164668627,78.63260544165676
2257,151.14,88.8,78,7,3554,40.194526125311015,78.641170815544
6399,151.13,88.16,72,4,3555,40.20583578375933,78.64973562271337
2976,151.13,91.36,69,6,3556,40.217145442207645,78.65830042988273
521,151.11,88.68,60,4,3557,40.22845510065596,78.66686410361638
7628,151.10999999999999,88.25999999999999,68,4,3558,40.239764759104276,78.67542777735001
6123,151.0,87.08,76,5,3559,40.25107441755259,78.68398521718707
4941,150.94,87.5,64,3,3560,40.262384076000906,78.69253925671691
489,150.91,93.11,70,6,3561,40.27369373444922,78.70109159609314
7883,150.9,89.18,81,5,3562,40.285003392897536,78.70964336875149
80,150.89,92.82,66,6,3563,40.29631305134585,78.71819457469196
1995,150.86,87.6,58,4,3564,40.30762270979417,78.72674408047887
3016,150.86,91.0,64,4,3565,40.31893236824248,78.73529358626574
690,150.83,87.73,80,4,3566,40.33024202669079,78.74384139189902
9833,150.8,89.73,80,5,3567,40.34155168513911,78.75238749737868
9944,150.78,90.15,75,6,3568,40.35286134358743,78.76093246942261
43,150.78,92.31,69,5,3569,40.36417100203574,78.76947744146653
9332,150.7,90.96000000000001,74,6,3570,40.37548066048405,78.77801787976749
161,150.55,86.98,74,5,3571,40.38679031893237,78.7865498173004
7701,150.48,89.21,77,5,3572,40.39809997738068,78.79507778780822
9181,150.44,88.64,69,5,3573,40.40940963582899,78.80360349144456
4067,150.35,93.44,61,4,3574,40.42071929427731,78.81212409462007
810,150.33,84.55,67,5,3575,40.43202895272563,78.82064356435986
1460,150.29,92.44,81,6,3576,40.44333861117394,78.82916076722815
3674,150.27,91.93,79,5,3577,40.454648269622254,78.83767683666069
329,150.25,89.17,72,5,3578,40.46595792807057,78.8461917726575
2654,150.23,86.74,84,7,3579,40.47726758651889,78.85470557521857
273,150.19,88.76,67,5,3580,40.4885772449672,78.86321711090815
5288,150.15,90.69,55,3,3581,40.499886903415515,78.87172637972627
8872,150.1,89.21,70,6,3582,40.511196561863834,78.88023281495504
719,150.07999999999998,91.94,78,6,3583,40.52250622031215,78.88873811674806
6696,150.06,88.68,79,10,3584,40.53381587876046,78.89724228510534
4439,150.06,87.97,79,5,3585,40.545125537208776,78.90574645346263
8487,150.05,87.56,66,5,3586,40.556435195657095,78.91425005510204
6779,149.82,90.97,76,5,3587,40.567744854105406,78.92274062223045
7120,149.81,87.86,68,4,3588,40.57905451255372,78.93123062264098
7324,149.81,92.27,65,6,3589,40.59036417100204,78.93972062305151
6517,149.76,90.14,64,4,3590,40.601673829450355,78.9482077898727
7530,149.76,89.62,73,5,3591,40.61298348789866,78.95669495669388
8576,149.59,87.71,74,6,3592,40.62429314634698,78.96517248931126
8196,149.52,89.33,63,7,3593,40.6356028047953,78.97364605490357
1923,149.49,89.59,78,5,3594,40.64691246324361,78.98211792034225
8993,149.42,86.23,67,4,3595,40.65822212169192,78.99058581875586
5731,149.42,88.4,71,5,3596,40.66953178014024,78.99905371716946
4962,149.41,90.59,71,6,3597,40.68084143858856,79.00752104886517
9321,149.4,88.05,70,12,3598,40.69215109703687,79.01598781384304
8107,149.37,85.62,62,6,3599,40.70346075548518,79.02445287866729
1386,149.33,83.99,75,6,3600,40.7147704139335,79.03291567662006
1241,149.31,90.89,67,6,3601,40.72608007238181,79.04137734113709
6284,149.28,90.19,69,4,3602,40.73738973083013,79.04983730550052
6555,149.19,89.14,68,3,3603,40.74869938927844,79.0582921694031
4929,149.17,87.03,71,6,3604,40.76000904772676,79.06674589986994
621,149.16,90.63,78,5,3605,40.77131870617507,79.07519906361892
5503,149.15,91.31,78,7,3606,40.78262836462339,79.08365166065003
6785,149.11,90.53,56,3,3607,40.7939380230717,79.09210199080967
2794,149.07,90.11,66,6,3608,40.805247681520015,79.10055005409782
4916,148.99,89.71,71,5,3609,40.816557339968334,79.10899358364301
8995,148.94,90.46000000000001,70,4,3610,40.827866998416646,79.11743427959884
9481,148.91,93.04,70,5,3611,40.839176656864964,79.12587327540108
9204,148.87,90.28,71,7,3612,40.850486315313276,79.13431000433184
1747,148.68,86.3,61,3,3613,40.861795973761595,79.14273596562305
10149,148.52,90.69,75,5,3614,40.873105632209906,79.15115285942834
4024,148.46,90.65,75,6,3615,40.88441529065822,79.15956635292642
7082,148.39,87.85,67,5,3616,40.89572494910654,79.1679758793994
8579,148.21,84.72,72,5,3617,40.907034607554856,79.17637520495073
1918,148.14000000000001,90.59,68,7,3618,40.91834426600317,79.18477056347697
1566,148.14,86.29,81,7,3619,40.92965392445148,79.1931659220032
5913,148.14,92.69,83,6,3620,40.9409635828998,79.20156128052943
10007,148.14,83.55,77,5,3621,40.95227324134812,79.20995663905566
6091,148.11,89.05,71,7,3622,40.96358289979642,79.2183502974283
4782,148.1,89.47,55,4,3623,40.97489255824474,79.22674338908308
5547,148.09,88.18,76,6,3624,40.98620221669306,79.23513591401996
10098,148.06,87.51,83,8,3625,40.99751187514137,79.24352673880325
7683,148.03,90.53,70,11,3626,41.00882153358968,79.25191586343291
3998,148.0,91.17,56,2,3627,41.020131192038,79.26030328790898
9905,147.97,92.44,64,5,3628,41.03144085048632,79.26868901223143
8272,147.87,88.86,66,6,3629,41.04275050893463,79.27706906937519
3438,147.82,91.02,77,8,3630,41.05406016738294,79.28544629292958
6,147.71,83.44,57,4,3631,41.06536982583126,79.29381728258741
852,147.69,89.23,76,6,3632,41.07667948427958,79.3021871388095
673,147.6,86.95,71,5,3633,41.087989142727885,79.31055189457076
288,147.58,86.59,69,4,3634,41.099298801176204,79.3189155168963
5080,147.54,87.96,77,4,3635,41.11060845962452,79.32727687235032
5717,147.46,90.02,67,6,3636,41.121918118072834,79.3356336940614
7265,147.42,88.14,78,4,3637,41.133227776521146,79.343988248901
7106,147.4,91.4,62,4,3638,41.144537434969465,79.35234167030487
485,147.39,88.91,64,4,3639,41.15584709341778,79.36069452499083
2208,147.38,90.23,61,5,3640,41.167156751866095,79.36904681295896
1696,147.37,89.06,73,9,3641,41.17846641031441,79.3773985342092
9623,147.37,88.9,80,5,3642,41.189776068762725,79.38575025545947
2504,147.31,85.83,72,6,3643,41.20108572721104,79.3940985764025
4433,147.28,89.72,57,4,3644,41.21239538565935,79.40244519719192
5207,147.24,87.12,57,4,3645,41.22370504410767,79.41078955110986
7632,147.16,88.41,62,4,3646,41.235014702555986,79.41912937128484
6699,147.09,87.89,76,6,3647,41.2463243610043,79.42746522443473
1109,147.09,90.66,72,5,3648,41.25763401945261,79.43580107758463
6700,147.07999999999998,85.82000000000001,89,6,3649,41.26894367790093,79.44413636401664
1132,147.04,88.19,66,6,3650,41.28025333634924,79.45246938357718
2727,147.0,84.44,73,4,3651,41.29156299479756,79.46080013626624
964,146.95,85.49,67,5,3652,41.30287265324587,79.46912805536596
1446,146.94,85.39,81,6,3653,41.31418231169419,79.47745540774778
3140,146.82,88.49,76,6,3654,41.3254919701425,79.4857759595152
6708,146.69,86.19,67,5,3655,41.33680162859082,79.49408914395028
5342,146.68,91.54,69,4,3656,41.34811128703913,79.5024017616675
1952,146.68,86.99,69,5,3657,41.35942094548744,79.51071437938471
4545,146.61,90.04,74,7,3658,41.37073060393576,79.51902303007684
7930,146.59,89.74,65,7,3659,41.38204026238407,79.52733054733324
2127,146.54,89.71,63,5,3660,41.39334992083239,79.53563523100028
8234,146.5,88.72,61,4,3661,41.404659579280704,79.54393764779584
7805,146.49,89.99,60,6,3662,41.41596923772902,79.55223949787353
3654,146.43,89.37,70,5,3663,41.427278896177334,79.560537947644
4051,146.39,87.5,69,5,3664,41.438588554625646,79.56883413054298
5170,146.38,82.49,55,6,3665,41.449898213073965,79.57712974672408
1520,146.28,89.39,68,6,3666,41.461207871522284,79.58541969572651
1815,146.26,86.59,77,4,3667,41.472517529970595,79.59370851129319
8141,146.21,88.95,69,10,3668,41.48382718841891,79.60199449327051
1171,146.16,88.5,82,7,3669,41.495136846867226,79.61027764165848
30,146.02,85.4,65,6,3670,41.506446505315544,79.61855285599628
1431,145.98000000000002,89.55,66,5,3671,41.51775616376385,79.62682580346261
3300,145.98,83.91,54,3,3672,41.52906582221217,79.63509875092892
9317,145.98,87.64,67,6,3673,41.54037548066049,79.64337169839524
4116,145.87,89.73,66,5,3674,41.5516851391088,79.651638411965
1134,145.87,87.03,75,5,3675,41.56299479755711,79.65990512553475
7511,145.85,86.58,69,4,3676,41.57430445600543,79.66817070566876
5781,145.83,85.52,71,8,3677,41.58561411445375,79.67643515236705
8839,145.78,89.37,55,3,3678,41.59692377290206,79.68469676547596
7192,145.72,87.36,62,6,3679,41.60823343135037,79.69295497827765
3250,145.66,84.59,73,6,3680,41.61954308979869,79.70120979077213
3146,145.64,89.51,65,5,3681,41.63085274824701,79.70946346983087
10032,145.62,90.23,73,4,3682,41.64216240669531,79.71771601545386
2767,145.51999999999998,89.45,70,6,3683,41.65347206514363,79.72596289389817
7103,145.45,87.76,69,5,3684,41.66478172359195,79.73420580531737
8117,145.43,86.92,60,5,3685,41.67609138204026,79.74244758330083
1080,145.32999999999998,90.43,67,4,3686,41.687401040488574,79.75068369410562
9555,145.27,87.69,74,9,3687,41.69871069893689,79.75891640460317
5645,145.24,88.4,62,6,3688,41.71002035738521,79.7671474149471
8419,145.15,84.49,76,5,3689,41.72133001583352,79.7753733248302
2881,145.13,88.27,63,4,3690,41.732639674281835,79.78359810127756
7584,145.1,87.55,85,5,3691,41.74394933273015,79.79182117757134
3929,145.02,88.02,64,4,3692,41.755258991178465,79.80003972012213
1632,145.0,86.72,54,2,3693,41.76656864962678,79.80825712923719
3738,144.98,85.94,78,7,3694,41.777878308075096,79.8164734049165
9279,144.97,85.21,63,5,3695,41.789187966523414,79.82468911387795
837,144.92,86.27,72,5,3696,41.800497624971726,79.83290198925005
9860,144.89,85.35,71,6,3697,41.81180728342004,79.84111316446852
5458,144.88,85.92999999999999,66,4,3698,41.823116941868356,79.84932377296914
2452,144.87,88.12,62,6,3699,41.83442660031667,79.85753381475189
5626,144.86,83.69,65,5,3700,41.84573625876499,79.86574328981678
4936,144.8,87.55,63,7,3701,41.8570459172133,79.87394936457444
2715,144.79,85.68,66,4,3702,41.86835557566162,79.88215487261424
5608,144.76,85.91,74,7,3703,41.87966523410993,79.89035868050041
7445,144.69,88.4,58,4,3704,41.89097489255825,79.8985585213615
10213,144.62,88.88,62,4,3705,41.90228455100656,79.9067543951975
3845,144.56,89.38,54,5,3706,41.91359420945487,79.91494686872628
8621,144.56,87.27,68,5,3707,41.92490386790319,79.92313934225507
8436,144.51,88.12,64,6,3708,41.93621352635151,79.9313289821945
5998,144.51,89.22,77,9,3709,41.94752318479982,79.93951862213392
7312,144.49,84.91,67,6,3710,41.95883284324813,79.94770712863762
4776,144.49,86.25,66,4,3711,41.97014250169645,79.95589563514129
7792,144.41,87.62,64,5,3712,41.98145216014476,79.96407960790202
1143,144.36,83.94,75,4,3713,41.992761818593074,79.97226074707339
3127,144.3,88.31,62,5,3714,42.00407147704139,79.98043848593757
7615,144.28,83.36,64,6,3715,42.01538113548971,79.98861509136599
2197,144.24,86.9,74,4,3716,42.02669079393802,79.99678942992293
7305,144.23,85.95,50,3,3717,42.038000452386335,80.004963201762
9749,144.23,83.92999999999999,59,4,3718,42.049310110834654,80.01313697360105
4704,144.22,87.79,68,5,3719,42.06061976928297,80.02131017872225
8215,144.18,86.72,63,4,3720,42.07192942773128,80.02948111697197
3802,144.1,87.31,70,4,3721,42.083239086179596,80.03764752147873
834,144.09,86.84,62,3,3722,42.094548744627915,80.04581335926763
8415,144.08,81.73,64,6,3723,42.105858403076226,80.05397863033863
5708,144.02,85.9,62,4,3724,42.11716806152454,80.06214050110245
9509,144.01,87.21000000000001,66,4,3725,42.12847771997286,80.07030180514838
2848,143.98,83.78,58,5,3726,42.139787378421175,80.07846140904068
4252,143.97,84.1,65,4,3727,42.15109703686949,80.08662044621514
4978,143.93,84.53999999999999,67,5,3728,42.1624066953178,80.0947772165181
10185,143.9,87.53999999999999,68,3,3729,42.17371635376612,80.10293228666745
1504,143.84,87.42,72,6,3730,42.185026012214436,80.1110839565096
4464,143.83,84.21000000000001,60,3,3731,42.19633567066274,80.11923505963387
5702,143.81,83.27,70,6,3732,42.20764532911106,80.1273850293224
9924,143.77,82.97,60,5,3733,42.21895498755938,80.13553273213945
7340,143.7,85.08,74,5,3734,42.23026464600769,80.1436764679314
7612,143.64000000000001,88.82,65,6,3735,42.241574304456,80.15181680341612
6222,143.62,87.2,68,7,3736,42.25288396290432,80.15995600546513
1877,143.58,84.58,67,6,3737,42.26419362135264,80.16809294064267
2031,143.57,87.42999999999999,63,4,3738,42.27550327980095,80.17622930910231
4328,143.53,84.71000000000001,63,6,3739,42.28681293824926,80.18436341069048
3810,143.49,84.22,70,6,3740,42.29812259669758,80.19249524540717
9903,143.47,86.3,71,5,3741,42.30943225514589,80.20062594668812
8885,143.43,85.38,66,5,3742,42.32074191359421,80.20875438109758
2206,143.37,83.67,74,6,3743,42.33205157204252,80.21687941519984
7687,143.22,86.41,62,4,3744,42.34336123049084,80.22499594853403
3813,143.19,86.03,73,5,3745,42.354670888939154,80.23311078171461
1673,143.14,84.41,69,4,3746,42.365980547387466,80.24122278130585
6892,143.04,84.38,66,3,3747,42.377290205835784,80.24932911371839
3616,143.04,88.14,73,4,3748,42.388599864284096,80.25743544613093
2238,142.97,87.43,74,5,3749,42.399909522732415,80.26553781151837
1203,142.93,84.87,73,4,3750,42.411219181180726,80.27363791003434
10114,142.93,81.60000000000001,63,7,3751,42.422528839629045,80.2817380085503
2751,142.91,83.86,69,5,3752,42.43383849807736,80.28983697363053
7868,142.89000000000001,82.96,63,4,3753,42.445148156525676,80.297934805275
4275,142.88,80.13,75,5,3754,42.45645781497399,80.30603207020161
8394,142.79,86.53,70,5,3755,42.4677674734223,80.3141242346674
2747,142.75,83.06,68,5,3756,42.47907713187062,80.32221413226172
112,142.68,82.16,66,4,3757,42.49038679031894,80.33030006283093
2123,142.67000000000002,87.79,65,5,3758,42.50169644876725,80.33838542668227
8084,142.67,84.74,68,9,3759,42.51300610721556,80.34647079053362
7210,142.66,81.24,64,4,3760,42.52431576566388,80.3545555876671
2995,142.63,84.73,71,4,3761,42.5356254241122,80.36263868464695
4459,142.59,87.73,58,5,3762,42.5469350825605,80.37071951475534
8570,142.57,87.16,68,7,3763,42.55824474100882,80.378799211428
3701,142.48,85.81,66,4,3764,42.56955439945714,80.38687380763982
9283,142.47,84.54,70,6,3765,42.58086405790545,80.39494783713376
9308,142.45,88.21000000000001,77,5,3766,42.59217371635376,80.40302073319197
3840,142.29,82.06,66,4,3767,42.60348337480208,80.41108456176424
1962,142.26,83.31,69,5,3768,42.6147930332504,80.41914669018293
6395,142.25,86.53,61,4,3769,42.626102691698705,80.42720825188373
2470,142.2,89.38,55,4,3770,42.637412350147024,80.43526697999519
7247,142.1,85.5,67,4,3771,42.64872200859534,80.44332004092796
1037,142.05,84.0,70,6,3772,42.660031667043654,80.45137026827136
6056,142.04,81.57,72,5,3773,42.671341325491966,80.4594199288969
6776,142.02,86.06,60,4,3774,42.682650983940285,80.46746845608669
3859,141.78,84.95,76,6,3775,42.6939606423886,80.47550338204762
4343,141.72,84.62,59,4,3776,42.705270300836915,80.48353490770131
9536,141.7,85.37,62,6,3777,42.71657995928523,80.49156529991926
5524,141.67000000000002,88.54,65,4,3778,42.727889617733545,80.4995939919836
10020,141.64,89.64,67,3,3779,42.739199276181864,80.50762098389434
1606,141.63,86.43,66,6,3780,42.75050893463017,80.51564740908721
6232,141.63,81.82,66,4,3781,42.76181859307849,80.52367383428006
3092,141.59,80.73,61,5,3782,42.773128251526806,80.53169799260147
238,141.47,83.55,63,4,3783,42.78443790997512,80.5397153503084
8300,141.44,85.14,79,6,3784,42.79574756842343,80.54773100786173
7870,141.32,84.21000000000001,69,5,3785,42.80705722687175,80.55573986480063
9460,141.26,85.16,72,3,3786,42.81836688532007,80.56374532143231
5086,141.22,84.36,69,6,3787,42.82967654376838,80.57174851119251
4085,141.21,86.12,67,3,3788,42.84098620221669,80.57975113423484
6553,141.12,84.72,60,5,3789,42.85229586066501,80.58774865681634
1091,141.1,84.63,69,5,3790,42.86360551911332,80.5957450459621
2267,141.09,85.69,72,5,3791,42.87491517756164,80.60374086838999
2459,141.01,83.17,62,4,3792,42.88622483600995,80.61173215707493
8188,140.88,87.9,73,6,3793,42.89753449445827,80.61971607842753
1329,140.82999999999998,81.51,64,6,3794,42.90884415290658,80.6276971661908
10161,140.79,82.7,73,7,3795,42.9201538113549,80.63567598708259
2738,140.79,83.34,74,4,3796,42.93146346980321,80.64365480797437
6211,140.73000000000002,83.97,70,4,3797,42.942773128251524,80.65163022855894
3529,140.67000000000002,80.98,67,7,3798,42.95408278669984,80.65960224883628
2993,140.59,85.87,70,5,3799,42.965392445148154,80.66756973537068
6923,140.49,84.33,66,7,3800,42.97670210359647,80.67553155472636
3900,140.44,82.02,54,3,3801,42.988011762044785,80.6834905404927
9431,140.42000000000002,82.68,65,4,3802,42.999321420493104,80.69144839282329
5096,140.41,79.11,66,4,3803,43.010631078941415,80.69940567843601
9962,140.38,86.12,68,4,3804,43.02194073738973,80.70736126389512
7890,140.37,82.69,64,5,3805,43.033250395838046,80.71531628263638
6236,140.29,82.56,64,5,3806,43.044560054286364,80.72326676763466
8322,140.19,86.67,69,4,3807,43.055869712734676,80.73121158545425
4324,140.15,80.16,60,3,3808,43.06717937118299,80.73915413640235
3202,140.12,83.94,56,6,3809,43.07848902963131,80.74709498719686
8906,140.11,81.05,68,7,3810,43.089798688079625,80.75503527127348
9800,140.04999999999998,85.44,65,4,3811,43.10110834652793,80.76297215504289
5726,140.03,85.62,65,5,3812,43.11241800497625,80.77090790537656
1261,140.01,84.78,71,4,3813,43.12372766342457,80.77884252227449
1175,140.0,83.3,75,6,3814,43.13503732187288,80.78677657245454
3333,140.0,84.69,57,4,3815,43.14634698032119,80.7947106226346
6095,140.0,84.03,68,5,3816,43.15765663876951,80.80264467281467
7197,139.96,84.56,77,7,3817,43.16896629721783,80.81057645612323
7151,139.91,82.75,61,4,3818,43.18027595566613,80.81850540584246
1268,139.83,80.39,76,5,3819,43.19158561411445,80.82642982181872
1856,139.78,84.38,62,5,3820,43.20289527256277,80.83435140420563
4109,139.76,82.46000000000001,69,4,3821,43.21420493101108,80.84227185315682
3445,139.72,82.52,68,6,3822,43.225514589459394,80.85019003523651
8214,139.7,80.43,64,5,3823,43.23682424790771,80.85810708388047
9092,139.69,81.97,77,6,3824,43.24813390635603,80.86602356580656
297,139.69,80.73,78,4,3825,43.25944356480434,80.87394004773263
5489,139.63,83.32,70,5,3826,43.270753223252655,80.88185312935148
1234,139.62,79.08,71,4,3827,43.28206288170097,80.88976564425249
4162,139.60999999999999,80.00999999999999,68,5,3828,43.29337254014929,80.89767759243563
2813,139.6,84.11,51,4,3829,43.304682198597604,80.90558897390089
8724,139.55,81.9,66,5,3830,43.315991857045915,80.9134975217768
2306,139.54,81.26,62,3,3831,43.327301515494234,80.92140550293485
9282,139.53,82.27,64,4,3832,43.338611173942546,80.929312917375
3935,139.5,82.57,68,5,3833,43.34992083239086,80.93721863166157
4954,139.49,82.19,69,4,3834,43.361230490839176,80.94512377923024
3754,139.43,82.3,69,4,3835,43.372540149287495,80.9530255264917
3873,139.4,84.57,76,6,3836,43.38384980773581,80.96092557359957
4269,139.38,83.32,59,4,3837,43.39515946618412,80.96882448727168
2680,139.35,82.71,71,5,3838,43.40646912463244,80.97672170079018
1984,139.26,81.57000000000001,64,4,3839,43.41777878308075,80.98461381384786
629,139.24,82.48,71,3,3840,43.42908844152907,80.9925047934698
2451,139.24,83.06,73,4,3841,43.44039809997738,81.00039577309173
4536,139.24,83.91,70,7,3842,43.4517077584257,81.00828675271366
967,139.23000000000002,80.17,58,4,3843,43.46301741687401,81.01617716561773
9551,139.23,82.59,61,3,3844,43.47432707532233,81.0240675785218
9968,139.17,78.62,58,2,3845,43.48563673377064,81.03195459111863
6842,139.08,81.56,59,4,3846,43.49694639221895,81.03983650325466
5932,139.01,82.45,74,4,3847,43.50825605066727,81.04771444836558
4599,139.0,85.67999999999999,65,5,3848,43.51956570911559,81.05559182675864
2838,139.0,84.41,81,6,3849,43.5308753675639,81.06346920515169
6771,138.98,81.61,54,4,3850,43.54218502601221,81.071345450109
9755,138.93,86.21,61,5,3851,43.55349468446053,81.07921886147697
2559,138.9,82.74,61,4,3852,43.56480434290884,81.08709057269132
1163,138.89,83.49,72,9,3853,43.576114001357155,81.09496171718781
801,138.89,83.88,60,4,3854,43.587423659805474,81.10283286168428
5951,138.87,83.51,60,5,3855,43.59873331825379,81.11070287274504
906,138.83,81.95,68,6,3856,43.610042976702104,81.1185706169343
4753,138.83,82.6,72,7,3857,43.621352635150416,81.12643836112358
5182,138.81,84.89,61,5,3858,43.632662293598734,81.1343049718771
7185,138.77,88.47,64,7,3859,43.64397195204705,81.14216931575915
7298,138.75,83.27,51,4,3860,43.65528161049536,81.15003252620546
3995,138.67000000000002,86.22,68,5,3861,43.66659126894368,81.1578912029088
7653,138.59,82.7,62,4,3862,43.677900927391995,81.16574534586918
9088,138.52,83.14,68,3,3863,43.68921058584031,81.17359552180449
3260,138.51,81.6,71,5,3864,43.70052024428862,81.18144513102192
5526,138.44,84.04,73,6,3865,43.71182990273694,81.18929077321425
4632,138.44,82.98,66,5,3866,43.723139561185256,81.19713641540658
5808,138.43,80.75999999999999,58,4,3867,43.73444921963356,81.20498149088104
1938,138.43,84.26,69,5,3868,43.74575887808188,81.2128265663555
4179,138.35,84.48,66,5,3869,43.7570685365302,81.22066710808701
8421,138.34,83.72,73,4,3870,43.76837819497851,81.22850708310065
10126,138.23,79.69,63,6,3871,43.77968785342682,81.23634082421772
8935,138.2,80.87,62,3,3872,43.79099751187514,81.24417286518117
6210,138.16,82.29,63,3,3873,43.80230717032346,81.25200263927314
8720,138.14,83.51,73,8,3874,43.81361682877177,81.25983127992937
8175,138.13,83.92,62,6,3875,43.82492648722008,81.26765935386774
8093,138.1,81.28,61,4,3876,43.8362361456684,81.2754857276525
6911,138.1,80.88,58,3,3877,43.84754580411672,81.28331210143726
879,138.1,83.72,76,4,3878,43.85885546256503,81.29113847522201
8948,138.08,79.36,60,4,3879,43.87016512101334,81.29896371557103
5839,138.08,81.81,64,6,3880,43.88147477946166,81.30678895592006
6020,138.08,85.42,69,5,3881,43.892784437909974,81.31461419626908
2886,138.04,81.72,60,5,3882,43.90409409635829,81.32243716974662
5241,137.99,84.15,63,6,3883,43.915403754806604,81.3302573096348
5972,137.95,79.31,67,7,3884,43.92671341325492,81.33807518265151
4291,137.95,82.65,75,5,3885,43.938023071703235,81.3458930556682
4643,137.89,81.24,64,10,3886,43.949332730151546,81.35370752837768
1127,137.88,81.8,55,4,3887,43.960642388599865,81.3615214343693
5912,137.79,82.31,60,6,3888,43.97195204704818,81.36933023990008
9258,137.68,83.02,60,3,3889,43.983261705496496,81.3771328115343
7060,137.66,81.69,73,5,3890,43.99457136394481,81.38493424973277
163,137.66,78.32000000000001,61,4,3891,44.005881022393126,81.39273568793124
6565,137.63,77.82,58,4,3892,44.01719068084144,81.4005354259761
2763,137.61,81.17,69,4,3893,44.02850033928976,81.40833403058522
953,137.52,81.54,62,4,3894,44.03980999773807,81.41612753473353
4287,137.52,82.7,63,6,3895,44.05111965618638,81.42392103888182
7572,137.43,84.36,58,5,3896,44.0624293146347,81.43170944256927
4829,137.4,80.03,65,4,3897,44.07373897308302,81.43949614610312
3407,137.4,80.02,69,6,3898,44.08504863153133,81.44728284963698
4368,137.37,83.38,71,6,3899,44.09635828997964,81.45506785301724
9370,137.34,82.72,64,5,3900,44.10766794842796,81.46285115624387
7096,137.32,82.23,71,4,3901,44.11897760687627,81.47063332603477
3329,137.29,82.17999999999999,74,7,3902,44.13028726532458,81.47841379567207
6471,137.26,81.48,70,7,3903,44.1415969237729,81.48619256515573
2957,137.23,84.43,56,4,3904,44.15290658222122,81.4939696344858
2174,137.0,79.43,49,4,3905,44.16421624066953,81.50173366930485
6717,136.99,83.08,61,6,3906,44.175525899117844,81.50949713740604
6383,136.96,83.37,65,5,3907,44.18683555756616,81.51725890535361
7841,136.9,82.18,61,5,3908,44.19814521601448,81.52501727299396
9127,136.88,80.39,74,5,3909,44.209454874462786,81.53277450719857
6363,136.87,81.46,64,4,3910,44.220764532911105,81.54053117468533
4074,136.82,79.53,77,7,3911,44.23207419135942,81.54828500858272
7594,136.77,83.54,70,6,3912,44.243383849807735,81.55603600889077
8053,136.69,81.92,70,5,3913,44.25469350825605,81.56378247545585
10227,136.57,84.75,63,5,3914,44.266003166704365,81.5715221414065
7299,136.57,80.7,68,4,3915,44.277312825152684,81.57926180735716
1434,136.56,81.28999999999999,65,3,3916,44.288622483600996,81.58700090658992
1501,136.54,77.23,61,4,3917,44.29993214204931,81.59473887238697
9476,136.53,79.65,67,5,3918,44.311241800497626,81.60247627146613
8376,136.53,84.62,81,4,3919,44.32255145894594,81.61021367054529
4661,136.44,84.02,76,5,3920,44.33386111739425,81.61794596916363
5580,136.42,81.08,67,5,3921,44.34517077584257,81.62567713434622
4575,136.37,81.95,65,4,3922,44.35648043429089,81.63340546593946
2177,136.37,81.0,63,4,3923,44.3677900927392,81.64113379753273
10231,136.35999999999999,80.56,67,6,3924,44.37909975118751,81.6488615624081
2396,136.32,80.31,62,6,3925,44.39040940963583,81.656587060412
8129,136.21,80.69,70,7,3926,44.40171906808415,81.66430632451933
314,136.14000000000001,82.42,69,5,3927,44.41302872653246,81.67202162160156
4375,136.09,79.64999999999999,79,7,3928,44.42433838498077,81.67973408509445
10035,136.03,77.69,73,6,3929,44.43564804342909,81.68744314828011
6545,135.94,80.51,59,5,3930,44.4469577018774,81.69514711100494
3011,135.94,83.38,64,5,3931,44.45826736032572,81.70285107372978
2527,135.89,81.5,55,5,3932,44.46957701877403,81.71055220286524
10142,135.88,80.88,58,5,3933,44.48088667722235,81.71825276528286
3227,135.83,81.83,54,3,3934,44.49219633567066,81.72595049411113
41,135.77,83.83,60,3,3935,44.50350599411898,81.73364482263217
2721,135.76,77.24,56,4,3936,44.51481565256729,81.74133858443535
2764,135.75,79.18,61,3,3937,44.526125311015605,81.74903177952065
7474,135.72,80.59,65,7,3938,44.53743496946392,81.75672327445234
361,135.7,82.78,67,7,3939,44.548744627912235,81.7644136359483
3139,135.66,82.28,58,3,3940,44.560054286360554,81.77210173057277
3663,135.56,78.52,57,4,3941,44.571363944808866,81.77978415801856
3993,135.48,77.71,61,5,3942,44.582673603257184,81.78746205172136
1437,135.48,80.04,61,4,3943,44.593983261705496,81.79513994542418
1344,135.45,79.24000000000001,54,5,3944,44.60529292015381,81.80281613897338
6915,135.37,81.34,67,5,3945,44.61660257860213,81.81048779877963
3100,135.36,81.97,73,6,3946,44.627912237050445,81.81815889186801
6136,135.28,82.37,58,5,3947,44.63922189549876,81.82582545121343
3626,135.18,81.25,64,6,3948,44.65053155394707,81.83348634338013
7847,135.1,82.47,62,5,3949,44.66184121239539,81.84114270180389
733,135.08,82.34,59,4,3950,44.673150870843706,81.84879792679192
7664,135.07,82.94,47,4,3951,44.68446052929201,81.85645258506207
3358,135.06,76.75,52,3,3952,44.69577018774033,81.86410667661434
9421,135.05,80.07000000000001,60,8,3953,44.70707984618865,81.87176020144875
6525,135.01,83.23,73,5,3954,44.71838950463696,81.87941145941167
3549,135.01,80.58,62,10,3955,44.72969916308527,81.8870627173746
3238,134.98,84.69,72,5,3956,44.74100882153359,81.8947122751839
4398,134.86,80.37,68,4,3957,44.75231847998191,81.9023550323788
5168,134.85,81.89,63,3,3958,44.763628138430214,81.90999722285581
8587,134.84,80.2,64,10,3959,44.77493779687853,81.91763884661493
1843,134.76,83.19,60,5,3960,44.78624745532685,81.92527593663111
3504,134.72,80.06,67,8,3961,44.79755711377516,81.93291075977581
5308,134.72,79.97,68,6,3962,44.808866772223475,81.94054558292049
5285,134.58,75.75,54,5,3963,44.82017643067179,81.94817247201502
7823,134.46,80.41,66,4,3964,44.83148608912011,81.95579256049508
4090,134.42000000000002,80.7,75,6,3965,44.842795747568424,81.96341038210369
5678,134.41,79.16,75,4,3966,44.854105406016735,81.97102763699439
9405,134.33,81.74,58,5,3967,44.865415064465054,81.97864035814217
2779,134.32,78.36,67,4,3968,44.876724722913366,81.98625251257207
1263,134.29999999999998,78.42,73,6,3969,44.888034381361685,81.99386353356623
9507,134.29,79.42,73,5,3970,44.899344039809996,82.00147398784252
2735,134.23,79.14,73,4,3971,44.910653698258315,82.00908104181157
8111,134.18,79.87,73,6,3972,44.92196335670663,82.01668526219127
1373,134.16,78.36,60,3,3973,44.93327301515494,82.02428834913526
8914,134.14000000000001,80.15,56,4,3974,44.94458267360326,82.03189030264349
4894,134.13,81.24,67,6,3975,44.955892332051576,82.03949168943385
3349,134.09,83.42,69,5,3976,44.96720199049989,82.04709080935272
1666,134.06,80.56,71,6,3977,44.9785116489482,82.05468822911801
4548,134.04,78.97,58,5,3978,44.98982130739652,82.06228451544753
9816,134.01,78.46,64,5,3979,45.00113096584483,82.06987910162347
4119,133.98,81.26,77,4,3980,45.01244062429315,82.07747198764578
5385,133.94,79.24,57,6,3981,45.02375028274146,82.08506260679661
5771,133.93,82.63,56,6,3982,45.03505994118978,82.09265265922957
578,133.92,82.82,55,6,3983,45.04636959963809,82.10024214494466
2564,133.82,82.79,63,4,3984,45.05767925808641,82.10782596348106
9406,133.72,76.8,53,5,3985,45.06898891653472,82.11540411483875
4283,133.71,80.77,64,4,3986,45.08029857498303,82.12298169947857
9343,133.6,80.06,52,4,3987,45.09160823343135,82.13055305022183
3128,133.57,78.86,65,7,3988,45.10291789187966,82.13812270081148
7705,133.56,78.11,71,5,3989,45.11422755032798,82.14569178468327
8458,133.53,82.44,57,4,3990,45.125537208776294,82.15325916840143
1577,133.52,78.5,59,3,3991,45.13684686722461,82.16082598540171
5265,133.51,78.63,60,4,3992,45.148156525672924,82.16839223568414
7703,133.43,81.74,62,5,3993,45.159466184121236,82.17595395222361
81,133.31,82.7,59,5,3994,45.170775842569554,82.18350886814862
3198,133.27,78.96000000000001,58,4,3995,45.18208550101787,82.19106151720217
7861,133.2,80.8,68,5,3996,45.193395159466185,82.19861019923063
464,133.17000000000002,77.49,58,3,3997,45.2047048179145,82.20615718110547
7271,133.14000000000001,77.92,72,5,3998,45.216014476362815,82.21370246282669
1157,133.1,77.39,59,3,3999,45.227324134811134,82.22124547767645
5069,133.1,79.95,67,5,4000,45.23863379325944,82.2287884925262
6582,133.06,82.52,66,5,4001,45.24994345170776,82.23632924050449
3735,133.06,79.74,57,3,4002,45.261253110156076,82.24386998848277
5886,133.05,78.96000000000001,61,3,4003,45.27256276860439,82.25141016974317
3820,133.04999999999998,77.44,60,3,4004,45.2838724270527,82.25895035100358
21,132.9,81.25,66,6,4005,45.29518208550102,82.26648203149593
9095,132.83,78.14999999999999,70,5,4006,45.30649174394934,82.2740097449632
7129,132.81,82.85,74,5,4007,45.31780140239764,82.28153632499472
10062,132.73000000000002,82.76,52,4,4008,45.32911106084596,82.28905837128329
4187,132.71,80.11,49,3,4009,45.34042071929428,82.2965792841361
6156,132.7,80.03999999999999,55,2,4010,45.35173037774259,82.30409963027105
8306,132.69,76.95,62,4,4011,45.3630400361909,82.31161940968813
2914,132.63,81.39,61,4,4012,45.37434969463922,82.319135788798
6989,132.61,74.99,53,4,4013,45.38565935308754,82.32665103447212
7266,132.58,80.15,71,4,4014,45.39696901153585,82.33416457999265
7088,132.56,80.02,69,6,4015,45.40827866998416,82.34167699207742
34,132.41,77.05,59,3,4016,45.41958832843248,82.34918090339414
1475,132.4,80.76,54,3,4017,45.430897986880794,82.35668424799299
7888,132.36,77.92999999999999,59,4,4018,45.44220764532911,82.36418532572036
8624,132.35999999999999,79.78999999999999,72,5,4019,45.453517303777424,82.37168640344774
8693,132.34,74.71,53,2,4020,45.46482696222574,82.37918634773938
847,132.33,77.58,67,6,4021,45.476136620674055,82.38668572531314
7093,132.32,80.01,64,4,4022,45.48744627912237,82.39418453616905
4138,132.25,77.61,60,4,4023,45.498755937570685,82.40167937999985
9313,132.24,78.5,68,4,4024,45.510065596019004,82.40917365711277
2675,132.24,77.7,61,5,4025,45.521375254467316,82.4166679342257
766,132.18,80.97,70,4,4026,45.53268491291563,82.42415881103142
7196,132.18,80.31,70,4,4027,45.543994571363946,82.43164968783712
8859,132.11,75.45,51,3,4028,45.55530422981226,82.43913659761776
9066,132.11,78.7,65,5,4029,45.56661388826058,82.44662350739839
2627,132.03,81.14,68,7,4030,45.57792354670889,82.45410588343606
2833,132.01,76.54,62,5,4031,45.58923320515721,82.46158712603798
7643,131.94,81.66,73,5,4032,45.60054286360552,82.46906440161482
1921,131.94,76.39,55,4,4033,45.61185252205384,82.47654167719163
2466,131.93,79.52,64,5,4034,45.62316218050215,82.4840183860506
10064,131.93,77.28999999999999,60,6,4035,45.63447183895046,82.49149509490957
281,131.91,78.84,58,4,4036,45.64578149739878,82.49897067033277
6106,131.87,82.23,62,4,4037,45.6570911558471,82.50644397888452
1507,131.87,79.12,50,4,4038,45.66840081429541,82.51391728743627
3668,131.78,78.31,67,4,4039,45.67971047274372,82.52138549552718
9140,131.76,78.28999999999999,59,5,4040,45.69102013119204,82.52885257018237
1033,131.73,75.81,53,3,4041,45.70232978964035,82.53631794468393
2129,131.7,78.16,54,3,4042,45.713639448088664,82.54378161903188
6966,131.68,78.59,58,5,4043,45.72494910653698,82.55124415994408
10053,131.61,78.24000000000001,70,4,4044,45.7362587649853,82.55870273383121
9245,131.58,79.88,55,4,4045,45.74756842343361,82.56615960756473
7323,131.53,79.97,54,5,4046,45.758878081881925,82.5736136477089
1357,131.5,76.35000000000001,64,4,4047,45.77018774033024,82.58106598769945
10121,131.41,77.6,71,5,4048,45.78149739877856,82.58851322722917
3324,131.39,76.23,63,4,4049,45.79280705722687,82.59595933332314
317,131.37,80.38,59,7,4050,45.804116715675185,82.6034043059814
9062,131.34,79.28,71,5,4051,45.815426374123504,82.61084757848603
3760,131.33,80.28,62,4,4052,45.826736032571816,82.6182902842728
910,131.32,77.6,60,3,4053,45.83804569102013,82.62573242334169
9621,131.32,78.63,72,6,4054,45.849355349468446,82.63317456241059
9710,131.24,79.4,67,5,4055,45.860665007916765,82.64061216773652
9427,131.21,76.23,60,5,4056,45.87197466636508,82.64804807290884
8545,131.2,78.53999999999999,59,3,4057,45.88328432481339,82.65548341136329
1677,131.18,78.05,68,4,4058,45.89459398326171,82.662917616382
3283,131.14,72.78,53,4,4059,45.90590364171002,82.67034955452924
661,131.13,79.50999999999999,58,5,4060,45.91721330015833,82.67778092595859
9775,131.05,81.75,67,5,4061,45.92852295860665,82.685207763645
6634,131.0,76.3,68,6,4062,45.93983261705497,82.69263176774204
1205,130.98,78.95,60,3,4063,45.95114227550328,82.70005463840336
4734,130.91,79.17999999999999,68,3,4064,45.96245193395159,82.70747354203958
9981,130.86,75.18,59,4,4065,45.97376159239991,82.71488961208645
1573,130.8,78.7,59,3,4066,45.98507125084822,82.7223022818261
382,130.8,79.31,58,3,4067,45.99638090929654,82.72971495156577
3825,130.77,79.34,59,4,4068,46.00769056774485,82.73712592115182
8559,130.72,78.8,62,4,4069,46.01900022619317,82.7445340571485
8635,130.71,80.00999999999999,69,5,4070,46.03030988464148,82.75194162642731
5130,130.7,76.72,64,5,4071,46.0416195430898,82.75934862898828
3199,130.67,77.93,57,6,4072,46.05292920153811,82.76675393139561
9042,130.65,77.44,62,5,4073,46.06423885998643,82.77415810036722
2219,130.60999999999999,79.05,58,4,4074,46.07554851843474,82.78156000246733
5233,130.60999999999999,72.28999999999999,66,5,4075,46.086858176883055,82.78896190456746
1724,130.6,73.95,61,4,4076,46.098167835331374,82.79636323994973
6035,130.57,78.53,50,4,4077,46.109477493779686,82.80376287517836
7418,130.55,78.53,70,4,4078,46.120787152228004,82.81116137697127
5401,130.53,79.2,58,4,4079,46.132096810676316,82.81855874532845
1914,130.49,75.25,52,4,4080,46.143406469124635,82.82595384681412
7971,130.41,77.43,54,6,4081,46.15471612757295,82.83334441455685
2189,130.38,77.82000000000001,70,5,4082,46.166025786021265,82.84073328214593
4255,130.37,79.78999999999999,62,6,4083,46.17733544446958,82.8481215830172
6571,130.35,77.82000000000001,57,4,4084,46.18864510291789,82.8555087504527
5751,130.32,79.88,55,5,4085,46.19995476136621,82.86289421773459
7180,130.27,75.75,63,4,4086,46.211264419814526,82.87027685142714
4218,130.21,79.0,61,4,4087,46.22257407826284,82.87765608481246
10133,130.19,80.41,67,4,4088,46.23388373671115,82.88503418476203
7212,130.06,77.09,58,5,4089,46.24519339515947,82.89240491737931
4987,130.06,75.87,54,3,4090,46.25650305360779,82.89977564999658
3381,130.05,78.6,54,3,4091,46.26781271205609,82.907145815896
9612,130.01,77.87,60,5,4092,46.27912237050441,82.91451371492393
7437,129.96,78.07,64,5,4093,46.29043202895273,82.92187878036249
252,129.94,77.85,53,5,4094,46.30174168740104,82.92924271236531
885,129.92,77.25,62,4,4095,46.31305134584935,82.93660551093241
639,129.83,78.76,59,4,4096,46.32436100429767,82.94396320903867
1887,129.79,73.03999999999999,68,4,4097,46.33567066274599,82.95131864027347
734,129.79,76.28999999999999,74,6,4098,46.346980321194295,82.95867407150824
8493,129.76,76.56,53,4,4099,46.35828997964261,82.96602780258941
8456,129.65,79.6,64,6,4100,46.36959963809093,82.973375299774
8048,129.64,72.99,59,5,4101,46.380909296539244,82.98072223024074
493,129.62,79.09,53,4,4102,46.392218954987555,82.98806802727174
2709,129.6,76.99,57,5,4103,46.403528613435874,82.995412690867
7567,129.6,75.25,61,5,4104,46.41483827188419,83.00275735446225
9558,129.51,76.11,66,5,4105,46.426147930332505,83.01009691759667
7036,129.47,76.6,66,5,4106,46.437457588780816,83.01743421385962
2586,129.43,74.38,58,5,4107,46.448767247229135,83.02476924325107
7186,129.42000000000002,76.76,58,3,4108,46.46007690567745,83.03210370592467
9272,129.33,74.21,58,3,4109,46.47138656412576,83.03943306813743
9080,129.32,79.94,60,5,4110,46.48269622257408,83.04676186363233
2599,129.29,77.78,50,5,4111,46.494005881022396,83.05408895897361
4821,129.28,75.03,65,7,4112,46.50531553947071,83.06141548759702
5180,129.26,74.15,64,5,4113,46.51662519791902,83.0687408827847
1131,129.23,76.88,67,7,4114,46.52793485636734,83.07606457781876
7105,129.18,78.5,61,6,4115,46.53924451481565,83.08338543926347
2703,129.11,80.17,61,5,4116,46.55055417326397,83.0907023336831
9160,129.11,75.85,67,5,4117,46.56186383171228,83.09801922810273
3503,129.07999999999998,79.26,60,5,4118,46.5731734901606,83.10533442236874
821,129.07,75.46,74,5,4119,46.58448314860891,83.11264904991688
2361,129.04,75.62,65,5,4120,46.59579280705723,83.11996197731142
4133,129.02,78.11,64,4,4121,46.60710246550554,83.12727377127021
593,129.02,80.6,62,5,4122,46.61841212395386,83.134585565229
3187,128.99,77.47,61,3,4123,46.62972178240217,83.14189565903418
9328,128.94,76.60000000000001,63,4,4124,46.64103144085049,83.14920291925002
9543,128.9,76.33,66,5,4125,46.6523410992988,83.15650791259436
8056,128.85,77.49,58,5,4126,46.663650757747114,83.16381007234936
1748,128.84,76.69,60,4,4127,46.67496041619543,83.1711116653865
9214,128.82,78.46,74,6,4128,46.686270074643744,83.1784121249879
5502,128.78,76.65,53,4,4129,46.69757973309206,83.1857103177178
5044,128.67000000000002,76.95,54,4,4130,46.708889391540374,83.19300227655116
721,128.65,75.93,63,3,4131,46.72019904998869,83.20029310194876
197,128.62,79.24,68,6,4132,46.731508708437005,83.20758222719274
10195,128.56,76.32,54,3,4133,46.74281836688532,83.21486795212952
7124,128.54,80.11,65,7,4134,46.754128025333635,83.22215254363056
10249,128.52,77.3,58,3,4135,46.765437683781954,83.22943600169584
6071,128.51999999999998,76.37,50,3,4136,46.776747342230266,83.23671945976115
5777,128.5,74.91,65,4,4137,46.78805700067858,83.2440017843907
8605,128.45,73.81,56,5,4138,46.799366659126896,83.25128127543088
7668,128.39000000000001,76.83,55,4,4139,46.810676317575215,83.25855736616387
7246,128.37,76.3,62,6,4140,46.82198597602352,83.26583232346113
2582,128.28,78.16,55,2,4141,46.83329563447184,83.27310218029753
7512,128.22,74.64,53,4,4142,46.84460529292016,83.28036863682672
2900,128.16,76.9,56,4,4143,46.85591495136847,83.2876316930487
3964,128.15,76.68,59,4,4144,46.86722460981678,83.29489418255278
1508,128.1,77.95,56,9,4145,46.8785342682651,83.30215383846755
6961,128.1,75.17999999999999,58,6,4146,46.88984392671342,83.3094134943823
323,127.92,78.57,66,4,4147,46.90115358516172,83.31666294937538
4395,127.9,76.97,63,4,4148,46.91246324361004,83.32391127093273
9340,127.86999999999999,73.96,60,4,4149,46.92377290205836,83.33115789233648
8517,127.86,75.15,60,4,4150,46.93508256050667,83.33840394702236
2823,127.85000000000001,77.59,46,2,4151,46.94639221895498,83.34564943499036
2203,127.81,76.57,62,4,4152,46.9577018774033,83.35289265608688
8533,127.7,73.88,59,4,4153,46.96901153585162,83.36012964328684
8818,127.68,77.19,58,6,4154,46.98032119429993,83.36736549705105
8700,127.68,75.67999999999999,50,4,4155,46.991630852748244,83.37460135081525
1151,127.67,76.96000000000001,59,4,4156,47.00294051119656,83.38183663786158
3585,127.65,79.03,67,6,4157,47.014250169644875,83.3890707914722
9099,127.64,74.48,63,5,4158,47.02555982809319,83.39630437836492
9570,127.61,77.02,54,4,4159,47.036869486541505,83.40353626510404
9399,127.6,77.46,58,5,4160,47.048179144989824,83.41076758512528
1209,127.59,80.51,61,5,4161,47.059488803438136,83.41799833842867
8321,127.58,77.7,62,5,4162,47.07079846188645,83.42522852501419
7842,127.57,74.29,55,5,4163,47.082108120334766,83.43245814488183
7429,127.53,76.65,54,3,4164,47.09341777878308,83.439685497878
3203,127.53,74.76,65,6,4165,47.104727437231396,83.44691285087417
8137,127.51,76.65,55,5,4166,47.11603709567971,83.45413907043458
2988,127.43,77.96,67,6,4167,47.12734675412803,83.46136075625205
5457,127.41,75.43,55,5,4168,47.13865641257634,83.46858130863376
7578,127.4,76.51,68,5,4169,47.14996607102466,83.47580129429761
4745,127.36,73.8,63,5,4170,47.16127572947297,83.48301901308999
4030,127.28999999999999,73.75,73,5,4171,47.17258538792129,83.49023276485727
8054,127.27,75.38,63,5,4172,47.1838950463696,83.49744538318882
4566,127.24000000000001,73.55,53,4,4173,47.19520470481792,83.50465630136674
840,127.21,78.65,54,3,4174,47.20651436326623,83.51186551939107
9599,127.14,73.6,55,4,4175,47.21782402171454,83.51907077039029
768,127.12,76.6,62,3,4176,47.22913368016286,83.52627488795379
1990,127.1,75.11,66,6,4177,47.24044333861118,83.53347787208153
8662,126.98,78.53,53,4,4178,47.25175299705949,83.54067405559485
8187,126.92,73.2,51,4,4179,47.2630626555078,83.54786683880094
5922,126.9,75.98,58,4,4180,47.27437231395612,83.55505848857129
9533,126.83,74.9,66,4,4181,47.28568197240443,83.56224617131656
2770,126.76,77.26,54,5,4182,47.296991630852744,83.56942988703673
6596,126.71000000000001,77.17,57,3,4183,47.30830128930106,83.57661076916753
2817,126.65,74.15,49,4,4184,47.31961094774938,83.58378825099115
1358,126.65,78.06,73,4,4185,47.330920606197694,83.59096573281474
652,126.62,75.97,55,4,4186,47.342230264646005,83.59814151448474
5774,126.6,77.76,50,4,4187,47.353539923094324,83.60531616271899
5305,126.59,71.93,55,6,4188,47.36484958154264,83.61249024423537
3537,126.55,75.83,51,3,4189,47.37615923999095,83.61966205888027
8123,126.54,72.85,60,4,4190,47.387468898439266,83.62683330680731
6688,126.54,75.1,60,5,4191,47.398778556887585,83.63400455473435
2870,126.52,74.8,56,4,4192,47.4100882153359,83.64117466922563
10147,126.44,77.82000000000001,57,3,4193,47.42139787378421,83.64834024997396
958,126.44,75.67999999999999,69,4,4194,47.43270753223253,83.65550583072229
4338,126.43,78.33,59,5,4195,47.444017190680846,83.66267084475275
2760,126.43,76.91,61,5,4196,47.45532684912915,83.6698358587832
8875,126.4,76.83,56,4,4197,47.46663650757747,83.67699917266005
3015,126.39,78.18,63,5,4198,47.47794616602579,83.68416191981902
7542,126.38,75.74,54,4,4199,47.4892558244741,83.69132410026013
7671,126.37,73.39,58,3,4200,47.50056548292241,83.69848571398337
4763,126.31,74.86,59,4,4201,47.51187514137073,83.7056439273994
5814,126.31,75.5,70,4,4202,47.52318479981905,83.71280214081543
4999,126.23,76.51,62,5,4203,47.53449445826736,83.7199558204885
6283,126.21,76.08,69,6,4204,47.54580411671567,83.7271083667258
7605,126.19,75.83,76,5,4205,47.55711377516399,83.73425977952739
7447,126.17,71.4,67,4,4206,47.5684234336123,83.74141005889322
9630,126.13,77.36,58,5,4207,47.57973309206062,83.74855807138756
1714,126.07,71.74,58,3,4208,47.59104275050893,83.75570268357471
9548,126.03,75.67,63,4,4209,47.60235240895725,83.76284502889038
3219,126.03,73.19,57,4,4210,47.61366206740556,83.76998737420604
1114,126.02,75.59,53,4,4211,47.62497172585388,83.77712915280384
3457,126.0,77.1,63,4,4212,47.636281384302194,83.78426979796588
7709,125.99,75.1,49,4,4213,47.647591042750506,83.79140987641006
7357,125.85000000000001,73.99,62,5,4214,47.658900701198824,83.79854202080406
9166,125.81,76.54,55,5,4215,47.670210359647136,83.8056718983266
8122,125.69,72.45,58,5,4216,47.681520018095455,83.81279497523467
940,125.68,71.71,57,4,4217,47.69282967654377,83.81991748542488
8734,125.6,75.97,71,4,4218,47.704139334992085,83.82703546187213
5486,125.57,73.58,72,6,4219,47.7154489934404,83.83415173816579
10012,125.55,75.67,54,3,4220,47.726758651888716,83.84126688102369
2405,125.54,76.78,53,4,4221,47.73806831033703,83.84838145716371
194,125.52,74.78999999999999,67,5,4222,47.749377968785346,83.855494899868
4879,125.48,75.17,56,4,4223,47.76068762723366,83.86260607570082
7717,125.48,75.44,57,4,4224,47.77199728568197,83.86971725153363
10030,125.47999999999999,75.39,64,4,4225,47.78330694413029,83.87682842736643
4534,125.45,73.67,56,4,4226,47.79461660257861,83.88393790304563
6616,125.45,73.56,66,6,4227,47.80592626102692,83.89104737872483
406,125.39999999999999,73.33,59,4,4228,47.81723591947523,83.89815402081467
5259,125.36999999999999,74.44,67,4,4229,47.82854557792355,83.90525896275093
9505,125.3,74.32000000000001,56,4,4230,47.83985523637186,83.91235993766209
1642,125.2,75.87,70,5,4231,47.85116489482017,83.91945524539453
7908,125.19,72.83,51,4,4232,47.86247455326849,83.9265499864091
6256,125.17,74.85,58,4,4233,47.87378421171681,83.93364359398794
4554,125.16,75.21,69,5,4234,47.88509387016512,83.94073663484892
4486,125.07,76.11,55,4,4235,47.89640352861343,83.94782457524906
8125,125.05,73.22,45,4,4236,47.90771318706175,83.95491138221345
7965,125.03,78.03,54,3,4237,47.91902284551007,83.96199705574212
9874,125.03,75.53,55,4,4238,47.930332503958375,83.96908272927077
2711,125.0,73.47,70,5,4239,47.941642162406694,83.97616670264583
9791,124.95,75.83,50,4,4240,47.95295182085501,83.98324784243152
872,124.94,75.22,57,6,4241,47.964261479303325,83.99032841549935
9139,124.94,77.37,63,5,4242,47.975571137751636,83.99740898856717
7335,124.92,71.65,64,4,4243,47.986880796199955,84.00448842819927
1574,124.92,71.25,57,3,4244,47.998190454648274,84.01156786783135
9792,124.91,71.8,58,5,4245,48.009500113096585,84.01864674074557
8745,124.91,72.01,48,6,4246,48.0208097715449,84.02572561365979
4943,124.9,72.05,54,4,4247,48.032119429993216,84.03280391985612
7481,124.89,75.08,56,4,4248,48.04342908844153,84.0398816593346
1601,124.87,77.32,54,5,4249,48.05473874688984,84.04695826537734
9304,124.86,73.24,66,4,4250,48.06604840533816,84.05403430470223
8008,124.83,74.53,57,4,4251,48.07735806378648,84.0611086438735
8981,124.82,75.76,53,5,4252,48.08866772223479,84.06818241632689
8348,124.76,72.38,63,4,4253,48.0999773806831,84.07525278847305
2315,124.75,70.97,61,6,4254,48.11128703913142,84.08232259390135
9729,124.71,74.02,63,5,4255,48.12259669757973,84.08939013245818
4157,124.61999999999999,72.34,65,5,4256,48.13390635602805,84.09645257055416
3609,124.51,71.92,68,5,4257,48.14521601447636,84.10350877475359
8495,124.47,74.15,49,4,4258,48.15652567292468,84.11056271208153
7219,124.47,74.76,50,2,4259,48.16783533137299,84.11761664940947
6987,124.46000000000001,72.05,59,5,4260,48.17914498982131,84.12467002001954
2712,124.44,73.75,55,5,4261,48.19045464826962,84.13172225719386
2524,124.42999999999999,76.01,63,5,4262,48.20176430671793,84.13877392765032
7692,124.4,72.69,53,5,4263,48.21307396516625,84.14582389795316
1638,124.39,71.84,55,7,4264,48.22438362361457,84.15287330153815
7657,124.36,76.77,67,5,4265,48.23569328206288,84.15992100496952
89,124.32,75.21000000000001,55,3,4266,48.247002940511194,84.16696644152941
6219,124.28,69.92999999999999,54,4,4267,48.25831259895951,84.17400961121783
2382,124.22,72.67,72,5,4268,48.269622257407825,84.181049380599
5498,124.2,73.04,60,4,4269,48.280931915856144,84.18808801654446
5660,124.12,74.22,60,4,4270,48.292241574304455,84.19512211874695
10119,124.09,70.46,63,3,4271,48.303551232752774,84.20215452079583
7781,124.09,71.6,52,3,4272,48.314860891201086,84.20918692284472
9379,124.08,75.85,62,5,4273,48.3261705496494,84.21621875817574
9979,124.06,74.35,63,5,4274,48.337480208097716,84.22324946007102
2927,124.04,77.18,60,3,4275,48.348789866546035,84.23027902853055
2331,124.02,75.18,60,4,4276,48.36009952499435,84.23730746355433
9373,124.01,75.02,59,4,4277,48.37140918344266,84.24433533186026
7460,123.96,75.57000000000001,68,7,4278,48.38271884189098,84.25136036657682
1868,123.94,72.51,70,4,4279,48.39402850033929,84.25838426785765
4363,123.9,72.42999999999999,60,4,4280,48.4053381587876,84.265405902267
1716,123.89,70.28999999999999,49,4,4281,48.41664781723592,84.27242696995847
5040,123.84,73.54,53,4,4282,48.42795747568424,84.2794452040606
9156,123.83,72.18,57,5,4283,48.43926713413255,84.28646287144487
8695,123.74,73.08,68,3,4284,48.45057679258086,84.29347543836829
8065,123.69,74.95,54,4,4285,48.46188645102918,84.30048517170238
6952,123.65,74.03,53,3,4286,48.4731961094775,84.30749263816497
5108,123.64,74.44,56,5,4287,48.4845057679258,84.3144995379097
6528,123.63,75.42,53,3,4288,48.49581542637412,84.32150587093655
5917,123.61,72.38,54,4,4289,48.50712508482244,84.32851107052767
4259,123.59,72.75,54,4,4290,48.51843474327075,84.33551513668306
7229,123.56,74.78,56,4,4291,48.529744401719064,84.34251750268483
2788,123.53999999999999,77.61,66,6,4292,48.54105406016738,84.34951873525087
6808,123.53,71.17,57,3,4293,48.5523637186157,84.35651940109902
5543,123.5,70.38,69,3,4294,48.56367337706401,84.36351836679357
5918,123.45,73.03,62,5,4295,48.574983035512325,84.37051449889876
8156,123.43,73.27,51,4,4296,48.586292693960644,84.37750949756823
6493,123.41,73.11,60,4,4297,48.597602352408956,84.38450336280195
3772,123.35,74.76,62,4,4298,48.608912010857274,84.39149382772845
2404,123.26,73.64,60,4,4299,48.620221669305586,84.39847919219412
9920,123.25,72.05,62,4,4300,48.631531327753905,84.40546398994192
3028,123.25,76.62,56,5,4301,48.642840986202216,84.41244878768971
581,123.24,76.5,51,3,4302,48.65415064465053,84.41943301871964
2635,123.23,72.26,55,4,4303,48.66546030309885,84.4264166830317
824,123.22,75.46,51,5,4304,48.67676996154716,84.43339978062589
7291,123.2,74.46,67,7,4305,48.68807961999548,84.44038174478433
4621,123.16,73.55,56,4,4306,48.69938927844379,84.4473614420713
9045,123.16,74.56,52,4,4307,48.71069893689211,84.45434113935826
4228,123.13,72.44,74,5,4308,48.72200859534042,84.46131913649162
7479,123.08,72.15,60,5,4309,48.73331825378874,84.46829430003562
7624,123.03,71.93,60,4,4310,48.74462791223705,84.4752666299903
6172,123.02,71.29,57,3,4311,48.75593757068536,84.48223839322708
6272,123.02,75.95,54,3,4312,48.76724722913368,84.48921015646388
6999,122.92999999999999,75.59,54,4,4313,48.778556887582,84.49617681923984
143,122.91,71.72,55,5,4314,48.78986654603031,84.50314234858006
6675,122.85,73.06,63,11,4315,48.80117620447862,84.51010447761305
7667,122.83,74.08,59,5,4316,48.81248586292694,84.51706547321032
6400,122.8,74.18,55,3,4317,48.82379552137525,84.52402476865397
8434,122.73,73.65,52,3,4318,48.83510517982357,84.53098009707253
1722,122.64,75.44,55,5,4319,48.84641483827188,84.53793032503026
2994,122.61,71.24,63,5,4320,48.8577244967202,84.54487885283437
3892,122.6,74.47,67,3,4321,48.869034155168514,84.55182681392063
2505,122.6,78.68,62,3,4322,48.880343813616825,84.55877477500688
1138,122.56,72.13,60,4,4323,48.891653472065144,84.56572046922166
9482,122.48,71.73,54,5,4324,48.90296313051346,84.57266162969347
9435,122.47,70.52,58,4,4325,48.914272788961775,84.57960222344741
5959,122.42999999999999,73.61,62,5,4326,48.925582447410086,84.58654055032986
7608,122.42,68.84,52,3,4327,48.936892105858405,84.59347831049445
8573,122.41,71.48,61,3,4328,48.94820176430672,84.60041550394116
4058,122.39,73.49,53,4,4329,48.95951142275503,84.60735156395214
5085,122.38,71.46000000000001,57,4,4330,48.97082108120335,84.61428705724524
8898,122.35,73.19,63,4,4331,48.982130739651666,84.62122085038473
10258,122.35,73.77,57,6,4332,48.99344039809998,84.62815464352424
6518,122.3,74.31,56,5,4333,49.00475005654829,84.6350856030744
5879,122.3,76.27,59,6,4334,49.01605971499661,84.64201656262455
9009,122.23,72.32,62,4,4335,49.02736937344493,84.6489435551496
8324,122.19,71.89,57,3,4336,49.03867903189323,84.65586828080318
179,122.15,72.53,53,3,4337,49.04998869034155,84.66279073958528
2081,122.15,77.84,58,3,4338,49.06129834878987,84.66971319836738
7367,122.14,73.17,65,5,4339,49.07260800723818,84.6766350904316
9151,122.14,71.42,53,3,4340,49.08391766568649,84.68355698249582
6247,122.12,71.56,60,5,4341,49.09522732413481,84.69047774112431
6949,122.11,70.97,58,3,4342,49.10653698258313,84.69739793303494
8092,122.11,71.33,54,5,4343,49.11784664103144,84.70431812494556
9076,122.10000000000001,70.28,61,3,4344,49.12915629947975,84.71123775013832
1956,122.07000000000001,69.41,62,5,4345,49.14046595792807,84.71815567517747
6133,122.05,71.25,57,4,4346,49.15177561637638,84.72507246678086
959,122.05,72.73,72,4,4347,49.1630852748247,84.73198925838426
8640,122.0,70.85,63,5,4348,49.174394933273014,84.73890321639831
3014,121.98,76.41,61,6,4349,49.18570459172133,84.74581604097662
9777,121.96000000000001,74.48,70,5,4350,49.197014250169644,84.7527277321192
7436,121.91,74.86,53,3,4351,49.20832390861796,84.75963658967241
8676,121.9,73.63,64,4,4352,49.219633567066275,84.76654488050774
4181,121.69,72.94,45,4,4353,49.23094322551459,84.77344127026782
537,121.52,73.95,57,3,4354,49.242252883962905,84.78032802582412
6587,121.48,72.54,62,5,4355,49.25356254241122,84.78721251450892
4122,121.44,75.33,61,4,4356,49.264872200859536,84.79409473632225
1784,121.41,70.67,52,4,4357,49.27618185930785,84.80097525798196
139,121.35,71.83,43,4,4358,49.287491517756166,84.80785237933446
5408,121.34,72.25,56,5,4359,49.29880117620448,84.81472893396909
97,121.31,74.11,53,4,4360,49.31011083465279,84.82160378845012
5313,121.31,74.06,55,5,4361,49.32142049310111,84.82847864293115
7439,121.25999999999999,71.87,64,6,4362,49.33273015154943,84.83535066382282
1768,121.25,71.4,65,6,4363,49.34403980999774,84.84222211799661
7904,121.17,72.13,45,3,4364,49.35534946844605,84.84908903842745
4856,121.13,72.26,51,4,4365,49.36665912689437,84.8559536919868
7611,121.06,71.95,61,5,4366,49.37796878534269,84.86281437852107
3592,121.05,75.19,64,5,4367,49.389278443791,84.86967449833747
7273,121.05,70.43,52,7,4368,49.40058810223931,84.87653461815387
5842,121.02,70.16,55,5,4369,49.41189776068763,84.88339303781667
5935,121.0,70.83,58,4,4370,49.42320741913594,84.89025032404372
7752,120.99,73.27,54,5,4371,49.43451707758425,84.8971070435529
4310,120.99,69.01,64,4,4372,49.44582673603257,84.90396376306208
1767,120.98,73.55,54,3,4373,49.45713639448089,84.91081991585338
4762,120.96000000000001,73.27,54,2,4374,49.4684460529292,84.91767493520894
5894,120.95,74.12,56,3,4375,49.479755711377514,84.92452938784663
5718,120.93,71.52,64,6,4376,49.49106536982583,84.9313827070486
10136,120.91,73.92,61,6,4377,49.502375028274145,84.93823489281482
5675,120.91,72.99,51,2,4378,49.513684686722456,84.94508707858103
5990,120.89,67.96,65,5,4379,49.524994345170775,84.9519381309115
595,120.88,67.28,55,5,4380,49.536304003619094,84.95878861652409
5588,120.87,72.57,48,3,4381,49.547613662067405,84.96563853541885
3554,120.83,74.25,69,6,4382,49.55892332051572,84.97248618744212
7808,120.77,70.88,54,5,4383,49.570232978964036,84.97933043915815
7706,120.7,69.45,51,3,4384,49.581542637412355,84.9861707238491
1023,120.7,73.11,56,5,4385,49.592852295860666,84.99301100854004
9452,120.66,71.42,54,4,4386,49.60416195430898,84.9998490263595
2964,120.66,70.75,62,4,4387,49.6154716127573,85.00668704417896
4438,120.66,71.45,52,3,4388,49.62678127120561,85.01352506199844
1646,120.57000000000001,71.19,53,5,4389,49.63809092965392,85.02035797935707
2934,120.53999999999999,73.78,56,6,4390,49.64940058810224,85.0271891965621
3630,120.52,69.31,54,3,4391,49.66071024655056,85.03401928033139
8470,120.48,71.84,55,3,4392,49.67201990499887,85.0408470972292
867,120.39,72.35,63,4,4393,49.68332956344718,85.04766981366618
8609,120.25,71.41,57,4,4394,49.6946392218955,85.05448459605297
3685,120.19999999999999,71.34,68,4,4395,49.70594888034381,85.06129654485042
6611,120.19,70.75,51,4,4396,49.71725853879213,85.06810792693
4844,120.17,72.93,62,4,4397,49.72856819724044,85.07491817557383
7978,120.15,73.37,60,5,4398,49.73987785568876,85.08172729078191
6939,120.13,70.75,57,4,4399,49.75118751413707,85.08853527255428
3066,119.96000000000001,70.08,68,4,4400,49.76249717258539,85.09533362012284
6751,119.95,70.91,52,6,4401,49.7738068310337,85.10213140097353
6933,119.92,69.37,59,7,4402,49.785116489482014,85.10892748167062
1760,119.9,71.0,50,3,4403,49.79642614793033,85.11572242893196
6922,119.88,72.32000000000001,55,3,4404,49.807735806378645,85.12251624275756
2628,119.87,72.19,60,5,4405,49.819045464826964,85.1293094898653
9649,119.84,72.53,54,4,4406,49.830355123275275,85.13610103681944
3458,119.81,72.61,65,5,4407,49.841664781723594,85.14289088361996
8958,119.81,72.01,59,6,4408,49.852974440171906,85.14968073042049
8791,119.8,70.04,46,2,4409,49.86428409862022,85.15647001050314
8012,119.75,72.88,53,4,4410,49.875593757068536,85.16325645699644
5173,119.72999999999999,70.48,55,5,4411,49.886903415516855,85.170041770054
8105,119.66,71.88,56,5,4412,49.89821307396517,85.17682311608645
8953,119.61,72.62,56,3,4413,49.90952273241348,85.18360162852959
2460,119.56,70.77,47,2,4414,49.9208323908618,85.19037730738334
7538,119.56,70.23,55,4,4415,49.932142049310116,85.19715298623713
1772,119.53,74.36,56,4,4416,49.94345170775843,85.20392696493728
8148,119.44999999999999,67.12,63,4,4417,49.95476136620674,85.21069640989448
5882,119.44,72.67,57,7,4418,49.96607102465506,85.2174652881338
1112,119.43,68.7,65,4,4419,49.97738068310337,85.22423359965525
4153,119.32000000000001,73.73,61,4,4420,49.98869034155168,85.23099567728015
6242,119.26,71.06,49,3,4421,50.0,85.23775435459781
8753,119.23,74.13,57,6,4422,50.01130965844831,85.24451133176187
6223,119.2,74.19,51,6,4423,50.02261931689663,85.25126660877233
1273,119.17,73.56,52,3,4424,50.03392897534494,85.25802018562916
4813,119.11,72.26,57,4,4425,50.045238633793254,85.26477036217878
7396,119.05,71.31,63,5,4426,50.05654829224157,85.27151713842119
5220,118.99000000000001,71.09,57,4,4427,50.067857950689884,85.27826051435635
7899,118.97,71.23,64,5,4428,50.07916760913821,85.28500275685579
1015,118.96,68.34,61,6,4429,50.09047726758652,85.29174443263736
7341,118.95,71.49,62,4,4430,50.10178692603483,85.29848554170106
9261,118.91,71.69,47,4,4431,50.11309658448315,85.30522438389326
679,118.87,69.76,56,5,4432,50.124406242931464,85.311960959214
8622,118.85,68.58,54,3,4433,50.135715901379776,85.31869640109902
4635,118.81,68.18,54,2,4434,50.147025559828094,85.32542957611253
5468,118.78,70.64,51,3,4435,50.158335218276406,85.33216105097245
8816,118.77000000000001,70.63,60,3,4436,50.16964487672473,85.33889195911448
7859,118.77,71.1,66,6,4437,50.180954535173036,85.34562286725652
10025,118.77,71.86,59,4,4438,50.19226419362135,85.35235377539856
2930,118.76,72.54,71,5,4439,50.203573852069674,85.35908411682273
10259,118.7,71.33,53,5,4440,50.214883510517986,85.36581105793968
5350,118.66,70.42999999999999,61,8,4441,50.22619316896629,85.37253573218514
6259,118.66,72.42,51,3,4442,50.237502827414616,85.3792604064306
2220,118.65,70.83,57,4,4443,50.24881248586293,85.38598451395819
6053,118.64,71.32,61,6,4444,50.26012214431124,85.39270805476792
3446,118.63,69.79,51,4,4445,50.27143180275956,85.39943102885977
3057,118.59,73.78,58,4,4446,50.28274146120787,85.40615173608015
2265,118.54,67.36,44,2,4447,50.29405111965619,85.41286960971118
8329,118.47999999999999,71.44,68,4,4448,50.3053607781045,85.41958408303498
4100,118.47,71.52000000000001,51,7,4449,50.31667043655281,85.42629798964091
3923,118.47,74.41,64,6,4450,50.32798009500114,85.43301189624685
3611,118.41,71.91,50,3,4451,50.33928975344944,85.43972240254557
6752,118.25,71.41,47,3,4452,50.350599411897754,85.44642384135837
900,118.21,71.51,62,4,4453,50.36190907034608,85.45312301329969
7825,118.1,66.65,47,3,4454,50.37321872879439,85.45981595134444
2849,118.1,71.11,57,5,4455,50.38452838724271,85.46650888938919
6253,118.09,67.38,49,2,4456,50.39583804569102,85.47320126071607
1443,118.09,69.28,57,3,4457,50.407147704139334,85.47989363204296
9234,118.05,71.83,50,3,4458,50.41845736258765,85.48658373649836
9757,118.04,70.57,62,4,4459,50.429767021035964,85.49327327423588
8390,117.97,72.89999999999999,56,5,4460,50.441076679484276,85.49995884494832
3524,117.94,70.05,64,7,4461,50.452386337932595,85.50664271550714
7201,117.93,72.1,55,6,4462,50.463695996380906,85.5133260193481
6687,117.92999999999999,67.9,52,5,4463,50.47500565482922,85.52000932318904
7094,117.85000000000001,69.53,47,2,4464,50.486315313277544,85.52668809328705
7757,117.84,68.56,58,4,4465,50.497624971725855,85.5333662966672
6721,117.84,71.0,56,4,4466,50.508934630174174,85.54004450004732
6165,117.82000000000001,71.68,50,3,4467,50.520244288622486,85.54672156999172
7988,117.81,67.82000000000001,54,6,4468,50.5315539470708,85.55339807321823
2888,117.79,72.7,49,3,4469,50.542863605519116,85.56007344300902
4356,117.78,68.61,66,5,4470,50.55417326396743,85.56674824608193
3898,117.69,67.4,43,3,4471,50.56548292241574,85.573417948694
6576,117.68,70.14,59,4,4472,50.57679258086406,85.5800870845882
9058,117.63,67.96,51,4,4473,50.58810223931237,85.58675338689305
778,117.63,69.69,52,4,4474,50.59941189776068,85.5934196891979
3633,117.62,71.6,60,4,4475,50.610721556209,85.6000854247849
2254,117.58,72.7,60,6,4476,50.62203121465731,85.60674889350041
8792,117.55,71.47,59,6,4477,50.63334087310564,85.61341066206231
1280,117.55,74.28999999999999,56,3,4478,50.64465053155395,85.6200724306242
8664,117.55,73.33,55,3,4479,50.65596019000226,85.6267341991861
630,117.53,69.15,55,4,4480,50.66726984845058,85.63339483431227
5977,117.48,71.48,68,4,4481,50.67857950689889,85.64005263584907
7738,117.43,67.53,69,5,4482,50.6898891653472,85.64670760379653
9124,117.34,69.45,56,5,4483,50.70119882379552,85.65335747128316
4151,117.34,69.03999999999999,51,4,4484,50.712508482243834,85.66000733876979
5462,117.31,66.9,49,5,4485,50.72381814069216,85.66665550610281
64,117.31,72.92,66,4,4486,50.735127799140464,85.67330367343583
8407,117.26,68.93,56,5,4487,50.746437457588776,85.6799490071795
3879,117.25,69.67,65,3,4488,50.7577471160371,85.6865937742053
1374,117.25,71.4,55,3,4489,50.76905677448541,85.6932385412311
5018,117.2,67.97,52,3,4490,50.78036643293372,85.69988047466754
1602,117.12,69.42,59,3,4491,50.791676091382044,85.70651787436103
4194,117.11,71.28999999999999,54,5,4492,50.802985749830356,85.71315470733666
363,117.11,68.82,59,3,4493,50.81429540827867,85.71979154031227
8378,117.11,70.52,55,4,4494,50.825605066726986,85.7264283732879
7895,117.09,68.94,61,4,4495,50.8369147251753,85.73306407282779
9615,117.06,70.27,64,5,4496,50.84822438362362,85.73969807221405
10056,117.03,70.46,51,5,4497,50.85953404207193,85.74633037144672
7820,117.03,69.42999999999999,48,4,4498,50.87084370052024,85.75296267067937
8318,117.01,69.73,54,3,4499,50.882153358968566,85.75959383647628
3527,116.97,71.94,59,3,4500,50.89346301741687,85.76622273540173
1692,116.93,67.63,60,5,4501,50.90477267586518,85.77284936745568
9005,116.9,69.42,59,4,4502,50.91608233431351,85.77947429935602
8194,116.89,71.79,50,4,4503,50.92739199276182,85.78609866453849
4491,116.89,68.87,66,5,4504,50.93870165121014,85.79272302972096
8706,116.82,70.86,46,3,4505,50.95001130965845,85.79934342787836
1094,116.76,68.04,48,4,4506,50.96132096810676,85.80596042572853
2626,116.76,69.59,57,5,4507,50.97263062655508,85.81257742357869
2111,116.75999999999999,69.78999999999999,59,3,4508,50.98394028500339,85.81919442142886
453,116.75,71.85,52,5,4509,50.995249943451704,85.82581085256116
9992,116.72,68.47,57,4,4510,51.00655960190002,85.83242558353984
2173,116.7,68.46,55,3,4511,51.017869260348334,85.83903918108278
2359,116.67999999999999,67.52,50,4,4512,51.029178918796646,85.84565164518999
2781,116.67,72.75,65,5,4513,51.04048857724497,85.85226354257932
8366,116.58,70.00999999999999,53,4,4514,51.05179823569328,85.85887033950783
2447,116.57000000000001,69.83,64,5,4515,51.0631078941416,85.86547656971847
10232,116.52,70.31,54,4,4516,51.074417552589914,85.87207996633977
10075,116.52,70.68,55,3,4517,51.085727211038225,85.87868336296106
5925,116.5,73.55,63,4,4518,51.097036869486544,85.88528562614658
4728,116.5,69.53,57,4,4519,51.108346527934856,85.89188788933214
5513,116.48,70.23,76,4,4520,51.11965618638317,85.89848901908195
7723,116.45,67.88,49,3,4521,51.130965844831486,85.90508844867814
7104,116.39,71.75,53,3,4522,51.1422755032798,85.91168447796711
8130,116.35,69.38,52,5,4523,51.153585161728124,85.91827824038461
4017,116.33,71.54,59,3,4524,51.16489482017643,85.92487086936637
6142,116.31,71.17,58,4,4525,51.17620447862474,85.93146236491239
5836,116.28999999999999,69.49,54,3,4526,51.187514137073066,85.93805272702268
8406,116.24,66.91,50,4,4527,51.19882379552138,85.9446402555436
3322,116.23,68.22,49,5,4528,51.21013345396969,85.95122721734666
947,116.22,67.34,46,3,4529,51.22144311241801,85.95781361243185
255,116.14,65.98,73,6,4530,51.23275277086632,85.96439547377408
1102,116.06,72.18,54,3,4531,51.24406242931463,85.97097280137334
440,116.00999999999999,68.08,67,5,4532,51.25537208776295,85.97754729538325
157,115.98,68.94,59,6,4533,51.26668174621126,85.98412008923955
6846,115.98,67.45,58,4,4534,51.27799140465959,85.99069288309586
1020,115.97,66.28,58,3,4535,51.28930106310789,85.9972651102343
8851,115.96,69.52,57,5,4536,51.300610721556204,86.00383677065486
7000,115.89,72.19,55,4,4537,51.31192038000453,86.01040446405034
3181,115.88000000000001,65.5,63,5,4538,51.32323003845284,86.01697159072793
9779,115.86,68.78999999999999,51,3,4539,51.334539696901146,86.02353758396981
9748,115.77,70.75,60,4,4540,51.34584935534947,86.03009847675085
8229,115.61,70.79,55,4,4541,51.357159013797784,86.03665030204597
5620,115.58,68.09,48,4,4542,51.3684686722461,86.04320042718749
1156,115.57000000000001,66.99,59,5,4543,51.379778330694414,86.04974998561111
2915,115.5,66.76,55,3,4544,51.391087989142726,86.05629557700966
6730,115.49000000000001,66.61,54,6,4545,51.402397647591044,86.06284060169034
7646,115.48,68.88,56,4,4546,51.413707306039356,86.06938505965314
9179,115.35,66.87,49,5,4547,51.42501696448767,86.07592215028365
8138,115.18,68.99,60,5,4548,51.436326622935994,86.08244960671036
1700,115.16,68.21,52,5,4549,51.4476362813843,86.08897592970132
7638,115.16,67.67,52,5,4550,51.45894593983261,86.09550225269227
612,115.11,68.14,47,10,4551,51.470255598280936,86.1020257420939
2279,115.09,67.69,53,4,4552,51.48156525672925,86.10854809805979
3361,115.06,65.98,55,5,4553,51.492874915177566,86.11506875387205
553,114.98,67.72,50,3,4554,51.50418457362588,86.12158487594135
2834,114.97,67.34,50,4,4555,51.51549423207419,86.1281004312928
2393,114.9,69.6,66,3,4556,51.52680389052251,86.13461201961913
4625,114.76,69.38,49,3,4557,51.53811354897082,86.1411156738953
7499,114.75,67.56,45,2,4558,51.54942320741913,86.14761876145359
7510,114.74,70.4,54,6,4559,51.56073286586745,86.15412128229401
9810,114.7,71.97,57,3,4560,51.57204252431576,86.16062153626297
101,114.68,70.87,54,3,4561,51.583352182764074,86.16712065679616
9175,114.68,65.53,49,3,4562,51.5946618412124,86.17361977732936
7091,114.63,70.45,50,5,4563,51.60597149966071,86.18011606427322
700,114.6,68.13,59,4,4564,51.61728115810903,86.18661065106346
8295,114.56,70.02,63,4,4565,51.62859081655734,86.19310297098224
4297,114.55,67.49,51,4,4566,51.63990047500565,86.19959472418314
2835,114.54,67.46,47,3,4567,51.65121013345397,86.20608591066616
1285,114.48,67.57,43,2,4568,51.662519791902284,86.21257369684197
6279,114.47999999999999,68.9,58,5,4569,51.673829450350595,86.21906148301778
10111,114.42,67.35,59,7,4570,51.685139108798914,86.22554586888636
720,114.4,70.89,47,3,4571,51.696448767247226,86.2320291213192
9264,114.37,69.38,60,5,4572,51.70775842569555,86.23851067359844
8788,114.35,69.72,49,3,4573,51.719068084143856,86.24499109244194
5721,114.32,70.66,47,3,4574,51.73037774259217,86.25146981113183
2839,114.32,70.35,55,4,4575,51.741687401040494,86.25794852982172
4694,114.28999999999999,69.28,69,4,4576,51.752997059488806,86.264425548358
10257,114.25999999999999,69.62,62,7,4577,51.76430671793712,86.27090086674066
949,114.24,63.85,53,5,4578,51.775616376385436,86.27737505168759
3746,114.2,64.6,48,4,4579,51.78692603483375,86.28384696976303
1799,114.2,67.15,65,3,4580,51.79823569328206,86.29031888783848
9695,114.18,71.18,51,4,4581,51.80954535173038,86.29678967247818
8226,114.15,70.36,61,3,4582,51.82085501017869,86.30325875696427
8600,114.15,67.45,64,4,4583,51.832164668627016,86.30972784145035
8170,114.1,67.56,56,6,4584,51.84347432707532,86.3161940923471
1872,114.1,71.47,62,3,4585,51.85478398552363,86.32266034324387
5014,114.08,67.58,53,6,4586,51.86609364397196,86.32912546070487
2569,114.03,66.84,60,3,4587,51.87740330242027,86.33558774457654
776,114.01,70.02,46,3,4588,51.888712960868574,86.34204889501245
5429,113.99,66.44,55,6,4589,51.9000226193169,86.34850891201262
10031,113.96000000000001,67.19,59,3,4590,51.91133227776521,86.3549672288592
7077,113.96,70.19,46,4,4591,51.92264193621353,86.36142554570576
1766,113.93,68.07000000000001,51,3,4592,51.93395159466184,86.3678821623987
2731,113.91,63.31,46,5,4593,51.945261253110154,86.37433764565591
9112,113.89,69.36,56,3,4594,51.95657091155847,86.38079199547738
1414,113.86,68.28,56,4,4595,51.967880570006784,86.38724464514526
4082,113.79,65.05,54,3,4596,51.979190228455096,86.39369332778803
9932,113.75,66.36,47,5,4597,51.99049988690342,86.40013974355934
8673,113.74000000000001,68.12,54,6,4598,52.001809545351726,86.40658559261276
91,113.74,68.92,63,5,4599,52.01311920380004,86.41303144166618
4230,113.72,69.96,60,5,4600,52.024428862248364,86.41947615728387
6335,113.72,68.23,60,5,4601,52.035738520696675,86.42592087290156
10150,113.69,69.34,58,4,4602,52.047048179144994,86.43236388836563
1786,113.67,65.79,55,4,4603,52.058357837593306,86.43880577039396
4709,113.67,69.12,55,7,4604,52.06966749604162,86.44524765242228
9999,113.66,67.82,58,5,4605,52.080977154489936,86.45168896773274
4488,113.63,67.99,52,4,4606,52.09228681293825,86.4581285828896
4379,113.63,66.59,57,2,4607,52.10359647138656,86.46456819804644
7729,113.63,67.21000000000001,63,4,4608,52.11490612983488,86.4710078132033
9072,113.63,69.56,51,3,4609,52.12621578828319,86.47744742836014
6296,113.53,69.53,48,4,4610,52.137525446731516,86.4838813763383
718,113.51,66.0,51,4,4611,52.14883510517983,86.49031419088072
6408,113.48,71.89,49,3,4612,52.16014476362814,86.49674530526951
8747,113.46,64.8,55,5,4613,52.17145442207646,86.50317528622259
5735,113.45,66.34,53,5,4614,52.18276408052477,86.50960470045777
727,113.39,66.97,54,4,4615,52.19407373897308,86.51603071438575
2619,113.39,68.56,56,4,4616,52.2053833974214,86.52245672831373
9682,113.36,65.59,65,5,4617,52.21669305586971,86.52888104208809
8033,113.3,67.68,50,6,4618,52.22800271431802,86.53530195555524
3345,113.27,67.6,44,3,4619,52.23931237276634,86.54172116886878
5640,113.25,69.1,53,5,4620,52.250622031214654,86.54813924874657
4422,113.16,66.41,55,4,4621,52.26193168966298,86.55455222816353
8524,113.08,63.98,51,4,4622,52.273241348111284,86.56096067383754
10049,112.97,65.4,57,4,4623,52.284551006559596,86.56736288561497
9039,112.97,64.54,57,5,4624,52.29586066500792,86.57376509739241
2557,112.94,68.42,52,4,4625,52.30717032345623,86.58016560901623
3806,112.92,67.19,56,3,4626,52.318479981904545,86.58656498720431
1176,112.89,67.72,67,3,4627,52.329789640352864,86.59296266523879
4898,112.87,65.77,58,3,4628,52.341099298801176,86.59935920983753
2821,112.86,66.03,46,3,4629,52.352408957249494,86.6057551877184
881,112.61,66.77,55,5,4630,52.363718615697806,86.61213699765253
6930,112.61,64.84,61,6,4631,52.37502827414612,86.61851880758664
1240,112.59,64.46,57,4,4632,52.386337932594444,86.62489948408502
6494,112.58,65.89,54,5,4633,52.39764759104275,86.63127959386553
7914,112.55,64.71,55,4,4634,52.40895724949106,86.63765800349242
6706,112.54,67.48,48,3,4635,52.420266907939386,86.64403584640145
219,112.52000000000001,67.04,50,4,4636,52.4315765663877,86.65041255587475
7068,112.43,66.9,44,4,4637,52.442886224836,86.65678416488718
2462,112.33,67.48,56,3,4638,52.45419588328433,86.66315010672095
981,112.32000000000001,64.08,47,3,4639,52.46550554173264,86.66951548183684
3821,112.28999999999999,67.94,44,5,4640,52.47681520018096,86.67587915679911
105,112.28,65.99,51,6,4641,52.48812485862927,86.68224226504353
7768,112.25,68.73,71,4,4642,52.49943451707758,86.68860367313432
6092,112.24000000000001,66.61,48,4,4643,52.5107441755259,86.69496451450725
2187,112.23,65.96,63,6,4644,52.52205383397421,86.7013247891623
10189,112.2,66.74,53,3,4645,52.533363492422524,86.70768336366375
2876,112.02,67.43,54,4,4646,52.54467315087085,86.71403173724353
5690,112.01,68.71,51,4,4647,52.555982809319154,86.72037954410544
2261,111.95,63.53,50,3,4648,52.567292467767466,86.72672395066013
3280,111.94,68.34,51,6,4649,52.57860212621579,86.73306779049696
5704,111.92999999999999,65.26,54,3,4650,52.5899117846641,86.73941106361592
3247,111.91,65.33,53,4,4651,52.60122144311242,86.74575320329913
1579,111.91,66.22,51,3,4652,52.612531101560734,86.75209534298233
1822,111.89,65.21,51,4,4653,52.623840760009045,86.75843634922981
4416,111.83,66.42,51,4,4654,52.635150418457364,86.76477395517006
541,111.8,65.5,45,4,4655,52.646460076905676,86.77110986095671
1801,111.78,66.95,54,4,4656,52.65776973535399,86.77744463330761
8895,111.66,68.01,46,3,4657,52.669079393802306,86.78377260504408
9904,111.66,65.7,61,4,4658,52.68038905225062,86.79010057678053
642,111.66,66.48,48,3,4659,52.691698710698944,86.79642854851699
4349,111.62,68.55,52,5,4660,52.703008369147256,86.80275425338199
9362,111.51,65.48,52,4,4661,52.71431802759557,86.80907372435041
8083,111.48,64.21000000000001,50,5,4662,52.725627686043886,86.8153914951652
3707,111.42,64.49,50,3,4663,52.7369373444922,86.82170586567278
5821,111.39,65.8,46,6,4664,52.74824700294051,86.82801853602675
8754,111.37,64.45,53,4,4665,52.75955666138883,86.834330072945
3541,111.34,66.79,49,3,4666,52.77086631983714,86.84063990970962
420,111.33,68.55,54,9,4667,52.78217597828545,86.84694917975638
3026,111.31,66.81,54,4,4668,52.79348563673377,86.8532573163674
2305,111.3,67.97,39,2,4669,52.80479529518208,86.85956488626056
9067,111.28,66.84,53,5,4670,52.81610495363041,86.86587132271796
471,111.27,68.22,53,5,4671,52.82741461207871,86.87217719245749
1110,111.25,66.99,55,4,4672,52.838724270527024,86.87848192876129
570,111.24,65.14,62,4,4673,52.85003392897535,86.8847860983472
9588,111.22,65.02,58,7,4674,52.86134358742366,86.8910891344974
8891,111.17,65.85,52,3,4675,52.87265324587197,86.89738933705823
9598,111.17,62.88,62,4,4676,52.88396290432029,86.90368953961905
275,111.02,67.44,53,4,4677,52.895272562768604,86.90998124141186
9873,110.98,68.24,53,3,4678,52.90658222121692,86.91627067633316
4790,110.92,68.07,50,4,4679,52.917891879665234,86.92255671094723
8882,110.82000000000001,65.85,49,3,4680,52.929201538113546,86.92883707838261
5109,110.82,66.56,56,4,4681,52.94051119656187,86.935117445818
8145,110.78999999999999,67.34,52,3,4682,52.951820855010176,86.94139611309978
5195,110.78,68.35,54,3,4683,52.96313051345849,86.94767421366369
6581,110.73,64.47,60,8,4684,52.974440171906814,86.95394948063824
1075,110.7,65.1,51,5,4685,52.985749830355125,86.96022304745918
7232,110.61,65.02,59,5,4686,52.99705948880343,86.9664915138193
3455,110.49,66.63,45,3,4687,53.008369147251756,86.97275317956498
7674,110.49,69.92999999999999,58,4,4688,53.01967880570007,86.97901484531066
9843,110.47,66.19,48,2,4689,53.030988464148386,86.98527537762058
5189,110.47,67.01,55,5,4690,53.0422981225967,86.99153590993052
5459,110.43,65.16,53,3,4691,53.05360778104501,86.99779417536897
6807,110.4,64.09,48,2,4692,53.06491743949333,87.00405074065381
2672,110.39,67.11,44,4,4693,53.07622709794164,87.01030673922078
401,110.36,65.93,48,4,4694,53.08753675638995,87.01656103763415
8509,110.32000000000001,64.33,56,4,4695,53.09884641483828,87.02281306917602
4444,110.29,66.82,53,4,4696,53.11015607328658,87.02906340056431
7666,110.27,65.4,57,5,4697,53.12146573173491,87.03531259851684
7290,110.26,64.47,44,3,4698,53.13277539018322,87.04156122975151
4018,110.05,67.55,57,5,4699,53.14408504863153,87.04779795991091
5352,110.04,63.43,46,3,4700,53.15539470707985,87.05403412335244
5753,110.01,63.839999999999996,56,5,4701,53.16670436552816,87.06026858664035
6600,109.99,66.31,55,5,4702,53.17801402397647,87.06650191649253
2512,109.94,62.58,46,5,4703,53.18932368242479,87.07273241275534
9807,109.94,62.5,49,4,4704,53.200633340873104,87.07896290901816
3143,109.9,65.45,49,4,4705,53.211942999321415,87.0851911384095
2700,109.89,66.36,47,3,4706,53.223252657769734,87.09141880108298
4616,109.86,63.96,49,4,4707,53.234562316218046,87.09764476360284
8224,109.86,65.58,55,3,4708,53.24587197466637,87.10387072612271
4164,109.84,66.3,53,5,4709,53.25718163311468,87.11009555520684
3777,109.73,63.07,60,4,4710,53.268491291562995,87.11631415039439
1795,109.73,66.28,56,3,4711,53.279800950011314,87.12253274558195
7636,109.69,65.52,50,4,4712,53.291110608459626,87.12874907389802
5359,109.68,66.68,55,5,4713,53.30242026690794,87.13496483549622
8485,109.56,63.87,49,4,4714,53.313729925356256,87.14117379647999
7172,109.51,68.26,67,5,4715,53.32503958380457,87.1473799238744
4492,109.46000000000001,63.83,62,3,4716,53.33634924225288,87.15358321767947
5635,109.39,65.39,47,4,4717,53.3476589007012,87.15978254445943
436,109.35,63.54,72,6,4718,53.35896855914951,87.16597960436793
6026,109.34,65.02,45,3,4719,53.370278217597836,87.17217609755856
3216,109.31,65.2,54,4,4720,53.38158787604614,87.17837089059557
1450,109.3,68.19,52,3,4721,53.39289753449445,87.18456511691473
5412,109.29,66.63,55,3,4722,53.40420719294278,87.19075877651599
4845,109.28,65.85,53,4,4723,53.41551685139109,87.19695186939941
6171,109.22,62.56,61,4,4724,53.4268265098394,87.2031415619756
9633,109.2,65.91,57,5,4725,53.43813616828772,87.20933012111604
5234,109.17,65.99,55,4,4726,53.44944582673603,87.21551698010286
4251,109.11,67.4,56,4,4727,53.46075548518435,87.22170043878248
3009,109.05,63.58,51,4,4728,53.47206514363266,87.22788049715487
9656,109.01,67.34,42,3,4729,53.483374802080974,87.23405828865579
3413,109.01,64.89,67,7,4730,53.4946844605293,87.2402360801567
5201,109.0,64.08,59,4,4731,53.505994118977604,87.24641330493975
9793,108.98,67.68,60,5,4732,53.517303777425916,87.25258939628705
1410,108.92999999999999,66.39,66,4,4733,53.52861343587424,87.25876265404501
10109,108.91,67.27,57,4,4734,53.53992309432255,87.2649347783672
1321,108.9,63.02,42,3,4735,53.55123275277086,87.27110633597155
6739,108.87,67.78,47,4,4736,53.562542411219184,87.2772761934223
5166,108.86,65.77,50,4,4737,53.573852069667495,87.28344548415517
2311,108.85,60.730000000000004,47,6,4738,53.585161728115814,87.28961420817016
651,108.82,67.21,45,2,4739,53.596471386564126,87.29578123203154
6741,108.82,67.74,53,3,4740,53.60778104501244,87.30194825589294
1439,108.81,64.3,56,4,4741,53.619090703460756,87.30811471303646
4910,108.79,66.99,59,5,4742,53.63040036190907,87.31428003674424
4905,108.78,64.58,55,5,4743,53.64171002035738,87.32044479373413
7257,108.75,64.39,59,4,4744,53.653019678805705,87.32660785057043
2866,108.73,64.04,51,5,4745,53.66432933725401,87.33276977397098
5854,108.72,67.53,44,3,4746,53.675638995702336,87.33893113065366
657,108.67,65.76,65,5,4747,53.68694865415065,87.345089653747
9930,108.66,65.21000000000001,64,3,4748,53.69825831259896,87.35124761012246
7807,108.63000000000001,63.04,49,4,4749,53.70956797104728,87.3574038663443
7945,108.63,65.5,49,3,4750,53.72087762949559,87.36356012256616
5651,108.62,66.93,56,5,4751,53.7321872879439,87.36971581207014
6477,108.61,62.230000000000004,49,5,4752,53.74349694639222,87.37587093485627
5889,108.57000000000001,63.84,44,5,4753,53.75480660484053,87.38202379077089
1395,108.56,64.73,49,3,4754,53.76611626328884,87.38817607996766
1737,108.47,63.8,57,4,4755,53.77742592173716,87.39432326870359
7218,108.43,66.5,43,4,4756,53.788735580185474,87.40046819056805
4115,108.38,63.64,59,5,4757,53.8000452386338,87.40661027884315
4535,108.37,63.99,48,5,4758,53.81135489708211,87.41275180040037
542,108.34,63.269999999999996,54,5,4759,53.82266455553042,87.41889162180401
1255,108.31,62.95,47,4,4760,53.83397421397874,87.42502974305403
6221,108.3,63.81,58,3,4761,53.84528387242705,87.43116729758617
5623,108.28,66.00999999999999,57,5,4762,53.856593530875365,87.43730371868259
6049,108.27,61.06,44,3,4763,53.867903189323684,87.44343957306111
8785,108.25,63.07,39,4,4764,53.879212847771996,87.44957429400391
8301,108.18,64.12,54,3,4765,53.890522506220314,87.45570504792161
5009,108.16,63.480000000000004,52,5,4766,53.901832164668626,87.46183466840357
3875,108.15,64.92,49,4,4767,53.91314182311694,87.46796372216765
3191,108.1,63.800000000000004,54,3,4768,53.924451481565264,87.4740899423424
6392,108.09,65.12,47,4,4769,53.93576114001357,87.48021559579928
4185,108.09,65.17,50,6,4770,53.94707079846188,87.48634124925616
9085,108.01,62.66,51,3,4771,53.958380456910206,87.49246236897007
2186,107.99,65.84,46,6,4772,53.96969011535852,87.49858235524825
729,107.97,63.62,43,2,4773,53.98099977380683,87.50470120809068
8597,107.96000000000001,66.0,51,4,4774,53.99230943225515,87.51081949421524
5974,107.87,61.47,46,3,4775,54.00361909070346,87.51693267987898
5596,107.85000000000001,62.72,56,5,4776,54.01492874915178,87.52304473210698
5436,107.82,64.32000000000001,54,5,4777,54.02623840760009,87.52915508418137
6769,107.78,63.76,52,3,4778,54.0375480660484,87.53526316938427
551,107.77,64.73,61,4,4779,54.04885772449673,87.5413706878693
4827,107.76,62.76,51,5,4780,54.06016738294503,87.54747763963647
6191,107.71,63.28,49,5,4781,54.071477041393344,87.55358175781429
2815,107.69,66.15,51,9,4782,54.08278669984167,87.55968474255636
6947,107.55,67.98,52,5,4783,54.09409635828998,87.56577979324824
1902,107.53,66.88,56,4,4784,54.1054060167383,87.5718737105044
8317,107.52,63.730000000000004,42,5,4785,54.11671567518661,87.57796706104268
8743,107.51,64.33,59,4,4786,54.12802533363492,87.5840598448631
121,107.47,63.35,53,4,4787,54.13933499208324,87.59015036181204
213,107.45,64.12,48,4,4788,54.150644650531554,87.59623974532522
3733,107.39,64.15,58,4,4789,54.161954308979865,87.6023257285312
5310,107.37,64.89,45,4,4790,54.173263967428184,87.60841057830143
5634,107.37,63.24,52,4,4791,54.184573625876496,87.61449542807168
816,107.34,68.87,52,3,4792,54.19588328432481,87.6205785776883
2826,107.34,64.19,57,3,4793,54.20719294277313,87.62666172730492
8469,107.32,62.97,54,3,4794,54.21850260122144,87.6327437434858
8614,107.25999999999999,64.16,58,3,4795,54.229812259669764,87.63882235935948
5979,107.25,64.28,56,6,4796,54.241121918118075,87.64490040851527
6460,107.25,65.29,47,3,4797,54.25243157656639,87.65097845767106
3734,107.25,64.16,50,3,4798,54.263741235014706,87.65705650682686
7821,107.17999999999999,64.4,54,4,4799,54.27505089346302,87.66313058895756
9569,107.16,64.37,59,5,4800,54.28636055191133,87.66920353765252
3051,107.16,64.33,47,3,4801,54.29767021035965,87.67527648634747
3832,107.15,65.26,41,3,4802,54.30897986880796,87.68134886832456
9310,107.13,65.84,56,4,4803,54.32028952725627,87.68742011686591
791,107.11,63.33,56,4,4804,54.33159918570459,87.69349023197152
7897,106.94,63.67,58,4,4805,54.3429088441529,87.69955071287335
6516,106.92999999999999,63.73,53,5,4806,54.35421850260123,87.7056106270573
2442,106.91,61.59,49,3,4807,54.36552816104954,87.7116694078055
796,106.89,64.15,51,4,4808,54.37683781949785,87.71772705511796
7322,106.82,62.4,52,3,4809,54.38814747794617,87.72378073540536
5056,106.78,60.47,48,3,4810,54.39945713639448,87.72983214882126
10137,106.75,65.75999999999999,39,3,4811,54.41076679484279,87.73588186208356
3620,106.75,62.52,50,4,4812,54.42207645329111,87.74193157534584
9778,106.74,66.06,50,6,4813,54.43338611173942,87.74798072189027
4479,106.74,63.15,52,4,4814,54.44469577018774,87.75402986843469
447,106.74,61.0,58,4,4815,54.456005428636054,87.76007901497913
9380,106.7,63.480000000000004,57,5,4816,54.467315087084366,87.76612589465206
3013,106.66,64.52,41,2,4817,54.47862474553269,87.77217050745352
4044,106.63,65.78999999999999,56,5,4818,54.489934403980996,87.77821342010135
7188,106.62,63.99,57,4,4819,54.50124406242931,87.78425576603135
9463,106.58,66.36999999999999,49,3,4820,54.512553720877634,87.79029584508986
1305,106.52,63.53,52,4,4821,54.523863379325945,87.79633252384114
8939,106.52,64.19,50,5,4822,54.53517303777426,87.80236920259242
2670,106.50999999999999,65.42,43,3,4823,54.546482696222576,87.80840531462584
50,106.48,64.31,52,3,4824,54.55779235467089,87.81443972650564
6104,106.45,64.61,47,5,4825,54.569102013119206,87.82047243823183
8900,106.43,62.64,58,4,4826,54.58041167156752,87.82650401652228
1051,106.42,61.13,44,3,4827,54.59172133001583,87.83253502809487
7662,106.38,64.8,47,4,4828,54.603030988464155,87.83856377279595
3817,106.37,65.02,43,5,4829,54.61434064691246,87.84459195077919
4244,106.33,65.25,61,3,4830,54.62565030536077,87.85061786189095
4006,106.27000000000001,63.87,52,4,4831,54.6369599638091,87.85664037269548
5907,106.2,66.14,55,4,4832,54.64826962225741,87.86265891647493
2620,106.14,65.66,41,2,4833,54.65957928070573,87.86867405994715
4107,106.14,65.57,54,5,4834,54.67088893915404,87.87468920341936
9061,106.14,61.5,47,3,4835,54.68219859760235,87.88070434689158
6887,106.14,63.18,44,3,4836,54.69350825605067,87.8867194903638
10067,106.13,65.78,53,5,4837,54.70481791449898,87.89273406711814
8863,106.12,63.22,52,4,4838,54.71612757294729,87.89874807715464
3387,106.06,60.46,54,3,4839,54.72743723139561,87.9047586868839
1761,106.06,62.65,47,4,4840,54.738746889843924,87.91076929661317
3828,106.04,64.17,55,4,4841,54.750056548292235,87.9167787729067
9075,106.03,64.01,52,4,4842,54.76136620674056,87.92278768248234
1546,106.03,63.85,56,3,4843,54.772675865188866,87.928796592058
8034,106.02,61.48,43,3,4844,54.78398552363719,87.93480493491577
7855,106.01,64.69,39,2,4845,54.7952951820855,87.9408127110557
9231,105.99,60.99,52,4,4846,54.806604840533815,87.94681935375986
9835,105.95,60.980000000000004,53,4,4847,54.817914498982134,87.95282372959255
4480,105.92,61.46,46,2,4848,54.829224157430446,87.95882640527164
6906,105.82,62.14,43,3,4849,54.84053381587876,87.96482341377202
4874,105.77,62.43,61,4,4850,54.851843474327076,87.97081758868306
5007,105.71,63.51,52,3,4851,54.86315313277539,87.97680836328686
1723,105.67999999999999,58.61,53,3,4852,54.87446279122371,87.98279743773706
9433,105.6,63.91,64,4,4853,54.88577244967202,87.98878197844431
3917,105.52,64.01,47,5,4854,54.89708210812033,87.9947619854086
3669,105.51,62.68,54,5,4855,54.908391766568656,88.00074142565501
2064,105.50999999999999,63.75,57,4,4856,54.91970142501697,88.00672086590143
9776,105.49,62.32,46,4,4857,54.93101108346528,88.01269917271209
7726,105.49,64.44,55,5,4858,54.9423207419136,88.01867747952276
9769,105.37,64.64,48,6,4859,54.95363040036191,88.024648985719
10024,105.35,62.92,44,3,4860,54.96494005881022,88.0306193584795
9216,105.35,62.49,49,4,4861,54.97624971725854,88.03658973124
7325,105.35,60.58,44,4,4862,54.98755937570685,88.0425601040005
119,105.34,56.96,55,3,4863,54.99886903415517,88.04852991004313
5444,105.28,64.86,48,4,4864,55.01017869260348,88.05449631577854
9679,105.27000000000001,64.92,38,3,4865,55.021488351051794,88.06046215479606
3673,105.25,63.5,49,8,4866,55.03279800950012,88.06642686037786
5741,105.25,63.25,39,3,4867,55.044107667948424,88.07239156595965
1455,105.22,60.49,58,4,4868,55.055417326396736,88.07835457138783
8335,105.12,63.92,51,6,4869,55.06672698484506,88.08431190963731
3414,105.07,61.14,49,3,4870,55.07803664329337,88.09026641429746
8026,105.06,63.41,49,9,4871,55.08934630174169,88.09622035223971
5789,105.04,65.31,54,3,4872,55.100655960190004,88.10217315674625
5136,105.01,65.11,51,4,4873,55.111965618638315,88.10812426109915
6465,105.0,64.99,55,7,4874,55.123275277086634,88.1140747987342
5249,104.99,62.99,50,4,4875,55.134584935534946,88.12002476965137
8800,104.97,61.78,49,4,4876,55.14589459398326,88.1259736071328
5409,104.94,62.269999999999996,49,4,4877,55.15720425243158,88.13192074446063
2786,104.93,62.41,44,2,4878,55.16851391087989,88.13786731507058
3972,104.9,59.89,47,3,4879,55.1798235693282,88.1438121855269
4713,104.86,64.45,42,3,4880,55.191133227776525,88.14975478911178
395,104.85000000000001,62.0,44,3,4881,55.20244288622484,88.15569682597877
2782,104.85,59.73,39,3,4882,55.213752544673156,88.16163886284578
922,104.81,64.22,48,3,4883,55.22506220312147,88.16757863284128
1440,104.81,61.24,46,4,4884,55.23637186156978,88.1735184028368
210,104.75,61.39,48,3,4885,55.2476815200181,88.17945477252509
5036,104.74,63.26,52,2,4886,55.25899117846641,88.18539057549552
9959,104.73,63.230000000000004,41,2,4887,55.27030083691472,88.19132581174807
6593,104.71000000000001,63.0,46,2,4888,55.28161049536304,88.19725991456487
5952,104.69,62.39,47,3,4889,55.29292015381135,88.20319288394595
3686,104.67999999999999,64.35,54,3,4890,55.30422981225966,88.20912528660915
8711,104.64,61.07,43,3,4891,55.31553947070799,88.21505542240085
4826,104.56,59.29,51,2,4892,55.326849129156294,88.22098102444963
6072,104.55,60.49,51,3,4893,55.33815878760462,88.22690605978052
6640,104.55,62.199999999999996,50,3,4894,55.34946844605293,88.23283109511142
2729,104.55,58.8,57,4,4895,55.36077810450124,88.23875613044231
5320,104.5,65.56,66,4,4896,55.37208776294956,88.24467833218385
4322,104.49,63.87,52,4,4897,55.38339742139787,88.25059996720752
6287,104.39,61.09,54,3,4898,55.394707079846185,88.25651593505249
4131,104.38,63.91,56,4,4899,55.406016738294504,88.26243133617957
6422,104.31,64.42,48,4,4900,55.417326396742816,88.2683427702816
1327,104.2,61.89,49,3,4901,55.42863605519114,88.27424797048704
3286,104.18,62.08,43,6,4902,55.439945713639446,88.28015203725674
38,104.16,63.14,45,4,4903,55.45125537208776,88.2860549705907
3010,104.14,62.82,51,5,4904,55.462565030536084,88.29195677048891
7858,104.14,64.9,41,4,4905,55.473874688984395,88.29785857038712
845,104.07,57.77,43,4,4906,55.48518434743271,88.30375640326025
1580,104.03,67.95,55,4,4907,55.496494005881026,88.30965196926192
3451,104.01,64.88,48,3,4908,55.50780366432934,88.31554640182783
10050,104.01,59.63,47,5,4909,55.51911332277765,88.32144083439374
170,104.0,60.41,45,3,4910,55.53042298122597,88.32733470024179
5663,104.0,61.29,55,4,4911,55.54173263967428,88.33322856608983
26,103.98,62.5,42,4,4912,55.5530422981226,88.33912129850212
6954,103.97,63.93,46,3,4913,55.56435195657091,88.34501346419655
6798,103.94,59.870000000000005,51,3,4914,55.57566161501922,88.35090392973738
1719,103.91,65.11,55,4,4915,55.58697127346755,88.35679269512458
5413,103.9,61.43,44,3,4916,55.59828093191585,88.36268089379392
3058,103.89,60.37,48,6,4917,55.609590590364164,88.36856852574539
5235,103.88,65.85,39,2,4918,55.62090024881249,88.37445559097898
2375,103.84,64.17999999999999,43,3,4919,55.6322099072608,88.3803403893411
1213,103.83,63.629999999999995,44,2,4920,55.64351956570912,88.38622462098536
4404,103.83,61.97,41,2,4921,55.65482922415743,88.39210885262962
88,103.76,62.01,57,5,4922,55.66613888260574,88.39798911724878
8602,103.72,62.6,49,4,4923,55.67744854105406,88.40386711499646
9359,103.69,65.59,47,4,4924,55.688758199502374,88.40974341259053
6802,103.67999999999999,61.58,47,3,4925,55.700067857950685,88.41561914346673
2079,103.64,60.41,42,3,4926,55.71137751639901,88.42149260747144
980,103.63,62.53,51,6,4927,55.722687174847316,88.4273655047583
3987,103.62,63.94,47,3,4928,55.73399683329563,88.43323783532728
689,103.61,62.019999999999996,51,4,4929,55.74530649174395,88.4391095991784
7669,103.53999999999999,60.61,42,6,4930,55.756616150192265,88.44497739600442
9716,103.49,63.69,48,4,4931,55.767925808640584,88.4508423592411
3115,103.48,61.5,51,6,4932,55.779235467088895,88.4567067557599
4045,103.45,61.04,48,4,4933,55.79054512553721,88.46256945212508
8838,103.43,60.949999999999996,46,4,4934,55.801854783985526,88.46843101505453
4915,103.41,60.76,43,4,4935,55.81316444243384,88.47429144454824
8035,103.39999999999999,58.77,52,3,4936,55.82447410088215,88.48015130732408
96,103.28999999999999,60.2,59,4,4937,55.83578375933047,88.48600493620334
8658,103.27000000000001,61.6,47,4,4938,55.84709341777878,88.49185743164688
4268,103.23,62.02,57,5,4939,55.858403076227106,88.49770766021892
6536,103.2,64.88,36,1,4940,55.86971273467542,88.50355618863736
4923,103.18,62.160000000000004,50,4,4941,55.88102239312372,88.50940358362007
6266,103.17,62.28,58,5,4942,55.89233205157205,88.51525041188489
6354,103.17,62.46,52,4,4943,55.90364171002036,88.52109724014973
915,103.15,61.54,47,4,4944,55.91495136846867,88.5269429349788
4166,103.13,62.42,44,4,4945,55.92626102691699,88.53278749637215
2029,103.12,61.05,49,3,4946,55.9375706853653,88.53863149104764
6558,103.11,63.78,50,4,4947,55.94888034381361,88.54447491900525
228,103.08,59.68,45,3,4948,55.96019000226193,88.55031664680926
846,103.04,58.85,54,3,4949,55.97149966071024,88.55615610774178
2424,102.97,62.97,38,3,4950,55.98280931915857,88.56199160164921
2871,102.9,62.29,50,4,4951,55.994118977606874,88.56782312853156
5394,102.89,61.32,43,3,4952,56.005428636055186,88.57365408869602
6622,102.88,60.59,48,3,4953,56.01673829450351,88.57948448214262
9021,102.84,59.64,41,3,4954,56.02804795295182,88.58531260871774
1561,102.8,62.18,48,2,4955,56.039357611400135,88.59113846842138
8360,102.79,61.97,60,6,4956,56.050667269848454,88.59696376140715
9356,102.78,58.879999999999995,41,5,4957,56.061976928296765,88.60278848767507
9532,102.77,60.74,51,6,4958,56.073286586745084,88.60861264722509
9645,102.77,58.91,52,3,4959,56.084596245193396,88.61443680677513
290,102.73,61.019999999999996,46,4,4960,56.09590590364171,88.62025869945369
3215,102.73,59.74,45,3,4961,56.107215562090026,88.62608059213223
1392,102.73,61.57,56,6,4962,56.11852522053834,88.63190248481078
740,102.7,63.120000000000005,52,4,4963,56.12983487898665,88.63772267733572
2332,102.67,64.17,42,3,4964,56.141144537434975,88.64354116970704
4838,102.64,59.86,50,4,4965,56.15245419588328,88.64935796192476
5434,102.63,60.440000000000005,58,3,4966,56.16376385433159,88.6551741874246
1474,102.61,61.08,45,3,4967,56.17507351277992,88.66098927948872
9896,102.59,62.4,44,3,4968,56.18638317122823,88.6668032381171
9091,102.58,60.59,48,2,4969,56.19769282967655,88.6726166300276
6850,102.55,61.19,53,5,4970,56.20900248812486,88.6784283217845
7453,102.53999999999999,62.01,51,4,4971,56.22031214657317,88.68423944682353
4274,102.5,61.98,56,6,4972,56.23162180502149,88.69004830499107
7990,102.48,60.65,47,3,4973,56.2429314634698,88.69585602972286
2299,102.45,61.79,57,3,4974,56.25424112191811,88.70166205430105
818,102.43,62.61,41,3,4975,56.26555078036644,88.7074669454435
2296,102.43,59.69,55,4,4976,56.276860438814744,88.71327183658595
8023,102.42,65.65,58,3,4977,56.288170097263055,88.71907616101052
8346,102.41,61.089999999999996,42,3,4978,56.29947975571138,88.72487991871722
5507,102.38000000000001,60.4,45,3,4979,56.31078941415969,88.73068197627032
9995,102.38,60.58,48,3,4980,56.32209907260801,88.73648403382342
1215,102.35,63.480000000000004,51,3,4981,56.33340873105632,88.74228439122291
9152,102.3,61.35,47,3,4982,56.344718389504635,88.74808191503305
1274,102.29,59.3,55,4,4983,56.356028047952954,88.75387887212534
6117,102.25,60.29,52,3,4984,56.367337706401266,88.75967356234612
530,102.25,62.36,54,3,4985,56.37864736484958,88.76546825256692
8200,102.25,60.05,42,2,4986,56.389957023297896,88.77126294278771
3666,102.22,59.73,43,4,4987,56.40126668174621,88.77705593285489
5133,102.18,59.13,48,4,4988,56.41257634019453,88.78284665605058
10229,102.15,60.99,43,5,4989,56.423885998642845,88.78863567909268
9862,102.11,61.01,41,2,4990,56.43519565709115,88.79442243526329
8158,102.07000000000001,60.96,50,4,4991,56.446505315539476,88.80020692456242
1643,102.03,58.32,48,3,4992,56.45781497398779,88.80598914699007
6414,101.99,62.46,55,4,4993,56.4691246324361,88.81176910254625
8220,101.99,58.65,47,4,4994,56.48043429088442,88.81754905810241
3723,101.94,61.58,51,4,4995,56.49174394933273,88.82332618006924
5393,101.86999999999999,58.519999999999996,59,5,4996,56.50305360778104,88.82909933501098
9437,101.82000000000001,61.29,50,3,4997,56.51436326622936,88.83486965636335
3257,101.76,62.92,51,4,4998,56.52567292467767,88.84063657740852
3851,101.75,60.5,49,4,4999,56.536982583126,88.84640293173581
6112,101.69,63.269999999999996,46,4,5000,56.5482922415743,88.85216588575588
8916,101.69,60.22,58,4,5001,56.559601900022614,88.85792883977595
6606,101.62,57.14,47,3,5002,56.57091155847094,88.86368782677093
1959,101.60000000000001,62.32,45,4,5003,56.58222121691925,88.86944568033019
2323,101.58,59.97,51,4,5004,56.59353087536756,88.87520240045367
4516,101.58,60.59,46,5,5005,56.60484053381588,88.88095912057719
9342,101.54,61.73,52,3,5006,56.61615019226419,88.88671357382921
6239,101.54,61.0,49,4,5007,56.62745985071251,88.89246802708124
5794,101.53999999999999,61.34,49,3,5008,56.638769509160824,88.89822248033326
180,101.53,62.99,42,5,5009,56.650079167609135,88.90397636686741
6355,101.49,61.18,52,4,5010,56.661388826057454,88.90972798653009
6645,101.48,61.03,35,3,5011,56.672698484505766,88.91547903947487
7600,101.4,61.7,52,3,5012,56.68400814295408,88.92122555867672
2530,101.35,62.25,43,6,5013,56.6953178014024,88.92696924428921
1103,101.29,59.49,47,2,5014,56.70662745985071,88.93270952959449
3254,101.28999999999999,58.769999999999996,48,3,5015,56.71793711829902,88.93844981489976
5296,101.28,59.98,48,3,5016,56.729246776747345,88.94418953348716
6130,101.26,59.78,52,4,5017,56.74055643519566,88.94992811863882
5519,101.22,61.24,63,7,5018,56.751866093643976,88.95566443691901
7386,101.21000000000001,62.07,44,4,5019,56.76317575209229,88.9614001884813
1835,101.21,58.16,42,4,5020,56.7744854105406,88.96713594004362
5185,101.18,61.54,42,3,5021,56.78579506898892,88.97286999145231
4128,101.13,62.48,47,2,5022,56.79710472743723,88.97860120927166
8445,101.1,58.54,48,4,5023,56.80841438588554,88.98433072693742
5673,101.06,59.35,46,3,5024,56.81972404433387,88.99005797773168
558,101.04,60.5,49,5,5025,56.83103370278217,88.99578409509019
3170,101.02,62.07,40,3,5026,56.8423433612305,89.00150907901298
874,100.99000000000001,61.550000000000004,54,4,5027,56.85365301967881,89.00723236278213
1808,100.99,61.07,49,3,5028,56.86496267812712,89.01295564655132
4451,100.99,58.19,44,4,5029,56.87627233657544,89.01867893032048
9477,100.97,59.95,59,5,5030,56.88758199502375,89.02440108065392
755,100.96,58.88,51,4,5031,56.89889165347206,89.03012266426947
8314,100.9,60.78,43,4,5032,56.91020131192038,89.0358408475778
2136,100.86,61.79,50,4,5033,56.92151097036869,89.04155676401467
7591,100.85,58.96,48,3,5034,56.932820628817005,89.04727211373367
4851,100.8,62.72,48,4,5035,56.944130287265324,89.05298462986332
5273,100.77,62.71,49,3,5036,56.955439945713636,89.05869544583935
9746,100.77,61.14,53,3,5037,56.96674960416196,89.06440626181538
4570,100.73,61.29,41,3,5038,56.97805926261027,89.07011481091993
7902,100.73,59.45,43,3,5039,56.98936892105858,89.07582336002447
10241,100.72,58.12,42,2,5040,57.0006785795069,89.08153134241115
3965,100.68,61.08,46,5,5041,57.011988237955215,89.08723705792634
3778,100.56,58.35,41,4,5042,57.02329789640353,89.09293597282712
6197,100.53,60.51,49,2,5043,57.034607554851846,89.09863318757428
8638,100.53,58.92,56,4,5044,57.04591721330016,89.10433040232142
3256,100.47,61.47,41,4,5045,57.057226871748476,89.11002421676135
2494,100.38,57.6,48,4,5046,57.06853653019679,89.11571293074044
3930,100.37,61.62,40,3,5047,57.0798461886451,89.12140107800168
4130,100.35,61.13,45,2,5048,57.091155847093425,89.12708809182718
10234,100.32,57.82,46,4,5049,57.10246550554173,89.13277340549907
6175,100.3,59.3,43,2,5050,57.11377516399004,89.13845758573521
1684,100.19,59.46,52,5,5051,57.12508482243837,89.14413553207477
4596,100.14,60.02,52,5,5052,57.13639448088668,89.149810644825
9440,100.09,59.38,49,3,5053,57.14770413933499,89.15548292398586
2596,100.05,58.86,48,3,5054,57.15901379778331,89.16115293627526
5426,100.05,56.910000000000004,43,5,5055,57.17032345623162,89.16682294856464
6905,100.02,61.24,50,7,5056,57.18163311467994,89.17249126070043
9426,99.97,60.46,54,4,5057,57.19294277312825,89.17815673924686
305,99.93,59.97,55,4,5058,57.20425243157656,89.1838199509218
2202,99.92,60.44,47,3,5059,57.21556209002488,89.18948259587887
7293,99.91,60.69,44,7,5060,57.226871748473194,89.19514467411808
2472,99.87,63.32,41,4,5061,57.238181406921505,89.20080448548582
9060,99.85,62.21,42,4,5062,57.24949106536983,89.20646316341781
2875,99.85,58.269999999999996,49,4,5063,57.260800723818136,89.21212184134981
9857,99.82,57.83,44,5,5064,57.27211038226645,89.2177788191282
6664,99.82,57.67,47,3,5065,57.28342004071477,89.22343579690659
2487,99.78,59.33,53,4,5066,57.294729699163085,89.22909050781348
606,99.77,65.3,41,2,5067,57.306039357611404,89.23474465200252
6895,99.75,57.69,47,2,5068,57.317349016059715,89.2403976627558
2903,99.72,58.62,41,4,5069,57.32865867450803,89.24604897335549
9047,99.72,59.73,47,3,5070,57.339968332956346,89.25170028395516
2004,99.71,55.71,44,2,5071,57.35127799140466,89.25735102783698
287,99.66,57.25,50,5,5072,57.36258764985297,89.26299893812943
8251,99.65,58.34,51,3,5073,57.373897308301295,89.26864628170401
2722,99.65,60.599999999999994,55,5,5074,57.3852069667496,89.2742936252786
9531,99.62,56.08,40,3,5075,57.396516625197926,89.27993926869958
1471,99.61,57.07,53,3,5076,57.40782628364624,89.2855843454027
3572,99.61,57.32,52,6,5077,57.41913594209455,89.29122942210581
567,99.59,57.51,44,4,5078,57.43044560054287,89.29687336537319
2248,99.59,55.46,42,3,5079,57.44175525899118,89.30251730864056
2746,99.58,57.93,42,2,5080,57.45306491743949,89.30816068519006
8536,99.58,58.2,56,4,5081,57.46437457588781,89.31380406173957
2897,99.58,58.82,52,6,5082,57.47568423433612,89.31944743828907
2775,99.55,59.37,55,3,5083,57.48699389278443,89.32508911468497
8060,99.53,58.88,50,6,5084,57.49830355123275,89.33072965764512
3604,99.51,58.87,48,4,5085,57.50961320968106,89.33636906716953
5084,99.5,58.07,47,4,5086,57.52092286812939,89.34200790997608
620,99.49,55.99,59,4,5087,57.5322325265777,89.34764618606475
3179,99.48,58.88,46,3,5088,57.543542185026006,89.35328389543554
6689,99.43,57.81,52,3,5089,57.55485184347433,89.35891877121699
4007,99.42,58.52,71,4,5090,57.56616150192264,89.36455308028056
6572,99.41,60.589999999999996,62,5,5091,57.577471160370955,89.37018682262627
5101,99.41,58.76,45,3,5092,57.588780818819274,89.37582056497197
5953,99.37,61.51,46,4,5093,57.600090477267585,89.3814520404462
4015,99.37,59.65,44,4,5094,57.611400135715904,89.38708351592045
8849,99.35,55.58,52,4,5095,57.622709794164216,89.39271385795894
7364,99.33,58.75,34,3,5096,57.63401945261253,89.3983430665617
155,99.33,58.68,49,3,5097,57.64532911106085,89.40397227516445
1819,99.32000000000001,60.45,39,3,5098,57.65663876950916,89.40960091704933
4011,99.29,60.17,45,5,5099,57.66794842795747,89.41522785878061
7891,99.27,61.730000000000004,45,3,5100,57.679258086405795,89.42085366707614
7796,99.27,57.1,41,3,5101,57.69056774485411,89.42647947537166
6099,99.26,60.01,61,4,5102,57.70187740330242,89.43210471694934
1044,99.26,58.19,44,3,5103,57.71318706175074,89.43772995852699
6703,99.17999999999999,60.72,56,4,5104,57.72449672019905,89.44335066636168
4528,99.17,60.31,54,4,5105,57.73580637864737,89.44897080747852
9666,99.16,59.78,52,3,5106,57.74711603709568,89.45459038187747
8464,99.15,60.59,52,3,5107,57.75842569554399,89.46020938955856
75,99.11,59.2,49,6,5108,57.76973535399231,89.46582613036817
4843,99.1,57.480000000000004,45,6,5109,57.78104501244062,89.47144230445991
986,99.03999999999999,56.6,39,3,5110,57.79235467088893,89.47705507824443
2941,99.0,60.14,53,4,5111,57.80366432933726,89.48266558515748
1244,98.96,61.370000000000005,52,5,5112,57.814973987785564,89.48827382519903
4816,98.95,58.12,50,4,5113,57.82628364623389,89.49388149852273
9721,98.95,60.58,51,5,5114,57.8375933046822,89.4994891718464
4663,98.93,58.45,42,3,5115,57.84890296313051,89.50509571173436
7489,98.92999999999999,57.15,60,3,5116,57.86021262157883,89.51070225162229
8798,98.92,56.46,54,4,5117,57.87152228002714,89.51630822479237
8073,98.91,56.87,55,3,5118,57.882831938475455,89.52191363124457
4637,98.91,60.85,42,2,5119,57.894141596923774,89.52751903769679
598,98.88,58.89,53,5,5120,57.905451255372085,89.53312274399538
6628,98.86,57.49,36,3,5121,57.9167609138204,89.53872531685825
8418,98.79,60.32,46,6,5122,57.92807057226872,89.54432392269601
10265,98.76,59.94,45,2,5123,57.93938023071703,89.54992082838018
3750,98.75999999999999,60.910000000000004,40,4,5124,57.95068988916535,89.55551773406434
1473,98.75,59.12,54,4,5125,57.961999547613665,89.56111407303062
3194,98.68,57.58,53,4,5126,57.97330920606198,89.56670644497183
9130,98.66,60.1,50,4,5127,57.984618864510296,89.57229768347727
5355,98.61,60.72,52,3,5128,57.99592852295861,89.5778860883934
2338,98.61,60.17,54,4,5129,58.00723818140692,89.58347449330951
6167,98.59,57.25,46,4,5130,58.01854783985524,89.58906176478988
10129,98.58,58.27,47,3,5131,58.02985749830355,89.59464846955238
547,98.55,60.03,52,4,5132,58.04116715675186,89.60023347416129
6524,98.47,56.69,41,4,5133,58.05247681520018,89.60581394502721
8926,98.42,59.730000000000004,49,3,5134,58.06378647364849,89.61139158230378
3876,98.37,56.36,44,3,5135,58.07509613209682,89.61696638599102
9412,98.37,57.620000000000005,48,3,5136,58.08640579054513,89.62254118967824
9315,98.33,57.739999999999995,37,3,5137,58.09771544899343,89.628113726494
1932,98.3,56.54,47,6,5138,58.10902510744176,89.63368456315615
4010,98.28,57.9,41,3,5139,58.12033476589007,89.63925426638255
6067,98.26,61.12,48,6,5140,58.13164442433838,89.6448228361732
3664,98.23,56.4,43,5,5141,58.1429540827867,89.65038970581027
7789,98.23,57.99,47,5,5142,58.15426374123501,89.65595657544732
370,98.21,55.21,38,4,5143,58.16557339968333,89.66152231164862
4847,98.21,60.77,50,6,5144,58.176883058131644,89.66708804784993
1861,98.17999999999999,60.84,50,3,5145,58.188192716579955,89.67265208389762
408,98.17,56.55,46,5,5146,58.19950237502828,89.67821555322745
4470,98.11,59.58,46,5,5147,58.210812033476586,89.68377562225007
6506,98.04,61.26,48,3,5148,58.2221216919249,89.6893317242476
971,98.0,60.19,38,2,5149,58.23343135037322,89.69488555937363
5579,97.99000000000001,55.97,43,3,5150,58.244741008821535,89.7004388277818
9609,97.97,57.65,41,4,5151,58.25605066726985,89.70599096275423
4426,97.97,60.7,60,4,5152,58.267360325718165,89.71154309772665
1287,97.95,58.800000000000004,42,2,5153,58.27866998416648,89.71709409926333
7288,97.93,58.62,41,3,5154,58.289979642614796,89.72264396736428
6720,97.93,58.629999999999995,56,3,5155,58.30128930106311,89.72819383546523
6189,97.92,58.629999999999995,40,4,5156,58.31259895951142,89.7337431368483
3561,97.91,55.76,37,3,5157,58.32390861795974,89.7392918715135
4086,97.88,58.26,45,3,5158,58.33521827640805,89.74483890602511
8312,97.86,57.84,48,3,5159,58.34652793485636,89.75038480710097
8428,97.85,58.58,44,3,5160,58.35783759330469,89.75593014145896
5020,97.83,57.33,49,3,5161,58.36914725175299,89.7614743423812
682,97.82,58.51,45,4,5162,58.38045691020132,89.76701797658559
1783,97.81,62.05,52,4,5163,58.39176656864963,89.7725610440721
4303,97.78,59.87,46,3,5164,58.40307622709794,89.77810241140502
517,97.78,58.230000000000004,50,3,5165,58.41438588554626,89.78364377873791
2734,97.77,58.019999999999996,55,3,5166,58.42569554399457,89.78918457935295
198,97.77,58.9,46,3,5167,58.43700520244288,89.79472537996797
5618,97.63,55.1,52,5,5168,58.4483148608912,89.80025824653282
4561,97.59,58.34,38,2,5169,58.45962451933951,89.80578884622619
4316,97.57000000000001,59.74,42,6,5170,58.470934177787825,89.81131831248382
758,97.55,58.22,46,6,5171,58.48224383623615,89.81684664530572
9157,97.49,60.49,39,2,5172,58.493553494684456,89.82237157782038
417,97.47,57.88,53,5,5173,58.50486315313278,89.82789537689932
5031,97.46,56.81,39,4,5174,58.51617281158109,89.83341860926038
5614,97.42,58.68,49,5,5175,58.527482470029405,89.83893957474994
6927,97.39,59.09,50,4,5176,58.53879212847772,89.8444588400859
2429,97.33,59.68,48,3,5177,58.550101786926035,89.84997470511466
3860,97.25,58.2,52,5,5178,58.56141144537435,89.85548603640045
3152,97.23,55.44,48,3,5179,58.572721103822666,89.8609962342505
3275,97.17,56.86,48,4,5180,58.58403076227098,89.86650303179331
1694,97.15,57.120000000000005,55,3,5181,58.595340420719296,89.8720086959004
9023,97.14,61.42,46,2,5182,58.60665007916761,89.87751379328962
8423,97.11,56.45,46,4,5183,58.61795973761592,89.88301719052524
9899,97.02,58.22,47,3,5184,58.629269396064245,89.88851548730001
4028,96.96000000000001,57.97,56,3,5185,58.64057905451256,89.89401038376758
6693,96.96,57.64,45,4,5186,58.65188871296086,89.89950528023513
6118,96.93,56.13,47,3,5187,58.66319837140919,89.90499847654907
1841,96.91,59.14,44,4,5188,58.6745080298575,89.91049053942729
6655,96.86,56.66,51,4,5189,58.68581768830581,89.91597976871614
1346,96.85,58.0,60,4,5190,58.69712734675413,89.92146843128714
2822,96.84,54.6,45,4,5191,58.70843700520244,89.92695652714026
9222,96.8,57.0,44,3,5192,58.71974666365076,89.9324423561219
8358,96.78,56.13,50,4,5193,58.73105632209907,89.93792705166781
4671,96.77,57.32,51,6,5194,58.74236598054738,89.94341118049583
2436,96.7,57.86,48,4,5195,58.75367563899571,89.94889134229878
6562,96.7,55.32,51,3,5196,58.764985297444014,89.9543715041017
9242,96.68,55.699999999999996,54,4,5197,58.776294955892325,89.9598505324689
4289,96.66,55.66,49,3,5198,58.78760461434065,89.96532842740037
785,96.58,59.24,47,4,5199,58.79891427278896,89.97080178858886
4699,96.53,53.99,44,3,5200,58.81022393123728,89.97627231618802
8770,96.51,55.74,40,5,5201,58.82153358968559,89.98174171035141
7028,96.5,59.64,37,2,5202,58.832843248133905,89.98721053779695
6946,96.49,58.86,42,3,5203,58.844152906582224,89.99267879852462
1833,96.46000000000001,56.83,46,3,5204,58.855462565030535,89.99814535909869
2882,96.45,55.46,45,4,5205,58.86677222347885,90.00361135295488
3326,96.37,57.42,45,3,5206,58.878081881927166,90.0090728130681
5161,96.36,56.09,43,4,5207,58.88939154037548,90.01453370646347
2354,96.33,55.15,53,5,5208,58.90070119882379,90.01999289970523
5505,96.27,59.48,43,3,5209,58.912010857272115,90.02544869263976
8193,96.22,57.87,39,3,5210,58.92332051572042,90.03090165198493
3740,96.2,56.78,49,4,5211,58.934630174168745,90.03635347789437
8930,96.19,56.4,42,5,5212,58.94593983261706,90.04180473708593
4764,96.19,57.69,36,3,5213,58.95724949106537,90.0472559962775
4360,96.18,58.66,46,4,5214,58.96855914951369,90.0527066887512
10157,96.14,58.35,49,3,5215,58.979868807962,90.05815511435341
2906,96.13000000000001,55.98,37,2,5216,58.99117846641031,90.06360297323775
4992,96.13,56.48,37,2,5217,59.00248812485863,90.06905083212209
5577,96.09,58.32,40,4,5218,59.01379778330694,90.07449642413496
1731,96.01,60.29,56,4,5219,59.02510744175525,90.07993748240487
6838,96.01,56.15,41,2,5220,59.03641710020358,90.08537854067478
1456,95.98,60.49,55,2,5221,59.04772675865188,90.09081789879107
5901,95.96000000000001,59.61,40,3,5222,59.05903641710021,90.09625612347165
4106,95.95,56.81,38,3,5223,59.07034607554852,90.10169378143432
8007,95.94,57.09,40,3,5224,59.08165573399683,90.10713087267914
125,95.91,57.53,51,5,5225,59.09296539244515,90.11256626377035
8375,95.86,54.120000000000005,44,3,5226,59.10427505089346,90.11799882127221
6457,95.84,57.36,44,3,5227,59.115584709341775,90.12343024533833
4441,95.83,54.68,39,2,5228,59.126894367790094,90.12886110268659
7753,95.78,57.25,43,2,5229,59.138204026238405,90.1342891264455
3428,95.75,57.78,41,4,5230,59.149513684686724,90.13971545005077
7854,95.73,60.1,51,4,5231,59.160823343135036,90.14514064022032
6818,95.72,59.11,38,2,5232,59.17213300158335,90.15056526367201
1149,95.71000000000001,56.48,45,3,5233,59.18344266003167,90.15598932040581
3945,95.71000000000001,60.730000000000004,45,3,5234,59.194752318479985,90.16141337713961
4864,95.7,54.89,35,4,5235,59.20606197692829,90.16683686715554
4323,95.7,56.6,43,5,5236,59.217371635376615,90.17226035717148
126,95.69,54.67,33,3,5237,59.22868129382493,90.17768328046955
9073,95.68,55.71,51,4,5238,59.23999095227324,90.18310563704975
3610,95.66,56.01,39,2,5239,59.25130061072156,90.1885268601942
2385,95.64,57.019999999999996,44,3,5240,59.26261026916987,90.19394694990291
9727,95.61,54.82,45,4,5241,59.27391992761819,90.19936533945803
6154,95.54,54.94,54,6,5242,59.2852295860665,90.20477976198804
5736,95.49,58.31,43,2,5243,59.29653924451481,90.21019135092871
685,95.48,56.54,42,4,5244,59.30784890296314,90.2156023731515
5390,95.44,57.47,46,2,5245,59.31915856141144,90.22101112850282
7488,95.4,57.31,46,4,5246,59.33046821985975,90.22641761698266
8094,95.39,58.53,45,4,5247,59.34177787830808,90.23182353874462
4968,95.39,58.09,52,4,5248,59.35308753675639,90.23722946050658
10018,95.37,58.49,42,5,5249,59.36439719520471,90.24263424883281
10076,95.36,58.43,44,4,5250,59.37570685365302,90.24803847044119
3306,95.19,56.1,41,4,5251,59.38701651210133,90.25343305784574
8740,95.17999999999999,53.910000000000004,47,4,5252,59.39832617054965,90.25882707853245
1479,95.17,53.73,40,4,5253,59.40963582899796,90.26422053250127
2463,95.16,58.1,53,3,5254,59.420945487446275,90.26961341975222
2506,95.12,53.73,36,3,5255,59.432255145894594,90.2750040401317
4831,94.96,55.46,47,3,5256,59.443564804342905,90.28038559302526
8767,94.95,57.97,38,4,5257,59.45487446279122,90.28576657920094
6890,94.89,56.72,49,5,5258,59.46618412123954,90.2911441650694
3462,94.88,59.12,46,3,5259,59.47749377968785,90.29652118422
1400,94.81,54.35,41,4,5260,59.48880343813617,90.30189423634552
3798,94.79,59.03,44,2,5261,59.500113096584485,90.30726615503528
3155,94.71000000000001,54.46,39,3,5262,59.5114227550328,90.31263353998209
5244,94.71,59.73,50,5,5263,59.522732413481116,90.3180009249289
8299,94.7,58.14,44,5,5264,59.53404207192943,90.32336774315783
9439,94.63,57.18,45,7,5265,59.54535173037774,90.32873059436167
4113,94.62,57.949999999999996,51,3,5266,59.55666138882606,90.33409287884766
2183,94.61,56.34,40,4,5267,59.56797104727437,90.33945459661578
6727,94.55,55.88,44,5,5268,59.579280705722695,90.34481291407667
8998,94.53999999999999,56.36,49,4,5269,59.59059036417101,90.35017066481969
2648,94.53,54.13,42,3,5270,59.60190002261931,90.35552784884483
2643,94.52,57.11,53,5,5271,59.61320968106764,90.36088446615211
5287,94.5,54.69,46,2,5272,59.62451933951595,90.36623995002365
9281,94.48,54.91,56,4,5273,59.63582899796426,90.37159430045945
8124,94.47,54.64,52,5,5274,59.64713865641258,90.37694808417737
9105,94.47,57.61,47,4,5275,59.65844831486089,90.3823018678953
2970,94.46,54.59,52,3,5276,59.6697579733092,90.38765508489536
3415,94.45,54.46,44,4,5277,59.68106763175752,90.39300773517755
2563,94.4,56.11,43,3,5278,59.69237729020583,90.39835755187036
8909,94.38000000000001,56.96,53,4,5279,59.70368694865415,90.40370623512747
2044,94.37,52.58,51,4,5280,59.714996607102464,90.4090543516667
9605,94.35,57.45,44,2,5281,59.726306265550775,90.41440133477019
8927,94.28,57.07,51,3,5282,59.7376159239991,90.4197443508486
1981,94.24,57.68,51,3,5283,59.74892558244741,90.42508510005551
6295,94.23,56.66,45,3,5284,59.76023524089572,90.43042528254456
6478,94.23,55.75,47,3,5285,59.77154489934404,90.4357654650336
4222,94.14,56.339999999999996,47,4,5286,59.782854557792355,90.44110054706181
133,94.1,56.65,44,4,5287,59.794164216240674,90.44643336221856
5363,94.09,55.7,46,4,5288,59.805473874688985,90.45176561065743
4809,94.08,55.59,48,3,5289,59.8167835331373,90.45709729237844
3683,94.03999999999999,55.71,47,3,5290,59.828093191585616,90.46242670722795
3477,94.03,56.17,42,5,5291,59.83940285003393,90.4677555553596
6629,94.02,55.75,49,5,5292,59.85071250848224,90.47308383677338
1966,93.97,54.28,45,3,5293,59.862022166930565,90.4784092845978
917,93.95,57.37,42,3,5294,59.87333182537887,90.48373359898649
3650,93.92999999999999,56.09,46,4,5295,59.88464148382718,90.48905677993943
4544,93.89,54.81,41,4,5296,59.89595114227551,90.4943776940209
5132,93.85,56.9,42,3,5297,59.90726080072382,90.4996963412309
9567,93.83,55.14,39,2,5298,59.91857045917214,90.50501385500515
1913,93.69,55.56,55,6,5299,59.92988011762045,90.51032343472922
2913,93.69,56.58,42,2,5300,59.94118977606876,90.51563301445327
149,93.67,54.21,49,4,5301,59.95249943451708,90.5209414607416
6667,93.64999999999999,56.99,42,5,5302,59.96380909296539,90.52624877359418
933,93.63,57.86,43,3,5303,59.9751187514137,90.53155495301101
2400,93.61,55.56,45,3,5304,59.98642840986202,90.53685999899214
2124,93.6,56.46,44,4,5305,59.99773806831033,90.54216447825539
4288,93.59,57.06,37,2,5306,60.009047726758645,90.54746839080076
9154,93.59,58.57,43,4,5307,60.02035738520697,90.55277230334612
5253,93.57,53.63,49,3,5308,60.031667043655276,90.55807508245576
120,93.56,55.65,44,4,5309,60.0429767021036,90.56337729484751
9352,93.56,56.4,42,4,5310,60.05428636055191,90.56867950723928
566,93.54,53.519999999999996,41,7,5311,60.065596019000225,90.5739805861953
5366,93.53,58.13,35,3,5312,60.07690567744854,90.57928109843346
7137,93.51,56.4,43,3,5313,60.088215335896855,90.58458047723586
3500,93.51,55.17,41,3,5314,60.09952499434517,90.58987985603825
1668,93.47,59.09,42,3,5315,60.110834652793486,90.5951769679692
9257,93.46,58.72,35,5,5316,60.1221443112418,90.60047351318225
8761,93.44,54.68,37,3,5317,60.13345396969012,90.60576892495956
10181,93.42,56.370000000000005,35,2,5318,60.144763628138435,90.61106320330113
8011,93.41,52.23,53,3,5319,60.15607328658674,90.61635691492484
3881,93.38000000000001,58.18,44,4,5320,60.167382945035065,90.62164892639493
218,93.32000000000001,53.74,40,4,5321,60.17869260348338,90.62693753755781
3931,93.28999999999999,52.97,43,2,5322,60.19000226193169,90.63222444856707
9773,93.27,55.97,41,3,5323,60.20131192038001,90.6375102261406
5104,93.27,57.26,54,5,5324,60.21262157882832,90.64279600371414
8623,93.18,56.69,52,3,5325,60.22393123727663,90.64807668082683
1935,93.18,55.64,45,5,5326,60.23524089572495,90.65335735793953
4016,93.17,56.41,50,4,5327,60.24655055417326,90.65863746833435
9350,93.17,57.38,42,4,5328,60.25786021262158,90.66391757872917
8540,93.09,54.22,35,4,5329,60.26916987106989,90.66919315538104
7880,93.08,53.92,43,4,5330,60.2804795295182,90.67446816531505
1123,93.05,57.95,37,2,5331,60.29178918796653,90.67974147509543
2907,93.03,56.72,42,2,5332,60.30309884641484,90.68501365144009
6684,92.99,54.93,38,6,5333,60.314408504863145,90.69028356091326
8198,92.96,55.089999999999996,58,6,5334,60.32571816331147,90.69555177023281
5400,92.9,53.769999999999996,47,4,5335,60.33702782175978,90.70081657924514
10059,92.9,55.14,49,3,5336,60.3483374802081,90.70608138825746
131,92.79,55.269999999999996,45,3,5337,60.35964713865641,90.71133996337323
1544,92.68,58.38,42,3,5338,60.370956797104725,90.71659230459244
7993,92.64999999999999,56.07,45,3,5339,60.382266455553044,90.72184294565801
9699,92.64,55.16,45,3,5340,60.393576114001355,90.72709302000573
7081,92.62,57.25,42,5,5341,60.40488577244967,90.73234196091771
6060,92.59,55.17,42,6,5342,60.41619543089799,90.73758920167609
6749,92.56,54.36,44,4,5343,60.4275050893463,90.74283474228085
3351,92.52,53.62,42,6,5344,60.43881474779461,90.74807801601412
414,92.52,54.26,43,3,5345,60.450124406242935,90.7533212897474
7714,92.51,53.86,40,4,5346,60.46143406469125,90.7585639967628
8126,92.5,55.91,48,3,5347,60.472743723139565,90.76380613706034
9991,92.41,53.52,45,5,5348,60.48405338158788,90.76904317689704
6005,92.38,54.88,49,3,5349,60.49536304003619,90.77427851658014
7548,92.28999999999999,53.95,44,3,5350,60.50667269848451,90.77950875580241
5611,92.28999999999999,55.35,42,3,5351,60.51798235693282,90.78473899502467
312,92.28,54.49,46,3,5352,60.52929201538113,90.78996866752908
10110,92.25,56.23,42,2,5353,60.54060167382945,90.79519663987986
3111,92.24000000000001,54.12,41,3,5354,60.55191133227776,90.80042404551278
466,92.24,53.32,37,4,5355,60.56322099072609,90.80565145114569
9712,92.24,57.6,58,5,5356,60.5745306491744,90.81087885677861
6220,92.24,52.01,41,4,5357,60.5858403076227,90.81610626241154
3660,92.14,54.39,44,4,5358,60.59714996607103,90.82132800086575
8072,92.12,51.97,34,4,5359,60.60845962451934,90.82654860588423
5068,92.11,53.83,38,4,5360,60.61976928296765,90.83176864418483
8970,92.1,54.2,46,7,5361,60.63107894141597,90.83698811576758
9128,92.01,57.26,41,3,5362,60.64238859986428,90.84220248688949
1494,92.0,55.16,48,6,5363,60.653698258312595,90.84741629129353
2414,92.0,56.57,45,6,5364,60.66500791676091,90.85263009569756
969,91.95,58.13,47,3,5365,60.676317575209225,90.85784106651225
2423,91.92,55.53,49,3,5366,60.68762723365755,90.86305033717332
1252,91.88,53.49,39,5,5367,60.69893689210586,90.86825734096291
7563,91.88,55.54,45,4,5368,60.71024655055417,90.87346434475249
7881,91.85,54.410000000000004,49,4,5369,60.72155620900249,90.8786696483885
8671,91.75999999999999,55.32,35,3,5370,60.732865867450805,90.88386985156365
5553,91.75,53.82,48,5,5371,60.74417552589912,90.88906948802094
3542,91.75,54.04,43,4,5372,60.755485184347435,90.89426912447823
4358,91.69,53.79,48,5,5373,60.76679484279575,90.89946536062828
2605,91.68,56.96,48,4,5374,60.778104501244066,90.90466103006048
7797,91.61,57.67,58,4,5375,60.78941415969238,90.90985273246758
671,91.57,52.21,44,2,5376,60.80072381814069,90.91504216800323
1936,91.5,52.26,54,3,5377,60.81203347658901,90.92022763651376
8629,91.5,54.77,43,3,5378,60.82334313503732,90.9254131050243
2445,91.46,53.66,44,3,5379,60.83465279348563,90.93059630666336
2894,91.43,53.54,57,6,5380,60.84596245193396,90.9357778081488
7610,91.41,56.68,44,2,5381,60.85727211038227,90.94095817619849
4132,91.39,54.0,36,3,5382,60.86858176883057,90.94613741081245
6351,91.35,53.56,47,4,5383,60.8798914272789,90.95131437855495
9842,91.34,55.79,46,3,5384,60.89120108572721,90.95649077957957
9386,91.32000000000001,57.35,48,4,5385,60.90251074417553,90.96166604716845
3568,91.32,54.19,44,3,5386,60.91382040262384,90.96684131475733
7169,91.28999999999999,57.29,37,3,5387,60.92513006107215,90.9720148821926
7774,91.28,51.16,44,4,5388,60.93643971952047,90.97718788291
8799,91.21,53.14,51,3,5389,60.94774937796878,90.9823569166023
5522,91.19,55.65,38,3,5390,60.959059036417095,90.98752481685887
5450,91.16,54.78,51,4,5391,60.97036869486542,90.99269101696183
7116,91.12,54.1,55,3,5392,60.981678353313725,90.9978549501933
4611,91.08,56.44,42,4,5393,60.99298801176204,91.0030166165533
1276,91.06,55.03,40,3,5394,61.00429767021036,91.00817714947756
2535,91.05,52.589999999999996,41,2,5395,61.015607328658675,91.01333711568395
3986,91.05,54.82,45,5,5396,61.02691698710699,91.01849708189035
4110,91.03,53.13,49,5,5397,61.038226645555305,91.02365591466099
702,91.02,52.47,40,2,5398,61.04953630400362,91.02881418071377
5666,90.99000000000001,55.199999999999996,44,3,5399,61.060845962451936,91.03397074661294
9361,90.97,52.370000000000005,46,3,5400,61.07215562090025,91.03912617907636
6262,90.95,54.04,48,4,5401,61.08346527934856,91.04428047810404
9485,90.94,53.86,38,2,5402,61.09477493779688,91.04943421041386
6899,90.9,55.96,42,4,5403,61.10608459624519,91.0545856758522
9856,90.87,55.3,51,4,5404,61.117394254693515,91.05973544113692
2810,90.83,52.260000000000005,40,3,5405,61.12870391314183,91.06488293955017
3756,90.79,55.21,39,2,5406,61.14001357159013,91.07002817109195
6278,90.77,55.33,41,3,5407,61.15132323003846,91.07517226919796
3090,90.73,54.78,44,4,5408,61.16263288848677,91.08031410043252
4946,90.71,53.26,45,4,5409,61.17394254693508,91.08545479823132
5089,90.66,53.02,37,2,5410,61.1852522053834,91.09059266244077
6815,90.65,52.45,51,6,5411,61.19656186383171,91.09572995993236
9464,90.63,54.230000000000004,56,3,5412,61.20787152228002,91.10086612398818
8448,90.62,54.09,46,3,5413,61.21918118072834,91.10600172132618
8827,90.61,53.12,44,4,5414,61.23049083917665,91.11113675194629
1340,90.56,52.38,37,3,5415,61.24180049762498,91.11626894897705
1355,90.51,52.93,45,2,5416,61.25311015607329,91.12139831241845
575,90.47,54.9,54,3,5417,61.264419814521595,91.12652540898839
4160,90.41,53.42,53,4,5418,61.27572947296992,91.13164910525107
330,90.37,52.37,48,3,5419,61.28703913141823,91.13677053464232
10154,90.37,52.95,44,3,5420,61.298348789866544,91.14189196403355
2184,90.36,53.43,43,3,5421,61.30965844831486,91.14701282670691
1967,90.31,54.4,48,5,5422,61.320968106763175,91.15213085579093
8539,90.28,54.370000000000005,41,3,5423,61.332277765211494,91.15724718472131
4378,90.26,52.74,44,5,5424,61.343587423659805,91.16236238021598
5546,90.2,53.99,34,3,5425,61.35489708210812,91.16747417540341
2096,90.2,53.7,42,3,5426,61.366206740556436,91.17258597059084
2803,90.19,54.02,46,3,5427,61.37751639900475,91.1776971990604
8771,90.12,54.47,42,7,5428,61.38882605745306,91.18280446050488
5558,90.04,54.0,49,4,5429,61.400135715901385,91.18790718820641
903,89.98,52.82,50,3,5430,61.4114453743497,91.1930065156007
526,89.89,56.14,41,3,5431,61.422755032798,91.19810074253417
10029,89.88,54.58,40,4,5432,61.43406469124633,91.20319440274976
4884,89.82,51.85,44,4,5433,61.44537434969464,91.20828466265813
6588,89.78,54.190000000000005,46,3,5434,61.45668400814296,91.21337265569504
6782,89.77,52.97,48,3,5435,61.46799366659127,91.21846008201405
2851,89.77,52.730000000000004,41,3,5436,61.47930332503958,91.22354750833308
5823,89.67,52.769999999999996,36,4,5437,61.4906129834879,91.22862926747341
7539,89.66,50.66,42,5,5438,61.50192264193621,91.23371045989586
10166,89.65,53.269999999999996,38,3,5439,61.51323230038452,91.23879108560044
1672,89.65,54.61,33,3,5440,61.52454195883285,91.24387171130502
9782,89.65,54.53,40,3,5441,61.53585161728115,91.2489523370096
9218,89.61,52.02,38,2,5442,61.54716127572948,91.25403069584272
3098,89.6,55.62,40,3,5443,61.55847093417779,91.25910848795795
9,89.58,54.08,39,2,5444,61.5697805926261,91.26418514663746
3829,89.52,55.559999999999995,42,2,5445,61.58109025107442,91.26925840500974
6147,89.51,51.92,32,4,5446,61.59239990952273,91.27433109666414
7157,89.49,54.38,40,3,5447,61.603709567971045,91.2794026548828
909,89.47,53.04,48,4,5448,61.61501922641936,91.28447307966573
2144,89.43,50.97,43,2,5449,61.626328884867675,91.28954123757718
8733,89.42,54.42,43,4,5450,61.63763854331599,91.29460882877073
10102,89.39,53.3,54,3,5451,61.648948201764306,91.29967471981071
1778,89.36,50.59,40,2,5452,61.66025786021262,91.30473891069707
563,89.25,50.91,46,3,5453,61.67156751866094,91.30979686768686
5677,89.23,53.23,38,7,5454,61.682877177109255,91.3148536912409
6393,89.23,50.9,49,4,5455,61.69418683555756,91.31991051479494
1349,89.18,54.97,42,2,5456,61.705496494005885,91.32496450475963
2662,89.17,51.5,43,3,5457,61.7168061524542,91.33001792800646
8288,89.16,53.49,45,3,5458,61.72811581090251,91.3350707845354
5604,89.16,55.89,38,4,5459,61.73942546935083,91.34012364106435
1898,89.15,52.5,52,3,5460,61.75073512779914,91.34517593087543
8645,89.11,53.74,33,3,5461,61.76204478624746,91.35022595381504
6692,89.1,51.660000000000004,40,3,5462,61.77335444469577,91.3552754100368
957,89.03,53.9,47,2,5463,61.78466410314408,91.36032089923344
2705,88.96,53.21,40,4,5464,61.79597376159241,91.365362421405
5023,88.95,53.11,43,3,5465,61.80728342004072,91.37040337685868
1565,88.87,52.269999999999996,43,3,5466,61.81859307848902,91.3754397985694
1702,88.84,50.4,40,5,5467,61.82990273693735,91.38047452012653
5239,88.81,51.85,52,3,5468,61.84121239538566,91.38550754153005
3132,88.75,50.43,44,3,5469,61.85252205383397,91.39053716262632
3357,88.73,52.3,42,3,5470,61.86383171228229,91.39556565028687
480,88.73,52.18,41,2,5471,61.8751413707306,91.40059413794741
8940,88.7,51.4,41,5,5472,61.88645102917892,91.40562092545434
1525,88.67,52.13,42,3,5473,61.89776068762723,91.41064601280767
6624,88.67,51.85,42,5,5474,61.909070346075545,91.41567110016099
6883,88.66,50.22,38,3,5475,61.920380004523864,91.42069562079644
820,88.65,54.57,47,3,5476,61.931689662972175,91.42571957471401
7392,88.64,51.22,41,2,5477,61.94299932142049,91.43074296191372
3639,88.61,53.98,46,4,5478,61.95430897986881,91.43576464895983
10004,88.57,52.25,38,2,5479,61.965618638317125,91.44078406913448
4977,88.51,54.64,43,3,5480,61.97692829676543,91.44580008900188
7465,88.5,51.67,51,4,5481,61.988237955213755,91.4508155421514
8634,88.47,51.6,43,3,5482,61.99954761366207,91.45582929514734
8763,88.42,54.870000000000005,34,4,5483,62.010857272110385,91.46084021455391
5830,88.4,52.730000000000004,43,2,5484,62.0221669305587,91.46585000052474
1170,88.38,52.04,52,2,5485,62.03347658900701,91.47085865305982
5169,88.35,52.06,35,3,5486,62.04478624745533,91.47586560544131
2809,88.32,50.519999999999996,39,4,5487,62.05609590590364,91.48087085766919
5152,88.31,54.23,41,4,5488,62.06740556435195,91.4858755431792
6663,88.3,50.53,40,3,5489,62.07871522280028,91.49087966197135
9519,88.27,53.94,41,3,5490,62.09002488124858,91.49588208060987
7941,88.27,51.38,42,4,5491,62.10133453969691,91.5008844992484
8574,88.24000000000001,51.61,39,3,5492,62.11264419814522,91.50588521773332
6196,88.22,49.910000000000004,42,3,5493,62.12395385659353,91.51088480278248
10194,88.14999999999999,55.04,33,3,5494,62.13526351504185,91.51588042080657
6691,88.1,52.21,37,2,5495,62.14657317349016,91.5208732052413
4652,88.09,50.15,41,3,5496,62.15788283193847,91.52586542295818
3640,88.05,52.14,45,2,5497,62.16919249038679,91.53085537380356
171,88.05,51.730000000000004,44,2,5498,62.1805021488351,91.53584532464896
8563,88.0,51.95,40,2,5499,62.191811807283415,91.540832441905
9334,87.97,51.94,39,6,5500,62.20312146573173,91.54581785900741
5267,87.95,53.07,41,5,5501,62.214431124180045,91.55080214267409
6523,87.95,53.45,39,3,5502,62.22574078262837,91.55578642634077
8646,87.92,55.38,45,3,5503,62.23705044107668,91.56076900985384
4114,87.91,52.14,39,3,5504,62.24836009952499,91.56575102664905
475,87.91,52.63,37,3,5505,62.25966975797331,91.57073304344425
2377,87.91,52.81,27,4,5506,62.270979416421625,91.57571506023945
8554,87.82000000000001,53.94,47,2,5507,62.28228907486994,91.58069197657383
2260,87.82,49.949999999999996,38,4,5508,62.293598733318255,91.58566889290822
10202,87.78,53.07,43,3,5509,62.30490839176657,91.59064354237111
8212,87.77,51.86,44,4,5510,62.316218050214886,91.59561762511613
1397,87.75,52.36,47,3,5511,62.3275277086632,91.60059057442542
3576,87.66,53.26,49,4,5512,62.33883736711151,91.60555842327386
7850,87.65,49.29,37,3,5513,62.350147025559835,91.61052570540446
4712,87.64,50.55,38,4,5514,62.36145668400815,91.61549242081716
9393,87.59,53.92,42,4,5515,62.37276634245645,91.62045630264053
8182,87.58,51.88,35,4,5516,62.38407600090478,91.62541961774603
2591,87.48,52.26,49,4,5517,62.39538565935309,91.63037726567282
9355,87.48,51.99,37,4,5518,62.4066953178014,91.63533491359962
9960,87.43,53.010000000000005,49,4,5519,62.41800497624972,91.64028972793706
9483,87.41,53.9,46,4,5520,62.42931463469803,91.64524340883877
5264,87.4,54.95,39,2,5521,62.44062429314635,91.65019652302259
9069,87.4,52.51,52,5,5522,62.45193395159466,91.65514963720642
3045,87.39,52.36,44,2,5523,62.46324361004297,91.66010218467238
6965,87.36,52.589999999999996,45,3,5524,62.47455326849129,91.66505303198474
3033,87.33,52.49,36,3,5525,62.4858629269396,91.6700021791435
5448,87.25,53.2,37,3,5526,62.497172585387915,91.67494679255927
3603,87.25,52.27,40,4,5527,62.50848224383624,91.67989140597507
5150,87.24,53.03,36,2,5528,62.51979190228455,91.68483545267297
9453,87.23,49.42,37,3,5529,62.53110156073287,91.68977893265303
3587,87.21000000000001,52.519999999999996,42,5,5530,62.54241121918118,91.69472127919732
1302,87.09,50.89,37,2,5531,62.553720877629495,91.69965682512719
1313,87.07,51.77,49,3,5532,62.56503053607781,91.70459123762133
6469,87.05,52.010000000000005,44,3,5533,62.576340194526125,91.7095245166797
4146,87.05,50.32,47,4,5534,62.58764985297444,91.7144577957381
7011,87.03,53.13,44,5,5535,62.598959511422755,91.71938994136075
5354,87.02000000000001,50.69,45,3,5536,62.61026916987107,91.72432152026552
3432,87.02,48.55,39,2,5537,62.62157882831938,91.7292530991703
8000,87.01,50.33,32,2,5538,62.632888486767705,91.7341841113572
9178,86.99000000000001,52.77,47,5,5539,62.64419814521601,91.73911399010836
7765,86.97,52.62,42,2,5540,62.655507803664335,91.74404273542379
3365,86.95,53.6,46,3,5541,62.66681746211265,91.74897034730347
7968,86.88,53.08,45,4,5542,62.67812712056096,91.75389399215807
3975,86.87,50.42,44,3,5543,62.68943677900928,91.7588170702948
4487,86.74,52.2,38,6,5544,62.70074643745759,91.76373278109921
745,86.64,51.18,36,4,5545,62.7120560959059,91.76864282472492
4440,86.61,49.79,42,3,5546,62.72336575435422,91.77355116819703
2483,86.59,53.19,40,3,5547,62.73467541280253,91.7784583782334
8951,86.59,50.87,45,2,5548,62.74598507125084,91.78336558826977
9109,86.53,52.8,53,4,5549,62.75729472969916,91.78826939799892
8518,86.51,52.09,36,3,5550,62.76860438814747,91.79317207429231
5756,86.51,52.18,46,3,5551,62.7799140465958,91.79807475058573
9103,86.5,54.71,48,4,5552,62.79122370504411,91.80297686016125
5025,86.47,49.2,39,3,5553,62.802533363492415,91.80787726958319
7346,86.41,52.12,40,4,5554,62.81384302194074,91.81277427869789
6648,86.38,50.31,46,4,5555,62.82515268038905,91.81766958765897
1616,86.38,52.47,47,3,5556,62.836462338837364,91.82256489662007
6445,86.33,51.199999999999996,54,4,5557,62.84777199728568,91.82745737199181
3833,86.28999999999999,51.73,36,3,5558,62.859081655733995,91.83234758049208
8854,86.25,52.370000000000005,43,5,5559,62.870391314182314,91.83723552212086
2748,86.22,51.53,39,2,5560,62.881700972630625,91.84212176359603
7936,86.15,51.34,43,3,5561,62.89301063107894,91.84700403804611
8884,86.14,53.08,41,3,5562,62.90432028952726,91.85188574577832
9217,86.11,48.76,49,2,5563,62.915629947975575,91.85676575335692
1814,86.1,51.61,45,3,5564,62.92693960642388,91.86164519421767
1901,86.08,52.459999999999994,37,5,5565,62.938249264872205,91.86652350164267
10087,86.02,55.480000000000004,42,4,5566,62.94955892332052,91.87139840876046
665,86.0,51.769999999999996,50,6,5567,62.96086858176883,91.87627218244249
9850,86.0,53.92,45,3,5568,62.97217824021715,91.88114595612453
2166,85.98,51.49,44,4,5569,62.98348789866546,91.88601859637082
2411,85.97,52.04,44,4,5570,62.99479755711378,91.89089066989922
8660,85.97,51.64,39,3,5571,63.00610721556209,91.89576274342765
4651,85.95,50.36,43,7,5572,63.0174168740104,91.90063368352034
710,85.95,50.66,37,3,5573,63.02872653245872,91.90550462361303
9827,85.89,52.339999999999996,42,3,5574,63.04003619090703,91.91037216339848
9674,85.88,50.32,36,2,5575,63.05134584935534,91.91523913646607
1909,85.86,52.980000000000004,38,2,5576,63.06265550780367,91.92010497609793
897,85.85,52.47,40,4,5577,63.07396516625198,91.92497024901192
353,85.82,52.99,35,2,5578,63.0852748247003,91.9298338217723
8991,85.76,50.63,47,4,5579,63.09658448314861,91.93469399422544
1727,85.71000000000001,50.8,45,4,5580,63.10789414159692,91.93955133308926
3437,85.7,51.55,44,4,5581,63.11920380004524,91.94440810523518
7699,85.66,51.75,31,4,5582,63.13051345849355,91.94926261050963
9253,85.66,51.16,42,6,5583,63.141823116941865,91.95411711578409
7327,85.65,50.01,46,4,5584,63.15313277539018,91.95897105434067
6029,85.64,50.89,45,2,5585,63.164442433838495,91.96382442617937
763,85.63,48.89,35,4,5586,63.17575209228681,91.9686772313002
864,85.63,48.81,51,4,5587,63.18706175073513,91.97353003642105
204,85.61,52.82,43,4,5588,63.19837140918344,91.97838170810616
9012,85.61,52.32,37,2,5589,63.20968106763176,91.98323337979127
3595,85.61,50.07,47,2,5590,63.220990726080075,91.98808505147638
4754,85.56,50.76,38,2,5591,63.232300384528386,91.99293388957214
5461,85.55,53.42,39,7,5592,63.243610042976705,91.99778216095002
2384,85.55,49.07,34,2,5593,63.25491970142502,92.00263043232792
5906,85.52,51.21,42,3,5594,63.26622935987333,92.00747700355218
2945,85.45,51.53,39,2,5595,63.27753901832165,92.01231960775137
2665,85.39,46.519999999999996,39,3,5596,63.28884867676996,92.01715881164333
9275,85.38,52.93,45,4,5597,63.300158335218285,92.02199744881742
1842,85.37,51.69,44,3,5598,63.31146799366659,92.02683551927365
6735,85.35000000000001,51.21,35,4,5599,63.3227776521149,92.03167245629413
9403,85.35000000000001,53.82,35,3,5600,63.33408731056323,92.03650939331463
7414,85.31,49.99,43,3,5601,63.34539696901154,92.04134406346364
6761,85.25999999999999,52.66,43,3,5602,63.35670662745984,92.04617590002329
5825,85.19,50.52,39,4,5603,63.36801628590817,92.05100376955785
5988,85.15,48.53,38,3,5604,63.37932594435648,92.05582937222093
2771,85.12,49.44,36,2,5605,63.39063560280479,92.06065327473041
9070,85.11,54.760000000000005,40,3,5606,63.40194526125311,92.06547661052203
4052,85.11,49.44,37,3,5607,63.41325491970142,92.07029994631363
267,85.08,51.47,32,2,5608,63.42456457814974,92.07512158195162
5636,85.07,50.2,47,3,5609,63.43587423659805,92.07994265087176
1828,85.03999999999999,50.57,41,3,5610,63.447183895046365,92.08476201963828
10172,85.01,52.09,40,3,5611,63.45849355349469,92.08957968825118
3408,84.97,50.8,39,2,5612,63.469803211943,92.0943950899926
1362,84.89,50.74,41,2,5613,63.48111287039131,92.09920595799106
7647,84.84,47.74,36,3,5614,63.49242252883963,92.10401399240018
2282,84.84,51.05,41,3,5615,63.503732187287945,92.1088220268093
5431,84.84,48.77,49,5,5616,63.51504184573626,92.11363006121842
5349,84.81,52.19,45,3,5617,63.526351504184575,92.11843639547392
1675,84.78,51.370000000000005,40,4,5618,63.53766116263289,92.12324102957582
8806,84.78,52.42,47,3,5619,63.548970821081205,92.12804566367771
1099,84.77,52.54,37,3,5620,63.56028047952952,92.13284973106174
4950,84.75999999999999,46.19,39,2,5621,63.57159013797783,92.1376532317279
1899,84.75,50.15,36,3,5622,63.58289979642615,92.14245616567618
1361,84.68,50.4,45,4,5623,63.59420945487446,92.14725513259937
6597,84.66,49.53,42,3,5624,63.60551911332277,92.15205296608681
1409,84.66,50.21,51,3,5625,63.6168287717711,92.15685079957426
3509,84.66,50.730000000000004,39,2,5626,63.62813843021941,92.16164863306172
6323,84.63,51.74,35,2,5627,63.63944808866773,92.16644476639556
522,84.62,51.8,42,2,5628,63.65075774711604,92.17124033301154
9285,84.61,51.97,31,3,5629,63.66206740556435,92.17603533290965
5371,84.61,50.38,39,2,5630,63.67337706401267,92.18083033280774
6573,84.61,48.6,35,2,5631,63.68468672246098,92.18562533270587
2485,84.6,51.38,42,2,5632,63.69599638090929,92.1904197658861
8354,84.58,52.19,39,3,5633,63.70730603935761,92.1952130656306
84,84.55,49.17,32,4,5634,63.71861569780592,92.20000466522148
1817,84.55,51.31,38,4,5635,63.729925356254235,92.20479626481237
8606,84.54,48.1,39,5,5636,63.74123501470256,92.20958729768539
3180,84.53,54.410000000000004,38,3,5637,63.752544673150865,92.21437776384053
8739,84.48,53.42,44,3,5638,63.76385433159919,92.21916539640634
904,84.47,50.18,42,3,5639,63.7751639900475,92.22395246225426
6070,84.47,51.230000000000004,30,2,5640,63.786473648495814,92.22873952810218
6015,84.45,51.22,37,2,5641,63.79778330694413,92.23352546051436
6013,84.34,50.14,39,5,5642,63.809092965392445,92.23830515902998
4755,84.29,51.019999999999996,40,2,5643,63.82040262384076,92.24308202395625
7387,84.23,49.7,40,2,5644,63.831712282289075,92.24785548857528
10251,84.2,49.15,50,4,5645,63.84302194073739,92.25262725304071
5016,84.19,48.24,43,5,5646,63.85433159918571,92.25739845078827
7493,84.17,52.230000000000004,35,3,5647,63.86564125763402,92.2621685151001
7006,84.14999999999999,48.93,38,3,5648,63.87695091608233,92.26693744597617
4450,84.13,48.75,40,4,5649,63.888260574530655,92.27170524341652
6909,84.11,53.49,37,3,5650,63.89957023297897,92.27647190742113
1514,84.07,47.2,40,3,5651,63.91087989142727,92.28123630455426
2558,84.05,51.8,33,3,5652,63.9221895498756,92.28599956825164
1221,83.99,49.63,38,3,5653,63.93349920832391,92.2907594316418
5160,83.98,50.339999999999996,44,2,5654,63.94480886677222,92.2955187283141
9022,83.97999999999999,48.6,35,4,5655,63.95611852522054,92.30027802498638
1584,83.94,51.07,46,3,5656,63.96742818366885,92.3050350547872
2575,83.92,49.53,33,2,5657,63.97873784211717,92.30979095115227
6978,83.92,51.21,40,2,5658,63.99004750056548,92.31454684751735
10242,83.91,54.019999999999996,42,2,5659,64.00135715901379,92.31930217716454
8694,83.88,52.53,38,5,5660,64.01266681746212,92.32405580665812
1210,83.77,50.71,34,3,5661,64.02397647591043,92.32880320225514
2977,83.77,50.33,47,4,5662,64.03528613435874,92.33355059785218
4540,83.76,50.870000000000005,36,5,5663,64.04659579280705,92.33829742673133
4390,83.71000000000001,51.36,38,4,5664,64.05790545125537,92.34304142202113
3226,83.7,47.6,35,3,5665,64.06921510970369,92.34778485059306
6332,83.67,48.49,34,2,5666,64.080524768152,92.35252657901138
3508,83.66,48.54,41,3,5667,64.09183442660031,92.35726774071182
1680,83.65,48.9,40,4,5668,64.10314408504864,92.36200833569441
1416,83.64999999999999,48.339999999999996,47,4,5669,64.11445374349695,92.36674893067699
10040,83.64,48.35,34,2,5670,64.12576340194526,92.3714889589417
3251,83.62,48.26,41,3,5671,64.13707306039358,92.37622785377067
49,83.62,51.27,48,5,5672,64.14838271884189,92.38096674859966
5653,83.6,49.64,43,3,5673,64.1596923772902,92.38570450999289
539,83.58,50.6,38,4,5674,64.17100203573852,92.39044113795039
4000,83.57,49.53,41,3,5675,64.18231169418684,92.39517719919002
3031,83.55,48.83,37,5,5676,64.19362135263515,92.3999121269939
4867,83.53,50.01,45,3,5677,64.20493101108346,92.40464592136205
5587,83.52,48.5,42,3,5678,64.21624066953177,92.40937914901232
1655,83.49,51.82,33,4,5679,64.2275503279801,92.41411067650898
10212,83.49,48.99,33,3,5680,64.23885998642841,92.41884220400564
3427,83.47,47.73,46,3,5681,64.25016964487672,92.42357259806657
10009,83.41,52.32,39,2,5682,64.26147930332505,92.42829959182028
1740,83.4,50.43,37,4,5683,64.27278896177336,92.4330260188561
3023,83.33,47.870000000000005,43,4,5684,64.28409862022167,92.43774847886684
6375,83.21,50.87,43,4,5685,64.29540827866998,92.44246413826315
2604,83.19,50.09,39,2,5686,64.3067179371183,92.4471786642237
164,83.14,49.34,33,3,5687,64.31802759556662,92.45189035659492
8715,83.13,50.870000000000005,47,3,5688,64.32933725401493,92.45660148224826
3301,83.12,49.09,35,5,5689,64.34064691246324,92.46131204118373
3849,83.08,50.05,38,2,5690,64.35195657091157,92.46602033324774
548,82.98,50.51,30,3,5691,64.36326622935987,92.47072295813302
2242,82.92,47.870000000000005,42,3,5692,64.37457588780818,92.4754221827111
7449,82.92,46.9,43,3,5693,64.3858855462565,92.48012140728916
4208,82.91,47.67,40,5,5694,64.39719520470481,92.48482006514936
6317,82.87,49.79,48,5,5695,64.40850486315314,92.48951645613809
7508,82.87,49.41,34,3,5696,64.41981452160145,92.49421284712682
1426,82.81,48.39,46,8,5697,64.43112418004976,92.49890583780834
3327,82.77,52.410000000000004,36,4,5698,64.44243383849808,92.50359656161835
9486,82.73,49.71,45,3,5699,64.45374349694639,92.50828501855689
3968,82.7,48.44,38,1,5700,64.4650531553947,92.51297177534182
3902,82.69,50.82,44,5,5701,64.47636281384302,92.51765796540889
8857,82.59,50.52,36,3,5702,64.48767247229134,92.52233848829725
973,82.57000000000001,49.2,37,2,5703,64.49898213073966,92.52701787774988
6732,82.57,52.230000000000004,41,4,5704,64.51029178918797,92.5316972672025
1251,82.53,50.3,44,4,5705,64.52160144763627,92.53637438978365
6860,82.51,50.08,49,4,5706,64.5329111060846,92.54105037892906
6152,82.49,48.36,40,2,5707,64.54422076453291,92.54572523463872
4990,82.46,50.77,43,2,5708,64.55553042298122,92.55039839019477
7730,82.44,50.41,38,3,5709,64.56684008142955,92.55507041231508
6763,82.42,49.46,43,3,5710,64.57814973987786,92.55974130099965
2566,82.39,47.129999999999995,44,3,5711,64.58945939832617,92.5644104895306
7301,82.37,50.04,42,3,5712,64.60076905677448,92.56907854462584
2827,82.37,50.76,33,2,5713,64.6120787152228,92.57374659972106
6059,82.31,50.99,40,3,5714,64.62338837367112,92.57841125450908
4863,82.3,51.22,36,3,5715,64.63469803211943,92.5830753425792
2093,82.25,47.49,37,2,5716,64.64600769056774,92.58773659705999
1576,82.22,49.1,42,4,5717,64.65731734901607,92.59239615138716
3158,82.19,50.89,34,3,5718,64.66862700746438,92.59705400556072
1115,82.14,49.38,41,6,5719,64.67993666591269,92.60170902614493
142,82.12,51.9,39,3,5720,64.691246324361,92.60636291329341
5824,82.07,48.92,38,3,5721,64.70255598280932,92.61101396685254
9772,82.06,47.34,39,3,5722,64.71386564125763,92.6156644536938
6011,82.04,48.75,49,3,5723,64.72517529970595,92.62031380709931
8652,82.03,49.4,38,3,5724,64.73648495815426,92.62496259378695
1427,82.03,47.940000000000005,36,3,5725,64.74779461660259,92.6296113804746
7133,81.98,50.69,41,7,5726,64.75910427505089,92.63425733357289
9227,81.96,50.88,35,3,5727,64.7704139334992,92.63890215323543
3803,81.95,49.62,38,3,5728,64.78172359194753,92.64354640618012
8153,81.95,47.2,38,4,5729,64.79303325039584,92.6481906591248
1095,81.92,49.63,43,2,5730,64.80434290884415,92.65283321191588
426,81.92,51.01,51,5,5731,64.81565256729247,92.65747576470694
8625,81.92,48.49,39,4,5732,64.82696222574079,92.66211831749801
5194,81.91,49.9,39,3,5733,64.8382718841891,92.66676030357121
4815,81.87,46.84,41,4,5734,64.84958154263741,92.67140002277293
1237,81.82,47.24,38,6,5735,64.86089120108572,92.6760369083853
6345,81.79,50.11,38,2,5736,64.87220085953405,92.68067209384408
262,81.79,50.04,36,2,5737,64.88351051798236,92.68530727930285
3029,81.78,50.550000000000004,43,4,5738,64.89482017643067,92.68994189804374
1028,81.76,51.72,38,4,5739,64.906129834879,92.69457538334889
7238,81.73,49.54,36,2,5740,64.9174394933273,92.69920716850044
9345,81.73,49.74,38,3,5741,64.9287491517756,92.70383895365197
9910,81.7,48.65,47,4,5742,64.94005881022393,92.7084690386499
3169,81.61,51.86,46,3,5743,64.95136846867224,92.71309402318701
786,81.59,50.089999999999996,40,4,5744,64.96267812712057,92.71771787428838
2285,81.56,49.120000000000005,31,2,5745,64.97398778556888,92.72234002523614
6229,81.5,49.510000000000005,40,4,5746,64.98529744401719,92.72695877587667
9594,81.5,48.01,45,4,5747,64.9966071024655,92.7315775265172
1654,81.48,51.37,37,2,5748,65.00791676091382,92.73619514372199
2785,81.46000000000001,48.44,45,4,5749,65.01922641936213,92.74081162749106
1180,81.45,50.81,48,5,5750,65.03053607781045,92.74542754454222
457,81.44,48.89,40,3,5751,65.04184573625876,92.75004289487553
9528,81.43,49.01,43,4,5752,65.05315539470709,92.75465767849097
7708,81.41,48.65,42,4,5753,65.0644650531554,92.75927132867066
7002,81.32000000000001,49.79,44,4,5754,65.07577471160371,92.76387987838955
6084,81.25,47.47,41,4,5755,65.08708437005203,92.76848446108333
2958,81.22,48.05,39,3,5756,65.09839402850034,92.7730873436235
7923,81.22,50.68,38,2,5757,65.10970368694865,92.77769022616368
8982,81.14,50.67,38,5,5758,65.12101334539697,92.78228857496089
3172,81.13,50.21,55,3,5759,65.13232300384529,92.78688635704022
4321,81.1,47.1,25,2,5760,65.1436326622936,92.79148243896596
2796,81.04,46.98,37,3,5761,65.15494232074191,92.79607512058446
1527,81.04,48.67,36,2,5762,65.16625197919022,92.80066780220298
2326,81.03,48.16,40,4,5763,65.17756163763855,92.80525991710363
6318,81.00999999999999,48.61,40,2,5764,65.18887129608686,92.80985089856854
3205,80.97,49.44,33,3,5765,65.20018095453517,92.81443961316197
5312,80.97,45.25,44,4,5766,65.2114906129835,92.81902832775538
2182,80.91,47.870000000000005,35,4,5767,65.22280027143181,92.82361364204156
4264,80.86,51.56,43,3,5768,65.23410992988012,92.82819612273843
8041,80.85,50.4,43,3,5769,65.24541958832843,92.83277803671743
6731,80.81,47.6,32,3,5770,65.25672924677674,92.83735768382493
1262,80.78,46.61,53,4,5771,65.26803890522507,92.84193563077882
1422,80.77,50.38,38,3,5772,65.27934856367338,92.84651301101484
9470,80.7,45.78,33,4,5773,65.29065822212169,92.85108642422577
325,80.67999999999999,46.3,42,4,5774,65.30196788057,92.85565870400096
4104,80.67999999999999,48.95,30,2,5775,65.31327753901832,92.86023098377615
3814,80.66,47.61,40,4,5776,65.32458719746663,92.86480213011559
6293,80.66,45.879999999999995,38,3,5777,65.33589685591495,92.86937327645505
6286,80.66,48.96,35,3,5778,65.34720651436326,92.8739444227945
2545,80.63,45.12,39,2,5779,65.35851617281158,92.87851386898033
2840,80.63,47.37,40,3,5780,65.3698258312599,92.88308331516617
5770,80.60000000000001,48.88,34,2,5781,65.38113548970821,92.88765106119841
8591,80.6,45.75,35,3,5782,65.39244514815653,92.89221880723065
746,80.59,49.54,38,4,5783,65.40375480660484,92.89678598654501
2277,80.57,49.45,42,4,5784,65.41506446505315,92.90135203242363
8481,80.52,47.61,38,3,5785,65.42637412350147,92.90591524471292
5960,80.5,48.75,39,4,5786,65.43768378194979,92.91047732356644
5773,80.43,49.54,38,2,5787,65.4489934403981,92.91503543539488
9737,80.42,46.33,31,2,5788,65.46030309884642,92.91959298050546
1703,80.36,47.02,35,3,5789,65.47161275729472,92.9241471253088
7719,80.35,48.25,45,4,5790,65.48292241574305,92.9287007033943
3598,80.33,48.91,60,4,5791,65.49423207419136,92.93325314804403
928,80.33,49.87,39,4,5792,65.50554173263967,92.93780559269379
962,80.32000000000001,48.22,33,2,5793,65.516851391088,92.94235747062565
1338,80.29,47.739999999999995,33,3,5794,65.52816104953631,92.94690764840394
3989,80.12,48.65,44,3,5795,65.53947070798462,92.9514481919784
7790,80.11,49.55,36,4,5796,65.55078036643293,92.955988168835
10022,80.08,50.03,45,4,5797,65.56209002488124,92.96052644553801
2290,80.05,49.13,34,2,5798,65.57339968332955,92.96506302208739
6002,80.03,47.94,35,3,5799,65.58470934177788,92.96959846520105
229,80.02,46.39,49,3,5800,65.59601900022619,92.97413334159681
7736,79.97,47.67,41,2,5801,65.60732865867452,92.97866538440324
5835,79.95,49.55,44,5,5802,65.61863831712283,92.98319629377391
8268,79.9,50.35,47,4,5803,65.62994797557113,92.98772436955524
3546,79.9,45.59,33,3,5804,65.64125763401945,92.99225244533656
4787,79.88,47.58,38,4,5805,65.65256729246777,92.99677938768215
2828,79.88,47.5,43,4,5806,65.66387695091608,93.00130633002773
8681,79.81,48.81,38,2,5807,65.6751866093644,93.00582930534824
7791,79.81,45.519999999999996,40,4,5808,65.68649626781271,93.01035228066876
2030,79.75,45.53,35,3,5809,65.69780592626103,93.01487185568203
3724,79.62,47.81,38,2,5810,65.70911558470934,93.019384063363
3545,79.61,47.62,40,4,5811,65.72042524315765,93.02389570432612
1925,79.6,47.83,36,4,5812,65.73173490160598,93.02840677857137
5151,79.59,48.36,39,3,5813,65.74304456005429,93.03291728609872
6778,79.58,46.67,42,2,5814,65.7543542185026,93.03742722690822
5380,79.53999999999999,49.55,35,4,5815,65.76566387695092,93.04193490084623
441,79.5,47.02,40,6,5816,65.77697353539924,93.04644030791277
501,79.5,47.86,32,2,5817,65.78828319384755,93.05094571497929
2668,79.48,46.08,36,3,5818,65.79959285229586,93.05544998861008
4158,79.45,46.0,38,2,5819,65.81090251074417,93.05995256208726
1401,79.44,46.98,36,2,5820,65.8222121691925,93.06445456884657
5641,79.43,46.42,42,3,5821,65.83352182764081,93.06895600888801
557,79.42,47.01,42,4,5822,65.84483148608912,93.07345688221159
6662,79.39,47.95,36,3,5823,65.85614114453745,93.07795605538153
4926,79.33,47.199999999999996,39,3,5824,65.86745080298574,93.08245182824429
3872,79.31,49.14,51,4,5825,65.87876046143406,93.0869464676713
5228,79.26,45.15,34,3,5826,65.89007011988238,93.09143827350894
7230,79.21000000000001,49.47,45,3,5827,65.90137977833069,93.09592724575724
1186,79.2,47.11,43,4,5828,65.912689436779,93.10041565128768
4037,79.19,47.11,37,2,5829,65.92399909522733,93.10490349010023
1076,79.19,46.58,32,4,5830,65.93530875367564,93.10939132891279
214,79.18,46.96,34,3,5831,65.94661841212395,93.11387860100749
3024,79.17,46.74,40,4,5832,65.95792807057227,93.1183653063843
6042,79.16,48.35,37,3,5833,65.96923772902058,93.12285144504324
234,79.13,48.73,31,2,5834,65.9805473874689,93.12733588354858
3182,79.09,47.21,38,6,5835,65.99185704591721,93.13181805518245
1121,79.09,45.23,43,3,5836,66.00316670436553,93.13630022681632
8149,79.08,49.0,43,3,5837,66.01447636281385,93.14078183173231
9466,79.07,47.56,30,3,5838,66.02578602126215,93.14526286993043
3983,79.03,47.74,33,3,5839,66.03709567971048,93.14974164125708
9514,78.96,47.69,40,4,5840,66.04840533815879,93.15421644555862
4142,78.94,48.480000000000004,40,3,5841,66.0597149966071,93.15869011642444
8184,78.93,48.6,42,3,5842,66.07102465505542,93.16316322057237
4920,78.89,45.7,37,3,5843,66.08233431350374,93.16763405784883
6126,78.87,45.86,31,2,5844,66.09364397195205,93.17210376168956
7938,78.83,47.18,34,3,5845,66.10495363040036,93.17657119865879
10071,78.82,49.18,34,3,5846,66.11626328884867,93.18103806891018
4496,78.75999999999999,48.73,35,5,5847,66.12757294729698,93.18550153885433
3373,78.66,44.92,38,3,5848,66.13888260574531,93.18995934161978
9247,78.64,45.42,35,4,5849,66.15019226419362,93.19441601094948
1489,78.58,45.01,37,2,5850,66.16150192264195,93.19886927997197
9193,78.54,45.11,37,3,5851,66.17281158109026,93.20332028212299
764,78.51,44.09,38,3,5852,66.18412123953857,93.2077695841204
1270,78.48,46.230000000000004,37,4,5853,66.19543089798688,93.21221718596419
7087,78.42,44.15,41,3,5854,66.2067405564352,93.21666138750075
2541,78.4,47.19,32,2,5855,66.2180502148835,93.22110445560158
345,78.39,45.4,39,3,5856,66.22935987333183,93.22554695698454
7067,78.37,47.0,31,2,5857,66.24066953178014,93.22998832493177
10230,78.35,45.29,40,2,5858,66.25197919022845,93.23442855944324
660,78.3,48.730000000000004,35,2,5859,66.26328884867677,93.23886596036537
4687,78.28,46.02,37,2,5860,66.27459850712508,93.24330222785177
4073,78.25,45.05,35,2,5861,66.2859081655734,93.24773679518455
6388,78.25,45.07,47,4,5862,66.29721782402171,93.25217136251734
4367,78.24000000000001,46.71,36,4,5863,66.30852748247003,93.25660536313225
4850,78.24,43.29,30,4,5864,66.31983714091835,93.26103936374717
968,78.11,45.08,37,2,5865,66.33114679936666,93.26546599702978
2955,78.11,45.83,38,4,5866,66.34245645781498,93.26989263031238
496,78.11,44.63,47,3,5867,66.35376611626329,93.27431926359499
4549,78.08,47.05,37,3,5868,66.3650757747116,93.27874419672398
3594,78.07,45.57,32,4,5869,66.37638543315992,93.2831685631351
1656,78.03999999999999,46.52,30,3,5870,66.38769509160824,93.28759122939262
5399,77.96,45.81,44,2,5871,66.39900475005655,93.29200936190716
8432,77.93,44.78,36,3,5872,66.41031440850486,93.29642579426812
6969,77.9,45.56,38,2,5873,66.42162406695317,93.30084052647544
1781,77.89999999999999,45.07,36,3,5874,66.43293372540148,93.30525525868276
6694,77.89,44.86,36,3,5875,66.44424338384981,93.30966942417221
3597,77.84,47.54,32,3,5876,66.45555304229812,93.31408075607233
8934,77.82,46.68,41,3,5877,66.46686270074645,93.3184909545367
8133,77.82,45.75,49,3,5878,66.47817235919476,93.32290115300108
3786,77.74,44.769999999999996,36,2,5879,66.48948201764307,93.32730681772249
2684,77.72,43.49,44,4,5880,66.50079167609138,93.33171134900816
8393,77.71000000000001,46.55,30,2,5881,66.5121013345397,93.33611531357596
9785,77.67,46.25,41,4,5882,66.523410992988,93.34051701127227
6052,77.67,46.93,35,4,5883,66.53472065143633,93.34491870896859
4906,77.66,46.72,41,4,5884,66.54603030988464,93.34931983994704
3621,77.64,49.24,34,3,5885,66.55733996833295,93.35371983748975
4789,77.58,47.64,33,2,5886,66.56864962678128,93.35811643472525
9030,77.58,46.19,40,3,5887,66.57995928522958,93.36251303196073
9010,77.57,44.2,38,3,5888,66.5912689436779,93.36690906247837
936,77.57,44.65,32,3,5889,66.60257860212621,93.371305092996
2135,77.52,48.3,43,6,5890,66.61388826057453,93.37569828992426
3863,77.5,49.96,34,3,5891,66.62519791902285,93.38009035341679
6977,77.5,43.5,36,3,5892,66.63650757747116,93.38448241690932
8022,77.47,45.57,41,3,5893,66.64781723591948,93.38887278024825
4768,77.43,48.14,44,3,5894,66.65912689436779,93.39326087671567
404,77.42999999999999,47.79,40,5,5895,66.6704365528161,93.39764897318312
3037,77.4,44.47,31,3,5896,66.68174621126441,93.40203536949694
7378,77.4,46.66,36,4,5897,66.69305586971274,93.40642176581076
5453,77.28,45.839999999999996,38,5,5898,66.70436552816105,93.41080136151017
4650,77.27,49.32,41,2,5899,66.71567518660937,93.41518039049168
1218,77.25,45.48,35,3,5900,66.72698484505769,93.41955828603746
6135,77.23,43.08,31,2,5901,66.73829450350598,93.42393504814751
1583,77.22,44.97,35,3,5902,66.74960416195431,93.42831124353967
9771,77.08,47.2,42,3,5903,66.76091382040262,93.43267950488166
5696,77.04,46.67,40,3,5904,66.77222347885093,93.43704549935218
8062,77.02000000000001,44.81,36,3,5905,66.78353313729926,93.44141036038695
2590,76.99,43.41,38,4,5906,66.79484279574757,93.44577352126812
3354,76.98,47.66,37,4,5907,66.80615245419588,93.4501361154314
23,76.96000000000001,46.75,30,2,5908,66.8174621126442,93.45449757615896
4692,76.93,46.43,29,2,5909,66.8287717710925,93.45885733673289
8765,76.87,45.32,40,4,5910,66.84008142954083,93.46321369699963
1807,76.85,46.55,46,4,5911,66.85139108798914,93.4675689238306
4041,76.81,46.0,38,3,5912,66.86270074643745,93.47192188379012
5357,76.78,46.81,32,2,5913,66.87401040488578,93.476273143596
9980,76.74,46.0,36,3,5914,66.88532006333409,93.48062213653041
2555,76.63,45.660000000000004,45,2,5915,66.8966297217824,93.48496489556824
7520,76.61,46.37,31,2,5916,66.90793938023072,93.48930652117036
722,76.58,44.3,37,2,5917,66.91924903867903,93.49364644661885
3688,76.55,42.26,41,3,5918,66.93055869712735,93.49798467191374
5105,76.55,46.57,34,3,5919,66.94186835557566,93.50232289720861
5120,76.53,44.910000000000004,37,3,5920,66.95317801402398,93.50665998906777
2057,76.5,43.53,38,2,5921,66.9644876724723,93.51099538077328
6089,76.49,44.75,42,3,5922,66.9757973309206,93.51533020576095
7660,76.46,47.97,35,3,5923,66.98710698936891,93.51966333059501
9869,76.42,44.07,33,2,5924,66.99841664781724,93.52399418855757
9057,76.38,44.31,32,3,5925,67.00972630626555,93.52832277964865
2965,76.38,46.33,37,5,5926,67.02103596471387,93.53265137073974
10103,76.36,46.91,37,6,5927,67.03234562316219,93.53697882839509
4688,76.28,47.519999999999996,35,3,5928,67.0436552816105,93.54130175230748
5926,76.28,45.78,33,1,5929,67.05496494005881,93.54562467621987
5191,76.25,46.07,40,3,5930,67.06627459850712,93.54994589997865
1564,76.25,45.28,35,3,5931,67.07758425695543,93.55426712373743
2343,76.2,43.44,36,3,5932,67.08889391540376,93.55858551390686
3103,76.18,46.46,29,3,5933,67.10020357385207,93.56290277064055
6781,76.17,47.07,30,3,5934,67.11151323230038,93.56721946065637
8475,76.1,44.559999999999995,38,4,5935,67.12282289074871,93.57153218364711
8429,76.09,46.88,35,4,5936,67.134132549197,93.57584433991997
9898,76.06,46.69,31,3,5937,67.14544220764533,93.58015479603922
4002,76.04,44.87,37,3,5938,67.15675186609364,93.58446411872274
6585,75.96000000000001,46.21,36,2,5939,67.16806152454195,93.5887689076633
857,75.95,49.03,37,3,5940,67.17937118299028,93.59307312988597
5030,75.95,45.93,41,3,5941,67.19068084143859,93.59737735210865
2984,75.87,46.6,30,3,5942,67.2019904998869,93.60167704058837
7843,75.85,42.480000000000004,40,4,5943,67.21330015833522,93.60597559563234
230,75.83,44.46,37,3,5944,67.22460981678353,93.6102730172406
411,75.82,45.41,31,3,5945,67.23591947523185,93.61456987213097
10165,75.8,44.65,33,4,5946,67.24722913368016,93.61886559358561
110,75.77,43.6,38,3,5947,67.25853879212848,93.62315961488663
7649,75.77,45.45,34,3,5948,67.2698484505768,93.62745363618765
2363,75.73,42.75,30,1,5949,67.28115810902511,93.6317453906172
6273,75.73,47.019999999999996,32,2,5950,67.29246776747343,93.63603714504673
4526,75.72,46.5,32,3,5951,67.30377742592174,93.6403283327584
7675,75.69,43.5,30,2,5952,67.31508708437005,93.64461782031645
479,75.69,45.129999999999995,39,3,5953,67.32639674281836,93.64890730787451
7487,75.65,43.57,36,3,5954,67.33770640126669,93.65319452856109
5883,75.64,42.36,31,2,5955,67.349016059715,93.65748118252979
8024,75.61,45.260000000000005,34,3,5956,67.36032571816331,93.66176613634491
215,75.57,44.95,32,2,5957,67.37163537661162,93.66604882328853
5141,75.52,44.67,34,2,5958,67.38294503505993,93.67032867664278
6004,75.47,45.31,31,4,5959,67.39425469350826,93.67460569640771
8910,75.38,44.949999999999996,28,2,5960,67.40556435195657,93.6788776157118
7650,75.38,42.449999999999996,36,4,5961,67.41687401040488,93.68314953501589
127,75.35,44.71,30,4,5962,67.42818366885321,93.68741975416637
1631,75.34,44.97,39,5,5963,67.43949332730152,93.69168940659898
8478,75.34,45.5,35,2,5964,67.45080298574983,93.6959590590316
599,75.31,45.96,39,5,5965,67.46211264419814,93.7002270113106
3479,75.23,42.97,38,2,5966,67.47342230264645,93.70449042984664
3531,75.21000000000001,47.95,34,3,5967,67.48473196109478,93.70875271494694
8219,75.14,45.51,28,2,5968,67.49604161954309,93.71301103302214
1904,75.14,46.8,34,4,5969,67.5073512779914,93.71726935109734
2633,75.12,47.43,33,3,5970,67.51866093643972,93.72152653573681
2336,75.1,44.0,38,3,5971,67.52997059488803,93.72578258694057
6650,75.09,46.47,38,2,5972,67.54128025333634,93.73003807142642
5116,75.05,44.519999999999996,35,4,5973,67.55258991178466,93.73429128904081
6186,75.05,44.980000000000004,42,4,5974,67.56389957023298,93.73854450665519
4594,75.03,43.76,32,4,5975,67.5752092286813,93.74279659083383
3398,75.02,44.82,49,4,5976,67.58651888712961,93.7470481082946
9132,74.99,45.339999999999996,39,4,5977,67.59782854557793,93.75129792560176
7140,74.96,43.39,34,2,5978,67.60913820402624,93.75554604275531
1627,74.94,45.37,29,3,5979,67.62044786247455,93.75979302647312
4446,74.81,45.47,43,4,5980,67.63175752092286,93.76403264285862
5720,74.78,44.53,33,4,5981,67.64306717937119,93.76827055909051
5188,74.73,44.67,37,3,5982,67.6543768378195,93.77250564173305
1980,74.71000000000001,43.38,36,4,5983,67.66568649626781,93.77673959093985
9172,74.7,45.48,33,3,5984,67.67699615471614,93.78097297342877
9650,74.64,45.980000000000004,32,2,5985,67.68830581316443,93.78520295561049
6006,74.63,46.2,31,3,5986,67.69961547161276,93.78943237107433
4849,74.62,46.01,35,5,5987,67.71092513006107,93.7936612198203
3131,74.6,44.7,37,3,5988,67.72223478850938,93.79788893513053
2090,74.58,46.22,38,2,5989,67.73354444695771,93.80211551700502
4724,74.57000000000001,43.39,33,3,5990,67.74485410540602,93.80634153216164
1381,74.57,42.14,30,3,5991,67.75616376385433,93.81056754731827
3315,74.55,42.81,35,2,5992,67.76747342230264,93.81479242903914
2865,74.52,42.71,30,2,5993,67.77878308075096,93.81901561060643
3908,74.51,44.92,30,3,5994,67.79009273919928,93.82323822545582
2780,74.5,44.62,30,2,5995,67.80140239764759,93.82746027358736
2909,74.42999999999999,44.27,35,3,5996,67.8127120560959,93.83167835469379
2050,74.4,46.55,37,4,5997,67.82402171454423,93.83589473564662
2939,74.39999999999999,46.25,37,2,5998,67.83533137299254,93.84011111659945
299,74.39,43.019999999999996,33,3,5999,67.84664103144084,93.8443269308344
1021,74.39,44.15,32,2,6000,67.85795068988917,93.84854274506935
1247,74.37,43.49,39,3,6001,67.86926034833748,93.85275742586857
2618,74.34,45.98,47,4,6002,67.88057000678579,93.85697040651418
1665,74.33,45.13,47,4,6003,67.89187966523411,93.86118282044194
9004,74.32,44.85,36,2,6004,67.90318932368243,93.8653946676518
8217,74.2,41.69,29,2,6005,67.91449898213074,93.86959971424723
7469,74.12,44.01,32,3,6006,67.92580864057905,93.87380022709971
5306,74.09,44.5,42,3,6007,67.93711829902736,93.87799903979858
4121,74.06,46.2,45,3,6008,67.94842795747569,93.88219615234384
3262,74.05,46.44,31,3,6009,67.959737615924,93.8863926981712
500,74.05,46.019999999999996,32,3,6010,67.97104727437231,93.89058924399859
9796,74.04,42.51,34,2,6011,67.98235693282064,93.8947852231081
3431,74.03999999999999,41.519999999999996,28,1,6012,67.99366659126895,93.89898120221761
9722,74.0,43.67,30,2,6013,68.00497624971726,93.90317491445565
7165,73.96000000000001,42.94,35,3,6014,68.01628590816557,93.90736635982219
2066,73.95,43.9,44,2,6015,68.02759556661388,93.91155723847088
2008,73.92,43.38,39,2,6016,68.03890522506221,93.91574641696594
787,73.9,44.38,32,2,6017,68.05021488351052,93.91993446202527
1072,73.89,43.05,41,3,6018,68.06152454195883,93.92412194036672
8080,73.85,43.18,41,3,6019,68.07283420040716,93.9283071518367
8183,73.84,44.9,37,5,6020,68.08414385885546,93.9324917965888
3556,73.84,42.7,33,2,6021,68.09545351730377,93.93667644134092
7551,73.82,45.03,33,4,6022,68.10676317575209,93.9408599526573
6235,73.81,43.81,36,2,6023,68.1180728342004,93.9450428972558
3516,73.79,45.370000000000005,33,2,6024,68.12938249264873,93.94922470841857
6184,73.77,43.54,39,3,6025,68.14069215109704,93.95340538614559
9676,73.73,42.14,40,2,6026,68.15200180954535,93.95758379700113
5138,73.72,41.25,31,2,6027,68.16331146799367,93.96176164113879
9680,73.7,45.059999999999995,42,3,6028,68.17462112644198,93.96593835184073
7762,73.65,44.36,34,3,6029,68.18593078489029,93.9701122289533
2199,73.58,44.6,36,2,6030,68.19724044333861,93.97428213904078
5891,73.58,41.79,31,2,6031,68.20855010178693,93.97845204912828
3452,73.56,44.19,38,4,6032,68.21985976023525,93.98262082578003
6822,73.52,43.85,35,2,6033,68.23116941868356,93.98678733556031
6929,73.51,43.94,38,3,6034,68.24247907713186,93.99095327862271
3112,73.48,43.07,31,5,6035,68.25378873558019,93.9951175215315
8922,73.48,45.09,32,2,6036,68.2650983940285,93.99928176444028
3312,73.47,46.25,31,2,6037,68.27640805247681,94.00344544063121
5255,73.45,44.91,40,3,6038,68.28771771092514,94.00760798338638
4705,73.43,43.18,26,2,6039,68.29902736937345,94.01176939270582
8639,73.3,43.39,30,2,6040,68.31033702782176,94.01592343469295
6297,73.28,44.99,37,3,6041,68.32164668627007,94.02007634324434
2430,73.27,43.53,38,3,6042,68.33295634471838,94.02422868507786
7986,73.21,42.46,32,3,6043,68.34426600316671,94.02837762660415
6149,73.13,44.76,32,5,6044,68.35557566161502,94.03252203438748
6742,73.13,43.29,37,3,6045,68.36688532006333,94.03666644217083
9846,73.11999999999999,44.260000000000005,39,3,6046,68.37819497851166,94.0408102832363
5112,73.08,40.41,34,4,6047,68.38950463695997,94.04495185743029
4955,73.05,41.84,28,2,6048,68.40081429540828,94.04909173147068
4473,73.04,41.86,31,2,6049,68.4121239538566,94.05323103879319
2499,72.96,45.19,38,2,6050,68.4234336123049,94.05736581237274
4023,72.94,42.21,27,2,6051,68.43474327075322,94.06149945251654
9885,72.91,45.02,29,3,6052,68.44605292920154,94.06563139250673
10061,72.89,44.18,40,5,6053,68.45736258764985,94.06976219906119
7579,72.88,43.18,41,3,6054,68.46867224609817,94.07389243889777
9927,72.88,42.120000000000005,28,2,6055,68.47998190454648,94.07802267873436
5323,72.84,43.75,26,1,6056,68.49129156299479,94.08215065169946
9409,72.84,42.46,30,3,6057,68.50260122144311,94.08627862466459
3270,72.83,43.38,35,4,6058,68.51391087989143,94.09040603091184
6925,72.82,43.15,34,3,6059,68.52522053833974,94.0945328704412
1433,72.77,42.21,32,2,6060,68.53653019678806,94.09865687638123
2554,72.76,42.16,33,3,6061,68.54783985523638,94.10278031560337
2003,72.74,44.26,38,3,6062,68.55914951368469,94.10690262138978
2776,72.73,41.7,37,6,6063,68.570459172133,94.11102436045832
2255,72.68,44.48,34,4,6064,68.58176883058131,94.1151432659375
9852,72.63,46.44,38,4,6065,68.59307848902964,94.11925933782733
6314,72.6,41.47,25,2,6066,68.60438814747795,94.12337370956358
9303,72.55,45.41,33,3,6067,68.61569780592626,94.12748524771045
7199,72.54,41.24,35,4,6068,68.62700746437457,94.13159621913947
10120,72.54,43.95,42,4,6069,68.63831712282288,94.13570719056847
9780,72.50999999999999,43.019999999999996,48,5,6070,68.6496267812712,94.13981646184388
7620,72.41,42.45,37,2,6071,68.66093643971952,94.14392006594056
6238,72.41,41.730000000000004,37,3,6072,68.67224609816783,94.14802367003726
8104,72.36,41.92,32,3,6073,68.68355575661616,94.15212444054461
116,72.36,44.35,39,2,6074,68.69486541506447,94.15622521105198
3631,72.32000000000001,42.4,32,2,6075,68.70617507351278,94.16032371468785
2160,72.32,43.06,31,3,6076,68.7174847319611,94.16442221832372
8686,72.28,45.88,33,2,6077,68.7287943904094,94.16851845508812
10248,72.27,43.87,33,4,6078,68.74010404885772,94.17261412513463
10072,72.24,42.620000000000005,41,2,6079,68.75141370730604,94.17670809502754
5361,72.19,42.370000000000005,37,3,6080,68.76272336575435,94.1807992313311
797,72.18,43.48,32,2,6081,68.77403302420268,94.18488980091678
5338,72.14,40.44,34,3,6082,68.78534268265099,94.18897810363099
4442,72.13,41.78,34,2,6083,68.79665234109929,94.19306583962732
1122,72.12,40.510000000000005,34,3,6084,68.80796199954762,94.1971530089058
6115,72.09,44.26,26,3,6085,68.81927165799593,94.20123847803066
9654,72.08,43.82,32,1,6086,68.83058131644424,94.20532338043766
1238,72.06,45.0,31,1,6087,68.84189097489256,94.2094071494089
4591,72.05,43.63,34,3,6088,68.85320063334088,94.21349035166229
8712,71.99,44.4,47,3,6089,68.86451029178919,94.21757015360845
2005,71.96000000000001,43.08,37,2,6090,68.8758199502375,94.22164825540099
6320,71.95,42.84,40,3,6091,68.88712960868581,94.22572579047566
3450,71.93,44.14,36,2,6092,68.89843926713414,94.2298021921146
6996,71.92999999999999,42.42,36,3,6093,68.90974892558245,94.23387859375354
7154,71.92,42.02,35,3,6094,68.92105858403076,94.2379544286746
8530,71.91,42.68,33,3,6095,68.93236824247909,94.2420296968778
9907,71.9,43.129999999999995,38,2,6096,68.9436779009274,94.24610439836312
4458,71.89,41.42,34,2,6097,68.9549875593757,94.25017853313057
4825,71.8,43.41,37,4,6098,68.96629721782402,94.2542475674372
6224,71.69,42.49,32,3,6099,68.97760687627233,94.25831036784726
2471,71.68,43.97,39,3,6100,68.98891653472066,94.26237260153944
9145,71.68,41.81,40,3,6101,69.00022619316897,94.26643483523162
7583,71.68,45.58,32,3,6102,69.01153585161728,94.27049706892382
9195,71.64,41.84,40,3,6103,69.0228455100656,94.27455703574452
3184,71.62,44.099999999999994,23,1,6104,69.0341551685139,94.2786158691295
4457,71.58,44.13,41,6,6105,69.04546482696222,94.282672435643
1905,71.54,41.32,30,2,6106,69.05677448541054,94.286726735285
1908,71.53999999999999,41.2,41,3,6107,69.06808414385885,94.29078103492701
2933,71.5,40.79,40,4,6108,69.07939380230717,94.29483306769754
5545,71.49,44.29,40,3,6109,69.09070346075549,94.2988845337502
8674,71.47,42.36,37,3,6110,69.1020131192038,94.30293486636711
4991,71.44,44.83,30,2,6111,69.11332277765212,94.30698349883042
5806,71.42999999999999,43.93,27,2,6112,69.12463243610043,94.31103156457586
7996,71.4,44.57,31,3,6113,69.13594209454874,94.31507793016767
1589,71.37,40.91,33,2,6114,69.14725175299706,94.3191225956059
8190,71.34,43.2,34,4,6115,69.15856141144538,94.32316556089052
2920,71.34,42.06,37,2,6116,69.16987106989369,94.32720852617513
7144,71.32000000000001,42.44,26,4,6117,69.18118072834201,94.331250358024
9474,71.31,41.43,30,1,6118,69.19249038679031,94.335291623155
10198,71.24,42.62,38,5,6119,69.20380004523864,94.33932892126091
7507,71.16,42.980000000000004,40,4,6120,69.21510970368695,94.34336168562386
7838,71.16,43.57,39,3,6121,69.22641936213526,94.3473944499868
604,71.15,43.12,30,5,6122,69.23772902058359,94.35142664763188
302,71.13,40.54,41,5,6123,69.2490386790319,94.35545771184121
2087,71.12,41.97,30,2,6124,69.26034833748021,94.35948820933268
7566,71.12,44.25,30,2,6125,69.27165799592852,94.36351870682415
5784,71.09,41.21,35,2,6126,69.28296765437683,94.36754750416202
10079,71.08,41.98,38,2,6127,69.29427731282514,94.37157573478201
7677,71.03,42.57,28,2,6128,69.30558697127347,94.37560113181264
5818,71.01,44.28,30,3,6129,69.31689662972178,94.37962539540756
7504,70.97,42.86,35,3,6130,69.32820628817011,94.38364739213097
1892,70.96,42.94,33,2,6131,69.33951594661842,94.38766882213652
1920,70.92999999999999,43.31,38,3,6132,69.35082560506672,94.39168855198845
4886,70.89,41.2,26,2,6133,69.36213526351504,94.39570601496891
9293,70.89,43.42,40,3,6134,69.37344492196335,94.39972347794937
6636,70.88,42.05,39,3,6135,69.38475458041167,94.40374037421194
10055,70.85,44.93,42,3,6136,69.39606423885999,94.40775557032092
2526,70.85,41.76,27,2,6137,69.4073738973083,94.4117707664299
9686,70.83,44.08,34,3,6138,69.41868355575662,94.41578482910315
6658,70.82,45.34,30,3,6139,69.42999321420493,94.41979832505852
4509,70.82,43.03,39,2,6140,69.44130287265324,94.42381182101389
603,70.81,40.97,34,3,6141,69.45261253110156,94.4278247502514
3886,70.75,42.43,34,2,6142,69.46392218954988,94.43183427918167
8177,70.75,40.4,31,4,6143,69.47523184799819,94.43584380811195
7032,70.68,40.97,29,5,6144,69.48654150644651,94.43984937001714
913,70.68,41.53,36,3,6145,69.49785116489483,94.44385493192232
611,70.64,42.629999999999995,38,3,6146,69.50916082334314,94.44785822695603
9563,70.63,40.36,37,3,6147,69.52047048179145,94.45186095527185
9500,70.6,40.39,32,2,6148,69.53178014023976,94.45586198343409
4822,70.59,42.480000000000004,36,4,6149,69.54308979868809,94.45986244487845
1934,70.55,40.83,35,4,6150,69.5543994571364,94.46386063945134
9947,70.5,43.65,35,2,6151,69.56570911558471,94.46785600043486
954,70.48,41.33,39,3,6152,69.57701877403302,94.47185022798264
5754,70.47,42.6,30,4,6153,69.58832843248133,94.47584388881258
2629,70.47,41.89,32,2,6154,69.59963809092964,94.47983754964248
3004,70.44,39.25,27,3,6155,69.61094774937797,94.48382951031878
3804,70.39999999999999,41.95,26,1,6156,69.62225740782628,94.48781920412361
6654,70.34,40.67,31,3,6157,69.6335670662746,94.49180549762123
6870,70.34,42.77,40,5,6158,69.64487672472292,94.49579179111885
6492,70.28,40.72,31,2,6159,69.65618638317123,94.49977468430923
8066,70.24,41.57,33,2,6160,69.66749604161954,94.50375531062814
5042,70.22,39.43,30,2,6161,69.67880570006785,94.5077348035113
3478,70.16,41.489999999999995,36,4,6162,69.69011535851617,94.51171089608724
7983,70.1,41.300000000000004,40,3,6163,69.70142501696449,94.51568358835598
7286,70.07,42.01,33,2,6164,69.7127346754128,94.5196545804711
794,70.06,39.83,33,4,6165,69.72404433386112,94.52362500586835
8271,70.01,42.39,33,2,6166,69.73535399230943,94.52759259767626
6466,70.00999999999999,40.23,26,3,6167,69.74666365075774,94.53156018948415
9294,70.0,43.05,36,3,6168,69.75797330920606,94.53552721457417
8334,69.94,39.54,40,3,6169,69.76928296765438,94.53949083935699
7456,69.92999999999999,40.78,31,5,6170,69.78059262610269,94.54345389742191
7318,69.92,40.04,35,3,6171,69.79190228455101,94.54741638876898
2154,69.88,40.91,32,3,6172,69.80321194299933,94.55137661324457
6702,69.87,41.0,31,5,6173,69.81452160144764,94.55533627100229
6826,69.83,41.85,32,2,6174,69.82583125989595,94.55929366188853
5748,69.83,40.089999999999996,30,3,6175,69.83714091834426,94.56325105277477
6718,69.81,42.0,29,2,6176,69.84845057679257,94.56720731022527
9024,69.81,41.31,50,4,6177,69.8597602352409,94.57116356767578
3064,69.81,43.16,33,2,6178,69.87106989368921,94.57511982512628
7441,69.76,40.49,43,4,6179,69.88237955213754,94.57907324898743
5277,69.74,41.68,29,2,6180,69.89368921058585,94.58302553941283
5051,69.7,42.9,45,2,6181,69.90499886903415,94.58697556296676
3105,69.69,43.84,40,4,6182,69.91630852748247,94.59092501980282
349,69.68,43.5,36,6,6183,69.92761818593078,94.59487390992099
9376,69.67,40.6,25,3,6184,69.9389278443791,94.59882223332131
2043,69.64,41.04,34,4,6185,69.95023750282742,94.60276885656802
6481,69.63,40.75,36,3,6186,69.96154716127573,94.60671491309685
1849,69.63,40.58,38,3,6187,69.97285681972404,94.61066096962568
2606,69.6,40.82,32,2,6188,69.98416647817236,94.61460532600091
4346,69.55,39.45,27,2,6189,69.99547613662067,94.61854684878679
193,69.54,41.74,41,3,6190,70.00678579506899,94.6224878048548
7217,69.54,41.04,31,3,6191,70.0180954535173,94.6264287609228
1859,69.53999999999999,43.85,39,2,6192,70.02940511196562,94.63036971699083
9137,69.43,41.71,33,2,6193,70.04071477041394,94.63430443916225
5729,69.42,42.19,30,3,6194,70.05202442886225,94.63823859461581
6577,69.39,40.54,41,4,6195,70.06333408731055,94.64217104991577
7033,69.39,42.32,38,3,6196,70.07464374575888,94.64610350521573
594,69.38,41.489999999999995,45,4,6197,70.08595340420719,94.65003539379781
8701,69.37,40.7,33,3,6198,70.09726306265551,94.65396671566204
9902,69.36,41.01,35,2,6199,70.10857272110383,94.65789747080838
7953,69.35,41.24,31,3,6200,70.11988237955214,94.66182765923686
7046,69.34,43.47,35,2,6201,70.13119203800045,94.66575728094749
9138,69.34,43.96,23,1,6202,70.14250169644876,94.66968690265809
2360,69.34,38.04,35,2,6203,70.15381135489707,94.67361652436871
9684,69.25,38.9,32,2,6204,70.1651210133454,94.67754104561848
5845,69.15,40.86,26,2,6205,70.17643067179371,94.68145989968956
5010,69.04,41.89,33,2,6206,70.18774033024204,94.68537251986406
7123,69.01,39.92,31,2,6207,70.19904998869035,94.68928343988496
7164,68.99,42.11,41,2,6208,70.21035964713866,94.69319322647011
3841,68.92999999999999,41.7,34,2,6209,70.22166930558697,94.69709961274806
7659,68.82,39.97,30,3,6210,70.23297896403528,94.70099976512944
14,68.79,43.03,41,5,6211,70.2442886224836,94.7048982173572
1082,68.78,42.17,37,3,6212,70.25559828093192,94.70879610286708
4533,68.75,41.17,30,2,6213,70.26690793938023,94.71269228822335
1246,68.74,41.66,35,3,6214,70.27821759782854,94.71658790686176
2501,68.73,40.71,36,4,6215,70.28952725627687,94.7204829587823
9949,68.7,38.56,35,3,6216,70.30083691472517,94.72437631054923
4984,68.62,41.96,28,2,6217,70.3121465731735,94.7282651285732
9628,68.61,39.76,27,2,6218,70.3234562316218,94.7321533798793
3044,68.59,42.26,30,2,6219,70.33476589007012,94.73604049774966
5373,68.57000000000001,43.47,37,3,6220,70.34607554851844,94.73992648218429
1978,68.56,42.16,42,3,6221,70.35738520696675,94.74381189990103
1988,68.52,41.94,30,4,6222,70.36869486541507,94.7476950507463
5914,68.49,39.8,34,2,6223,70.38000452386338,94.75157650143797
9314,68.49,41.22,36,4,6224,70.39131418231169,94.75545795212962
5911,68.46000000000001,42.53,42,2,6225,70.40262384076,94.75933770266766
4305,68.46,40.31,40,3,6226,70.41393349920833,94.76321745320571
641,68.42999999999999,39.82,33,2,6227,70.42524315765664,94.76709550359016
2406,68.4,39.93,35,4,6228,70.43655281610496,94.77097185382097
6985,68.4,42.14,35,3,6229,70.44786247455328,94.77484820405179
1951,68.37,38.35,36,2,6230,70.45917213300157,94.77872285412901
2978,68.36,40.08,31,2,6231,70.4704817914499,94.78259693748836
9093,68.34,40.81,35,3,6232,70.48179144989821,94.78646988741198
1129,68.31,41.39,36,4,6233,70.49310110834652,94.79034113718198
8075,68.26,40.730000000000004,31,2,6234,70.50441076679485,94.79420955336263
509,68.25,39.53,30,2,6235,70.51572042524316,94.79807740282541
2784,68.25,41.52,37,4,6236,70.52703008369147,94.80194525228818
7397,68.25,42.31,31,2,6237,70.53833974213978,94.80581310175096
8809,68.23,37.57,34,2,6238,70.5496494005881,94.80967981777799
476,68.18,39.46,24,3,6239,70.56095905903642,94.81354370021569
6024,68.17999999999999,40.01,28,2,6240,70.57226871748473,94.81740758265337
6205,68.14,40.96,35,2,6241,70.58357837593304,94.82126919821957
2073,68.09,42.33,27,2,6242,70.59488803438137,94.82512798019643
3369,68.05,40.1,29,3,6243,70.60619769282968,94.82898449530181
4361,68.05,39.72,36,3,6244,70.617507351278,94.8328410104072
5037,68.04,40.91,40,2,6245,70.6288170097263,94.8366969587947
3794,68.02,40.39,30,3,6246,70.64012666817462,94.84055177374645
1317,68.02,40.97,30,3,6247,70.65143632662294,94.84440658869823
1348,67.97,41.23,40,3,6248,70.66274598507125,94.84825857006065
7814,67.97,39.0,28,2,6249,70.67405564351957,94.85211055142307
2612,67.95,44.52,32,2,6250,70.68536530196788,94.85596139934974
7017,67.85000000000001,40.25,27,4,6251,70.69667496041619,94.85980658009773
3600,67.84,40.81,41,5,6252,70.7079846188645,94.86365119412784
9434,67.8,41.93,34,3,6253,70.71929427731283,94.86749354128646
1316,67.75,42.8,26,4,6254,70.73060393576114,94.87133305485574
8409,67.75,40.79,35,4,6255,70.74191359420946,94.87517256842503
3094,67.74,40.980000000000004,26,3,6256,70.75322325265778,94.87901151527642
7477,67.72,39.64,27,2,6257,70.76453291110609,94.8828493286921
2917,67.69,39.46,43,5,6258,70.7758425695544,94.88668544195414
731,67.63,42.39,29,2,6259,70.78715222800271,94.89051815490897
3159,67.61,40.28,36,3,6260,70.79846188645102,94.89434973442809
2892,67.5,40.26,31,2,6261,70.80977154489935,94.8981750800506
1662,67.47,40.87,34,2,6262,70.82108120334766,94.90199872551952
5532,67.47,40.599999999999994,35,3,6263,70.83239086179597,94.90582237098843
8014,67.45,42.82,32,3,6264,70.84370052024428,94.90964488302161
2857,67.4,41.79,33,2,6265,70.8550101786926,94.91346456146543
9233,67.36,38.42,30,3,6266,70.86631983714092,94.91728197303779
9133,67.34,40.44,37,3,6267,70.87762949558923,94.9210982511744
8347,67.33,40.5,28,2,6268,70.88893915403754,94.92491396259314
5190,67.32,40.9,29,2,6269,70.90024881248587,94.92872910729402
2133,67.31,38.78,33,3,6270,70.91155847093418,94.93254368527701
2772,67.25,38.74,28,2,6271,70.9228681293825,94.93635486295278
9230,67.23,41.26,46,4,6272,70.9341777878308,94.94016490719282
8876,67.21000000000001,42.15,24,2,6273,70.94548744627912,94.94397381799712
1190,67.19,39.33,40,2,6274,70.95679710472744,94.94778159536568
5115,67.14,39.84,25,4,6275,70.96810676317575,94.95158653914487
4139,67.11,39.29,31,2,6276,70.97941642162407,94.95538978277048
7525,67.10000000000001,40.58,31,3,6277,70.99072608007239,94.9591924596782
5200,67.07000000000001,38.95,34,4,6278,71.0020357385207,94.96299343643233
544,67.07,40.38,29,3,6279,71.013345396969,94.96679441318645
10171,67.06,40.38,35,3,6280,71.02465505541733,94.97059482322271
8499,67.01,38.9,30,3,6281,71.03596471386564,94.97439239966961
5015,66.97,37.89,24,3,6282,71.04727437231395,94.97818770924502
2885,66.95,40.67,33,2,6283,71.05858403076228,94.9819818853847
8218,66.91,41.52,37,3,6284,71.06989368921059,94.98577379465289
5177,66.9,41.24,39,4,6285,71.0812033476589,94.9895651372032
839,66.88000000000001,40.31,33,3,6286,71.09251300610721,94.99335534631778
2318,66.88,40.7,41,3,6287,71.10382266455552,94.99714555543237
9468,66.87,40.2,37,4,6288,71.11513232300385,95.0009351978291
6377,66.82,37.24,34,4,6289,71.12644198145216,95.00472200663647
396,66.78999999999999,38.01,26,2,6290,71.13775163990047,95.00850711529021
4654,66.78,39.23,31,2,6291,71.1490612983488,95.01229165722611
5583,66.76,40.89,40,3,6292,71.16037095679711,95.01607506572626
10266,66.69,39.57,33,2,6293,71.17168061524542,95.0198545072013
8425,66.65,41.49,32,2,6294,71.18299027369373,95.02363168180487
6507,66.64,39.63,31,5,6295,71.19429993214204,95.02740828969058
9799,66.63,40.54,35,2,6296,71.20560959059037,95.03118433085841
8757,66.6,39.67,32,4,6297,71.21691924903868,95.03495867187264
3040,66.58,38.93,28,2,6298,71.228228907487,95.03873187945113
3073,66.58,39.26,24,2,6299,71.2395385659353,95.04250508702962
5930,66.57,38.82,26,2,6300,71.25084822438362,95.04627772789024
7175,66.51,38.74,32,2,6301,71.26215788283193,95.05004696844365
6054,66.51,42.42,30,1,6302,71.27346754128025,95.05381620899705
3790,66.47,39.48,34,3,6303,71.28477719972857,95.05758318267897
10244,66.46000000000001,37.75,33,2,6304,71.29608685817689,95.061349589643
9052,66.46,39.54,36,3,6305,71.3073965166252,95.06511599660705
9104,66.37,41.91,21,1,6306,71.31870617507352,95.06887730311027
7987,66.34,40.17,21,2,6307,71.33001583352183,95.07263690945989
4585,66.33,39.519999999999996,32,2,6308,71.34132549197014,95.07639594909162
3048,66.25,38.79,31,3,6309,71.35263515041845,95.0801504549804
9335,66.16,38.8,35,4,6310,71.36394480886678,95.08389986040834
443,66.13,40.09,31,3,6311,71.37525446731509,95.08764756568267
5326,66.11,39.48,31,3,6312,71.3865641257634,95.09139413752128
8992,66.08,38.67,36,2,6313,71.39787378421173,95.09513900920626
4376,66.06,39.8,40,3,6314,71.40918344266002,95.09888274745552
8549,66.02,39.55,37,3,6315,71.42049310110835,95.10262421883328
7684,66.02,39.8,38,4,6316,71.43180275955666,95.10636569021105
9497,66.01,39.67,29,2,6317,71.44311241800497,95.11010659487094
2180,65.98,39.1,31,4,6318,71.4544220764533,95.11384579937723
32,65.94,40.2,30,2,6319,71.46573173490161,95.11758273701204
3309,65.92,39.33,33,2,6320,71.47704139334992,95.1213185412111
9661,65.91,37.75,24,1,6321,71.48835105179823,95.12505377869229
7670,65.87,38.6,30,4,6322,71.49966071024654,95.12878674930201
4883,65.83,41.41,32,2,6323,71.51097036869487,95.13251745304025
6787,65.81,39.129999999999995,36,3,6324,71.52228002714318,95.13624702334276
7177,65.79,37.92,28,2,6325,71.5335896855915,95.13997546020951
5074,65.7,37.97,36,3,6326,71.54489934403982,95.14369879661544
9618,65.69,39.14,29,4,6327,71.55620900248813,95.14742156630349
7233,65.68,38.89,35,5,6328,71.56751866093643,95.15114376927367
2936,65.67,39.6,28,3,6329,71.57882831938475,95.15486540552598
8451,65.67,38.54,29,4,6330,71.59013797783307,95.1585870417783
9418,65.66,37.69,25,4,6331,71.60144763628138,95.16230811131274
7648,65.62,38.230000000000004,32,2,6332,71.6127572947297,95.16602691397571
5892,65.57,40.58,33,3,6333,71.62406695317802,95.16974288304934
2799,65.55,40.5,32,2,6334,71.63537661162633,95.17345771868722
9933,65.52,40.09,29,4,6335,71.64668627007464,95.17717085417148
6680,65.52,41.17,29,1,6336,71.65799592852295,95.18088398965574
1570,65.52,41.14,31,4,6337,71.66930558697128,95.18459712514002
5745,65.5,37.879999999999995,32,2,6338,71.68061524541959,95.18830912718855
8744,65.5,36.7,32,3,6339,71.6919249038679,95.19202112923708
8267,65.49,36.66,33,3,6340,71.70323456231623,95.19573256456772
646,65.47,37.8,31,2,6341,71.71454422076454,95.19944286646263
6252,65.46000000000001,39.43,34,4,6342,71.72585387921285,95.20315260163969
2576,65.44,38.43,30,3,6343,71.73716353766116,95.20686120338098
1600,65.41,39.04,32,2,6344,71.74847319610947,95.21056810496867
5240,65.35,38.64,30,3,6345,71.7597828545578,95.21427160624916
6972,65.3,39.96,33,2,6346,71.77109251300611,95.21797227394029
2642,65.28,37.69,28,2,6347,71.78240217145442,95.22167180819568
2837,65.28,39.6,28,2,6348,71.79371182990273,95.22537134245106
3211,65.25,40.230000000000004,26,3,6349,71.80502148835104,95.22906917655284
653,65.23,38.44,27,3,6350,71.81633114679936,95.23276587721887
693,65.23,38.8,24,1,6351,71.82764080524768,95.23646257788491
3557,65.23,40.15,30,3,6352,71.838950463696,95.24015927855093
6759,65.19,40.37,30,7,6353,71.85026012214432,95.2438537123455
10100,65.18,35.7,30,3,6354,71.86156978059263,95.24754757942218
1069,65.12,37.45,27,4,6355,71.87287943904094,95.25123804619166
4481,65.08,38.39,37,4,6356,71.88418909748926,95.25492624608964
1931,65.06,37.21,37,4,6357,71.89549875593757,95.25861331255189
4638,65.04,36.55,27,1,6358,71.90680841438588,95.26229924557839
6642,64.98,38.75,27,3,6359,71.9181180728342,95.26598177829769
8342,64.96,39.5,26,1,6360,71.92942773128252,95.26966317758124
9479,64.87,39.81,30,2,6361,71.94073738973084,95.27333947640395
387,64.85,39.21,29,6,6362,71.95204704817914,95.27701464179094
7330,64.84,40.93,32,2,6363,71.96335670662745,95.28068924046005
8918,64.83,38.68,25,2,6364,71.97466636507578,95.28436327241128
8888,64.81,35.519999999999996,31,3,6365,71.98597602352409,95.28803617092679
10043,64.78,39.25,30,8,6366,71.9972856819724,95.29170736928867
7198,64.74,39.1,33,3,6367,72.00859534042073,95.29537630077908
698,64.72,38.67,34,2,6368,72.01990499886904,95.29904409883375
6547,64.67,40.83,41,4,6369,72.03121465731735,95.30270906329905
8565,64.66,38.1,30,4,6370,72.04252431576566,95.3063734610465
5269,64.65,38.87,35,2,6371,72.05383397421397,95.31003729207606
5362,64.63,38.62,35,3,6372,72.0651436326623,95.3136999896699
1608,64.62,41.339999999999996,34,3,6373,72.07645329111061,95.31736212054587
10236,64.61,37.94,43,2,6374,72.08776294955892,95.32102368470396
9034,64.6,39.2,35,2,6375,72.09907260800725,95.3246846821442
6412,64.56,38.31,28,2,6376,72.11038226645556,95.32834341271294
10037,64.5,39.85,38,3,6377,72.12169192490386,95.33199874297448
5683,64.5,40.8,27,3,6378,72.13300158335218,95.335654073236
7658,64.5,40.99,31,3,6379,72.1443112418005,95.33930940349752
9560,64.45,40.07,33,4,6380,72.15562090024882,95.3429619001697
7777,64.38,39.019999999999996,31,4,6381,72.16693055869713,95.34661042981678
2095,64.37,38.01,28,5,6382,72.17824021714544,95.350258392746
9044,64.34,37.9,27,3,6383,72.18954987559376,95.35390465552162
6873,64.29,38.86,33,2,6384,72.20085953404207,95.35754808470787
5561,64.26,38.129999999999995,33,3,6385,72.21216919249038,95.36118981374052
2615,64.26,38.6,37,2,6386,72.2234788509387,95.36483154277316
9288,64.19,38.7,36,2,6387,72.23478850938702,95.36846930478072
6078,64.11,38.2,32,3,6388,72.24609816783533,95.37210253304532
2172,64.03,38.19,30,2,6389,72.25740782628365,95.37573122756696
1755,64.02,38.01,30,3,6390,72.26871748473197,95.37935935537072
4057,64.0,36.83,31,3,6391,72.28002714318028,95.38298634973876
6928,63.980000000000004,38.71,33,2,6392,72.29133680162859,95.38661221067105
9690,63.97,37.14,36,2,6393,72.3026464600769,95.39023750488545
4772,63.92,37.14,31,5,6394,72.31395611852523,95.3938599655105
1512,63.9,39.51,41,4,6395,72.32526577697354,95.39748129269982
9280,63.839999999999996,37.84,33,2,6396,72.33657543542185,95.40109921958194
654,63.82,37.39,31,3,6397,72.34788509387016,95.4047160130283
5365,63.809999999999995,37.32,30,2,6398,72.35919475231847,95.40833223975682
8819,63.78,38.0,30,3,6399,72.37050441076678,95.4119467663317
3282,63.760000000000005,37.31,25,2,6400,72.38181406921511,95.41556015947084
4752,63.74,39.03,31,2,6401,72.39312372766342,95.41917241917425
8236,63.74,37.4,28,2,6402,72.40443338611175,95.42278467887766
8776,63.739999999999995,37.5,31,2,6403,72.41574304456006,95.42639693858106
7629,63.730000000000004,34.480000000000004,23,2,6404,72.42705270300837,95.4300086315666
8221,63.730000000000004,35.66,25,2,6405,72.43836236145668,95.43362032455212
6896,63.730000000000004,38.8,26,1,6406,72.449672019905,95.43723201753767
7846,63.64,36.75,26,2,6407,72.4609816783533,95.44083861006236
3193,63.59,36.74,28,2,6408,72.47229133680163,95.44444236899773
7482,63.51,38.41,31,2,6409,72.48360099524994,95.44804159419013
10054,63.43,37.11,37,3,6410,72.49491065369827,95.45163628563955
5868,63.43,36.74,29,2,6411,72.50622031214658,95.45523097708897
2428,63.4,36.65,25,2,6412,72.51752997059488,95.45882396838479
5864,63.37,38.92,25,2,6413,72.5288396290432,95.46241525952702
1974,63.36,37.22,34,5,6414,72.54014928749152,95.46600598395138
2572,63.34,36.79,34,3,6415,72.55145894593983,95.46959557493999
8552,63.3,37.04,32,3,6416,72.56276860438815,95.47318289905712
6963,63.24,38.3,36,2,6417,72.57407826283647,95.47676682286702
8766,63.22,36.6,28,2,6418,72.58538792128478,95.48034961324119
2600,63.13,38.589999999999996,37,3,6419,72.59669757973309,95.48392730315452
1191,63.129999999999995,37.059999999999995,30,3,6420,72.6080072381814,95.48750499306784
5062,63.120000000000005,35.660000000000004,36,3,6421,72.61931689662973,95.49108211626331
5570,63.12,36.839999999999996,27,4,6422,72.63062655507804,95.49465923945878
3063,63.1,36.83,27,2,6423,72.64193621352635,95.49823522921852
9205,63.1,35.34,28,2,6424,72.65324587197468,95.50181121897825
7873,63.08,35.37,30,2,6425,72.66455553042299,95.50538607530224
3843,63.06,35.49,26,1,6426,72.67586518887128,95.50895979819049
2344,63.06,39.14,32,3,6427,72.68717484731961,95.51253352107874
3054,63.03,37.39,28,4,6428,72.69848450576792,95.51610554381337
2236,63.03,38.04,32,4,6429,72.70979416421625,95.51967756654801
7329,63.02,37.51,26,4,6430,72.72110382266456,95.52324902256477
1541,62.97,35.37,34,2,6431,72.73241348111287,95.52681764499219
1212,62.94,37.23,28,3,6432,72.74372313956118,95.530384567266
9114,62.879999999999995,37.4,30,2,6433,72.7550327980095,95.53394808923257
692,62.86,36.89,29,3,6434,72.7663424564578,95.53751047776342
712,62.849999999999994,38.26,36,4,6435,72.77765211490613,95.5410722995764
1208,62.839999999999996,38.9,28,3,6436,72.78896177335444,95.5446335546715
9975,62.839999999999996,38.26,28,3,6437,72.80027143180276,95.54819480976661
3221,62.79,36.81,24,3,6438,72.81158109025108,95.55175323127239
4103,62.79,39.64,21,1,6439,72.8228907486994,95.55531165277814
70,62.77,39.16,27,2,6440,72.8342004071477,95.55886894084816
1482,62.739999999999995,38.74,32,2,6441,72.84551006559602,95.56242452876455
8786,62.71,37.56,40,2,6442,72.85681972404433,95.56597841652736
5950,62.66,36.29,27,3,6443,72.86812938249265,95.56952947070079
6389,62.65,40.36,26,3,6444,72.87943904094097,95.57307995815636
7553,62.58,38.16,25,2,6445,72.89074869938928,95.57662647858685
7819,62.44,35.61,29,2,6446,72.90205835783759,95.58016506496715
9446,62.44,37.629999999999995,33,3,6447,72.9133680162859,95.58370365134745
3042,62.410000000000004,39.65,27,2,6448,72.92467767473423,95.58724053757415
1010,62.41,39.18,32,2,6449,72.93598733318254,95.59077742380083
5119,62.39,38.63,26,1,6450,72.94729699163085,95.59431317659178
4352,62.37,36.81,32,3,6451,72.95860665007918,95.597847795947
9086,62.33,35.56,25,3,6452,72.96991630852749,95.60138014843075
2718,62.32,37.480000000000004,29,2,6453,72.9812259669758,95.60491193419661
8333,62.31,37.27,24,3,6454,72.99253562542411,95.60844315324462
10085,62.27,36.28,26,3,6455,73.00384528387242,95.61197210542113
5761,62.25,37.79,26,2,6456,73.01515494232073,95.61549992416191
3165,62.25,36.870000000000005,32,2,6457,73.02646460076906,95.61902774290269
5812,62.230000000000004,38.19,29,2,6458,73.03777425921737,95.62255442820772
979,62.23,37.16,31,3,6459,73.0490839176657,95.62608111351275
4665,62.19,36.81,38,4,6460,73.060393576114,95.62960553194631
1806,62.17,35.17,34,2,6461,73.0717032345623,95.63312881694411
2844,62.1,37.29,35,2,6462,73.08301289301063,95.63664813491684
4791,62.09,36.54,29,3,6463,73.09432255145894,95.6401668861717
7097,62.06,38.120000000000005,46,2,6464,73.10563220990726,95.64368393727295
3615,62.03,37.870000000000005,38,2,6465,73.11694186835558,95.64719928822059
83,61.980000000000004,36.84,36,3,6466,73.1282515268039,95.65071180557887
7027,61.93,36.31,26,2,6467,73.1395611852522,95.6542214893478
8566,61.92,37.97,34,2,6468,73.15087084370052,95.65773060639886
3069,61.92,37.61,27,2,6469,73.16218050214883,95.66123972344992
5438,61.91,36.6,29,3,6470,73.17349016059715,95.66474827378312
291,61.89,36.56,26,2,6471,73.18479981904547,95.66825569068055
7310,61.870000000000005,32.91,33,2,6472,73.19610947749378,95.67176197414227
1326,61.870000000000005,36.26,34,2,6473,73.2074191359421,95.675268257604
9688,61.83,36.83,31,3,6474,73.21872879439042,95.67877227419424
5495,61.81999999999999,36.66,33,2,6475,73.23003845283871,95.68227572406661
6451,61.78,37.63,37,2,6476,73.24134811128704,95.68577690706749
7874,61.74,38.93,23,3,6477,73.25265776973535,95.68927582319691
5817,61.74,37.85,26,1,6478,73.26396742818368,95.6927747393263
6857,61.74,36.84,30,2,6479,73.27527708663199,95.69627365545571
3944,61.66,38.08,32,3,6480,73.2865867450803,95.69976803784215
8980,61.6,37.15,29,2,6481,73.29789640352861,95.70325901992138
3151,61.59,37.129999999999995,21,2,6482,73.30920606197692,95.70674943528275
3891,61.589999999999996,38.07,31,1,6483,73.32051572042523,95.7102398506441
7442,61.58,37.160000000000004,29,2,6484,73.33182537887356,95.71372969928758
948,61.46,37.18,32,2,6485,73.34313503732187,95.71721274731664
8043,61.43,37.11,28,1,6486,73.35444469577018,95.72069409519206
8396,61.4,37.76,32,2,6487,73.36575435421851,95.72417374291389
3496,61.4,35.15,25,2,6488,73.37706401266682,95.72765339063571
8593,61.36,35.89,30,3,6489,73.38837367111513,95.73113077148605
5156,61.33,36.26,33,3,6490,73.39968332956344,95.73460645218279
3018,61.28,35.37,38,3,6491,73.41099298801176,95.73807929929018
4169,61.27,36.4,30,2,6492,73.42230264646008,95.7415515796797
7927,61.269999999999996,37.47,31,3,6493,73.4336123049084,95.74502386006921
6479,61.26,36.1,35,4,6494,73.4449219633567,95.74849557374085
6192,61.26,37.2,25,2,6495,73.45623162180502,95.7519672874125
3612,61.17,36.97,36,3,6496,73.46754128025333,95.75543390062332
6344,61.120000000000005,37.21,33,2,6497,73.47885093870165,95.75889768024479
3758,61.04,35.73,27,2,6498,73.49016059714997,95.76235692612329
5819,61.019999999999996,35.12,33,2,6499,73.50147025559828,95.76581503856606
102,61.01,36.04,35,2,6500,73.5127799140466,95.76927258429096
4227,61.0,34.16,35,2,6501,73.52408957249492,95.77272956329797
4725,60.87,38.25,29,2,6502,73.53539923094323,95.7761791749727
6198,60.81,37.36,27,3,6503,73.54670888939154,95.7796253863402
3844,60.790000000000006,36.88,41,4,6504,73.55801854783985,95.78307046427194
2226,60.78,37.25,34,3,6505,73.56932820628816,95.78651497548584
512,60.76,34.99,26,2,6506,73.58063786473649,95.78995835326398
3842,60.739999999999995,38.02,33,3,6507,73.5919475231848,95.79340059760638
5492,60.69,36.99,30,3,6508,73.60325718163313,95.79684000835944
2714,60.67,38.65,23,1,6509,73.61456684008144,95.80027828567674
888,60.66,36.56,28,3,6510,73.62587649852973,95.80371599627618
1333,60.65,36.550000000000004,31,3,6511,73.63718615697806,95.80715314015775
1881,60.62,36.75,35,4,6512,73.64849581542637,95.81058858388573
8764,60.61,36.75,27,2,6513,73.65980547387468,95.81402346089583
7772,60.59,36.64,35,4,6514,73.67111513232301,95.81745720447017
4672,60.56,37.46,25,1,6515,73.68242479077132,95.82088924789093
5711,60.559999999999995,39.28,24,1,6516,73.69373444921963,95.82432129131168
8823,60.480000000000004,35.97,28,2,6517,73.70504410766794,95.82774880098947
2560,60.45,35.08,28,3,6518,73.71635376611626,95.83117461051364
4901,60.410000000000004,35.01,33,4,6519,73.72766342456458,95.83459815316633
6302,60.41,36.88,28,3,6520,73.7389730830129,95.83802169581902
9704,60.39,34.93,34,2,6521,73.7502827414612,95.84144410503596
2217,60.38,36.36,26,3,6522,73.76159239990953,95.84486594753504
6176,60.36,36.019999999999996,27,1,6523,73.77290205835784,95.84828665659839
3006,60.36,35.120000000000005,27,2,6524,73.78421171680614,95.85170736566174
8408,60.35,36.42,32,3,6525,73.79552137525447,95.85512750800721
6341,60.32,35.76,30,3,6526,73.80683103370278,95.85854595019909
6941,60.22,35.690000000000005,25,3,6527,73.8181406921511,95.86195872521225
1113,60.2,34.43,29,2,6528,73.82945035059942,95.86537036678968
3332,60.18,34.21,19,1,6529,73.84076000904773,95.86878087493136
1960,60.18,37.65,24,2,6530,73.85206966749604,95.87219138307303
4203,60.17,39.07,26,2,6531,73.86337932594435,95.87560132449684
8941,60.06,37.07,32,3,6532,73.87468898439266,95.87900503202408
9388,60.03,35.41,25,2,6533,73.88599864284099,95.88240703939773
4848,60.03,36.62,39,3,6534,73.8973083012893,95.88580904677137
1644,60.02,33.97,30,2,6535,73.90861795973763,95.88921048742714
7284,59.980000000000004,34.75,32,2,6536,73.91992761818594,95.89260966121141
3456,59.97,37.76,30,2,6537,73.93123727663425,95.89600826827782
8135,59.97,32.92,31,2,6538,73.94254693508256,95.89940687534424
9582,59.949999999999996,36.21,36,3,6539,73.95385659353087,95.90280434897491
10107,59.910000000000004,34.35,32,4,6540,73.96516625197918,95.90619955573409
5554,59.88,36.519999999999996,28,2,6541,73.97647591042751,95.90959306233967
805,59.86,34.68,34,3,6542,73.98778556887582,95.91298543550953
7587,59.83,35.74,35,3,6543,73.99909522732413,95.91637610852577
9511,59.83,34.73,28,3,6544,74.01040488577245,95.91976678154201
7543,59.82,36.04,27,4,6545,74.02171454422076,95.92315688784036
6074,59.82,35.58,27,3,6546,74.03302420266908,95.92654699413873
559,59.79,37.45,33,1,6547,74.0443338611174,95.9299354002835
5573,59.78,33.5,26,2,6548,74.0556435195657,95.93332323971038
416,59.77,37.77,23,1,6549,74.06695317801403,95.9367105124194
256,59.72,37.36,23,1,6550,74.07826283646234,95.94009495153905
5424,59.64,34.4,21,1,6551,74.08957249491066,95.94347485691576
5649,59.6,35.51,26,4,6552,74.10088215335897,95.94685249542098
3912,59.6,37.08,25,2,6553,74.11219181180728,95.95023013392621
4411,59.57,35.48,23,3,6554,74.12350147025559,95.95360607227784
2387,59.480000000000004,35.22,32,4,6555,74.13481112870392,95.9569769101686
8352,59.44,36.4,32,2,6556,74.14612078715223,95.96034548118791
8186,59.43,34.370000000000005,27,2,6557,74.15743044560055,95.96371348548935
3999,59.400000000000006,34.57,28,3,6558,74.16874010404885,95.96707978963717
10219,59.38,35.54,29,3,6559,74.18004976249716,95.97044496034924
6533,59.379999999999995,36.73,32,3,6560,74.19135942094549,95.97381013106133
3474,59.309999999999995,35.6,26,3,6561,74.2026690793938,95.9771713347483
237,59.300000000000004,34.39,30,3,6562,74.21397873784211,95.98053197171744
7145,59.3,35.71,27,2,6563,74.22528839629044,95.98389260868657
3574,59.29,34.71,29,2,6564,74.23659805473875,95.98725267893784
572,59.28,35.57,30,3,6565,74.24790771318706,95.99061218247121
3416,59.24,33.94,35,4,6566,74.25921737163537,95.99396941913312
5454,59.22,36.37,24,3,6567,74.27052703008368,95.99732552235928
2956,59.21,34.64,32,2,6568,74.28183668853201,96.00068105886757
6508,59.18,34.96,37,3,6569,74.29314634698032,96.00403489522225
8339,59.18,36.31,28,2,6570,74.30445600542863,96.00738873157692
9215,59.14,37.14,23,2,6571,74.31576566387696,96.01074030106012
7395,59.14,35.63,27,2,6572,74.32707532232527,96.01409187054333
6784,59.11,34.2,24,3,6573,74.33838498077357,96.01744173987292
2946,59.09,35.29,34,4,6574,74.3496946392219,96.02079047576679
5061,59.02,35.73,27,2,6575,74.3610042976702,96.02413524463554
4934,59.019999999999996,33.41,25,2,6576,74.37231395611853,96.02748001350432
1613,58.989999999999995,36.67,20,2,6577,74.38362361456684,96.03082308221946
9879,58.989999999999995,35.91,30,3,6578,74.39493327301516,96.03416615093462
227,58.980000000000004,35.15,30,2,6579,74.40624293146347,96.0375086529319
8588,58.96,35.13,21,2,6580,74.41755258991178,96.04085002149344
8780,58.96,35.6,33,2,6581,74.42886224836009,96.04419139005499
4036,58.91,34.39,24,3,6582,74.44017190680842,96.04752992502718
4207,58.9,35.88,24,2,6583,74.45148156525673,96.0508678932815
3336,58.86,35.75,31,4,6584,74.46279122370505,96.05420359466434
7892,58.85,34.44,27,2,6585,74.47410088215337,96.05753872932932
6836,58.85,33.62,35,2,6586,74.48541054060168,96.0608738639943
5936,58.82,33.96,30,2,6587,74.49672019904999,96.06420729850566
3916,58.82,36.69,28,2,6588,74.5080298574983,96.06754073301703
407,58.78,34.28,33,2,6589,74.51933951594661,96.07087190065691
7984,58.78,36.55,27,2,6590,74.53064917439494,96.07420306829681
3279,58.69,35.02,30,3,6591,74.54195883284325,96.07752913547586
1483,58.68,34.980000000000004,23,3,6592,74.55326849129156,96.08085463593704
9163,58.67,33.63,28,2,6593,74.56457814973987,96.08417956968034
9503,58.65,32.86,26,3,6594,74.57588780818818,96.08750336998791
3996,58.65,34.93,25,3,6595,74.58719746663651,96.09082717029548
8302,58.59,37.16,32,3,6596,74.59850712508482,96.09414757029585
724,58.54,34.2,22,3,6597,74.60981678353313,96.09746513670684
2899,58.510000000000005,37.15,26,2,6598,74.62112644198146,96.10078100296424
5449,58.5,34.31,29,2,6599,74.63243610042977,96.10409630250376
1559,58.49,35.18,32,4,6600,74.64374575887808,96.10741103532541
6814,58.44,35.93,28,4,6601,74.6550554173264,96.11072293455773
10047,58.44,33.07,31,3,6602,74.6663650757747,96.11403483379001
7426,58.43,33.4,24,2,6603,74.67767473422303,96.11734616630446
6360,58.42,37.38,29,1,6604,74.68898439267134,96.12065693210101
9870,58.38,33.44,28,4,6605,74.70029405111966,96.12396543102608
519,58.36,37.1,32,2,6606,74.71160370956798,96.12727279651544
686,58.34,36.03,30,2,6607,74.7229133680163,96.13057902856904
5725,58.32,33.61,34,3,6608,74.73422302646459,96.1338841271869
9423,58.32,35.74,28,1,6609,74.74553268491292,96.13718922580478
2060,58.3,34.7,29,5,6610,74.75684234336123,96.1404931909869
3955,58.21,34.48,34,3,6611,74.76815200180954,96.1437920557082
1993,58.19,36.12,24,2,6612,74.77946166025787,96.14708978699375
8489,58.18,33.85,27,3,6613,74.79077131870618,96.15038695156143
7980,58.150000000000006,36.83,28,2,6614,74.80208097715449,96.1536824159755
7596,58.1,34.81,24,3,6615,74.8133906356028,96.15697504680021
3907,58.09,35.99,27,2,6616,74.82470029405111,96.16026711090709
1098,58.019999999999996,34.93,29,3,6617,74.83600995249944,96.16355520798885
6840,58.01,35.1,25,2,6618,74.84731961094775,96.16684273835274
289,57.98,35.699999999999996,36,3,6619,74.85862926939606,96.17012856856302
6472,57.97,34.760000000000005,25,2,6620,74.86993892784439,96.17341383205543
6068,57.97,35.6,35,2,6621,74.8812485862927,96.17669909554785
635,57.96,36.78,24,2,6622,74.89255824474101,96.17998379232239
10065,57.9,35.59,33,5,6623,74.90386790318932,96.18326508878971
4646,57.9,36.0,22,3,6624,74.91517756163763,96.18654638525702
482,57.89,35.379999999999995,25,3,6625,74.92648722008596,96.18982711500647
4484,57.84,34.15,25,2,6626,74.93779687853427,96.19310501116658
1031,57.84,33.06,25,3,6627,74.94910653698258,96.19638290732668
7602,57.8,34.64,29,2,6628,74.9604161954309,96.19965853661532
883,57.77,33.76,27,1,6629,74.9717258538792,96.20293246575032
9798,57.76,35.54,24,3,6630,74.98303551232752,96.20620582816747
2259,57.74,33.35,24,4,6631,74.99434517077584,96.20947805714889
9758,57.73,35.22,28,2,6632,75.00565482922416,96.2127497194124
9549,57.72,33.33,30,3,6633,75.01696448767248,96.21602081495807
5372,57.72,34.910000000000004,23,2,6634,75.0282741461208,96.21929191050373
9377,57.68,34.58,23,1,6635,75.0395838045691,96.22256073917791
2544,57.6,34.04,30,3,6636,75.05089346301742,96.22582503410914
1937,57.57,33.54,27,2,6637,75.06220312146573,96.22908762888676
2022,57.53,36.09,27,4,6638,75.07351277991404,96.23234795679288
560,57.52,34.85,34,2,6639,75.08482243836237,96.23560771798115
3782,57.49,34.2,28,2,6640,75.09613209681068,96.2388657790158
2281,57.44,37.25,29,3,6641,75.10744175525899,96.2421210064611
9055,57.43,34.47,30,2,6642,75.1187514137073,96.24537566718854
8280,57.43,32.02,28,2,6643,75.13006107215561,96.24863032791596
9038,57.43,33.089999999999996,28,2,6644,75.14137073060394,96.2518849886434
4331,57.410000000000004,33.64,29,2,6645,75.15268038905225,96.25513851593507
7865,57.38,34.17,31,5,6646,75.16399004750056,96.25839034307316
6512,57.33,35.62,34,2,6647,75.17529970594889,96.2616393366219
2120,57.32,33.96,33,2,6648,75.1866093643972,96.26488776345276
3831,57.32,34.42,23,2,6649,75.19791902284551,96.26813619028363
1189,57.3,34.97,24,2,6650,75.20922868129382,96.27138348367875
8560,57.29,37.67,25,2,6651,75.22053833974213,96.27463021035602
6839,57.29,35.35,33,3,6652,75.23184799819046,96.27787693703327
9142,57.29,33.79,26,1,6653,75.24315765663877,96.28112366371052
2931,57.28,37.41,37,2,6654,75.25446731508708,96.2843698236699
6430,57.17,36.65,27,3,6655,75.26577697353541,96.28760974973272
8127,57.16,33.3,30,2,6656,75.2770866319837,96.29084910907766
3343,57.15,35.31,26,1,6657,75.28839629043202,96.29408790170471
6865,57.15,33.74,22,3,6658,75.29970594888034,96.29732669433179
8997,57.15,33.99,32,2,6659,75.31101560732866,96.30056548695886
495,57.07,31.73,30,2,6660,75.32232526577697,96.30379974584298
7809,57.04,32.55,29,4,6661,75.3336349242253,96.30703230457348
186,57.01,34.28,38,5,6662,75.3449445826736,96.31026316315037
1291,56.94,36.58,30,2,6663,75.35625424112192,96.31349005470217
6441,56.92,32.83,21,2,6664,75.36756389957023,96.31671581281823
6599,56.89,33.02,26,5,6665,75.37887355801854,96.31993987078069
633,56.89,33.51,25,3,6666,75.39018321646687,96.32316392874313
10148,56.879999999999995,33.12,32,3,6667,75.40149287491518,96.3263874199877
7398,56.870000000000005,34.91,26,2,6668,75.41280253336349,96.32961034451442
7911,56.87,35.269999999999996,27,1,6669,75.42411219181182,96.33283326904115
437,56.72,34.28,28,2,6670,75.43542185026013,96.3360476927998
8877,56.7,32.92,21,2,6671,75.44673150870844,96.33926098312273
3228,56.67,31.869999999999997,27,3,6672,75.45804116715675,96.34247257329203
7428,56.66,32.519999999999996,30,2,6673,75.46935082560506,96.34568359674347
4406,56.65,34.42,30,4,6674,75.48066048405339,96.34889405347704
6436,56.64,36.03,20,2,6675,75.4919701425017,96.35210394349272
9701,56.620000000000005,32.22,25,3,6676,75.50327980095001,96.3553127000727
7285,56.6,34.31,23,1,6677,75.51458945939832,96.35852032321694
7718,56.59,34.92,22,4,6678,75.52589911784663,96.3617273796433
8871,56.59,34.33,26,3,6679,75.53720877629495,96.36493443606965
951,56.58,32.85,21,2,6680,75.54851843474327,96.36814092577814
6484,56.55,32.84,24,5,6681,75.55982809319158,96.371345715333
278,56.51,35.09,30,2,6682,75.57113775163991,96.3745482380164
2006,56.49,32.6,23,3,6683,75.58244741008822,96.37774962726405
3076,56.45,32.88,28,3,6684,75.59375706853653,96.38094874964023
5298,56.42,32.03,32,4,6685,75.60506672698484,96.38414617186278
415,56.42,34.01,41,4,6686,75.61637638543316,96.38734359408534
6066,56.35,33.69,24,2,6687,75.62768604388147,96.39053704928283
3591,56.34,32.47,29,3,6688,75.6389957023298,96.39372993776243
825,56.34,33.79,27,2,6689,75.6503053607781,96.39692282624203
2679,56.3,34.669999999999995,35,3,6690,75.66161501922643,96.40011344785016
7960,56.25,33.83,26,2,6691,75.67292467767473,96.40330123586894
8878,56.22,33.51,29,5,6692,75.68423433612304,96.4064873237341
1303,56.18,34.57,26,2,6693,75.69554399457137,96.40967114472777
1961,56.17,33.75,32,2,6694,75.70685365301968,96.41285439900358
9914,56.08,33.25,22,1,6695,75.71816331146799,96.41603255281856
8010,56.04,32.910000000000004,23,2,6696,75.72947296991632,96.41920843976207
8582,56.0,31.69,24,2,6697,75.74078262836463,96.4223820598341
8185,55.96,34.41,27,3,6698,75.75209228681294,96.42555341303463
1224,55.85,32.79,27,4,6699,75.76340194526125,96.4287185323386
7637,55.81,30.85,32,4,6700,75.77471160370956,96.43188138477112
9385,55.81,33.160000000000004,26,2,6701,75.78602126215789,96.4350442372036
7565,55.81,33.480000000000004,29,2,6702,75.7973309206062,96.4382070896361
1771,55.79,32.9,20,3,6703,75.80864057905451,96.44136880863286
5705,55.78,34.2,21,1,6704,75.81995023750284,96.44452996091174
605,55.76,35.07,21,2,6705,75.83125989595115,96.44768997975488
1204,55.76,33.370000000000005,23,2,6706,75.84256955439945,96.45084999859802
2036,55.69,35.39,25,1,6707,75.85387921284777,96.45400605041607
5811,55.67,33.12,25,3,6708,75.86518887129608,96.45716096879838
5075,55.67,31.869999999999997,32,3,6709,75.87649852974441,96.4603158871807
2609,55.629999999999995,32.49,27,3,6710,75.88780818819272,96.46346853869152
6077,55.62,32.31,34,4,6711,75.89911784664103,96.46662062348449
6403,55.58,32.17,29,4,6712,75.91042750508934,96.46977044140597
4993,55.56,32.019999999999996,17,2,6713,75.92173716353766,96.47291912589172
5788,55.53,30.54,29,2,6714,75.93304682198597,96.47606611022384
3079,55.51,33.07,24,2,6715,75.9443564804343,96.47921196112024
7531,55.5,32.120000000000005,30,3,6716,75.9556661388826,96.48235724529877
688,55.47,33.57,27,2,6717,75.96697579733092,96.48550082932368
9003,55.47,32.98,28,2,6718,75.97828545577924,96.4886444133486
4835,55.46,32.64,24,1,6719,75.98959511422755,96.49178743065563
5701,55.46,33.42,34,4,6720,76.00090477267587,96.49493044796267
1674,55.45,33.55,28,4,6721,76.01221443112418,96.49807289855184
6723,55.42,32.5,27,2,6722,76.02352408957249,96.50121364898739
7258,55.41,34.33,30,3,6723,76.03483374802082,96.50435383270508
5370,55.39,33.72,20,2,6724,76.04614340646913,96.50749288298704
6633,55.39,33.739999999999995,25,2,6725,76.05745306491744,96.51063193326898
8984,55.38,35.19,35,5,6726,76.06876272336575,96.51377041683305
62,55.379999999999995,32.58,24,4,6727,76.08007238181406,96.51690890039713
6202,55.36,33.93,27,2,6728,76.09138204026237,96.52004625052548
987,55.35,32.5,25,1,6729,76.1026916987107,96.52318303393595
3590,55.34,33.81,25,2,6730,76.11400135715901,96.52631925062856
3425,55.31,33.58,33,4,6731,76.12531101560734,96.52945376716757
546,55.29,33.82,33,2,6732,76.13662067405565,96.53258715027081
200,55.24,31.08,27,2,6733,76.14793033250396,96.53571769978471
1275,55.2,33.519999999999996,35,3,6734,76.15923999095227,96.53884598242713
9894,55.2,35.53,26,2,6735,76.17054964940058,96.54197426506956
10159,55.18,34.07,22,1,6736,76.1818593078489,96.54510141427623
1457,55.14,34.85,23,3,6737,76.19316896629722,96.54822629661143
9786,55.11,33.95,26,2,6738,76.20447862474553,96.55134947879303
2902,55.09,34.35,22,2,6739,76.21578828319386,96.5544715275389
6038,55.07,32.75,30,3,6740,76.22709794164216,96.557592442849
8542,55.05,30.95,29,3,6741,76.23840760009047,96.56071222472337
1950,55.05,34.85,35,2,6742,76.2497172585388,96.56383200659775
8869,55.05,32.94,31,2,6743,76.2610269169871,96.56695178847212
7555,55.01,32.480000000000004,27,3,6744,76.27233657543542,96.57006930347501
8250,55.01,32.19,27,3,6745,76.28364623388374,96.57318681847791
6830,55.01,32.77,33,4,6746,76.29495589233206,96.5763043334808
6740,54.980000000000004,32.98,27,2,6747,76.30626555078037,96.57942014833009
8371,54.98,32.29,21,1,6748,76.31757520922868,96.58253596317937
2685,54.95,30.59,26,2,6749,76.32888486767699,96.58565007787503
7518,54.95,33.43,23,1,6750,76.34019452612532,96.5887641925707
3525,54.949999999999996,32.76,30,2,6751,76.35150418457363,96.59187830726637
9859,54.92,32.44,25,2,6752,76.36281384302194,96.59499072180843
7741,54.81,32.96,25,2,6753,76.37412350147027,96.59809690245392
523,54.81,32.74,22,2,6754,76.38543315991856,96.60120308309942
5012,54.8,32.41,27,1,6755,76.39674281836687,96.60430869702704
7956,54.76,31.72,23,2,6756,76.4080524768152,96.60741204408319
185,54.73,33.0,22,1,6757,76.41936213526351,96.61051369098573
8101,54.72,32.29,27,2,6758,76.43067179371184,96.61361477117038
9428,54.66,33.42,24,2,6759,76.44198145216015,96.61671245104782
6415,54.580000000000005,32.53,27,2,6760,76.45329111060846,96.6198055971823
961,54.58,32.15,28,1,6761,76.46460076905677,96.62289874331678
1756,54.54,33.129999999999995,19,1,6762,76.47591042750508,96.6259896225798
3970,54.53,31.26,34,4,6763,76.4872200859534,96.62907993512493
6300,54.53,35.410000000000004,28,3,6764,76.49852974440172,96.63217024767006
7795,54.53,34.56,29,2,6765,76.50983940285003,96.6352605602152
1421,54.51,34.43,26,2,6766,76.52114906129835,96.6383497393246
3222,54.5,31.92,27,3,6767,76.53245871974667,96.64143835171612
5859,54.49,33.14,28,4,6768,76.54376837819498,96.64452639738977
8805,54.489999999999995,32.74,29,2,6769,76.5550780366433,96.64761444306342
4501,54.489999999999995,32.97,32,2,6770,76.5663876950916,96.65070248873707
4079,54.43,34.56,33,4,6771,76.57769735353992,96.65378713410348
3307,54.39,29.919999999999998,22,2,6772,76.58900701198824,96.65686951259845
8618,54.39,32.7,24,3,6773,76.60031667043656,96.65995189109339
5211,54.33,30.91,22,1,6774,76.61162632888487,96.66303086928112
7749,54.32,33.67,31,5,6775,76.62293598733318,96.66610928075099
7024,54.260000000000005,31.6,31,2,6776,76.63424564578149,96.66918429191362
2923,54.26,34.260000000000005,18,1,6777,76.64555530422982,96.67225930307627
1384,54.25,32.69,29,2,6778,76.65686496267813,96.67533374752104
8446,54.19,33.61,29,2,6779,76.66817462112644,96.6784047916586
8847,54.15,33.23,24,2,6780,76.67948427957477,96.68147356892466
6431,54.11,33.839999999999996,27,1,6781,76.69079393802308,96.68454007931926
3720,54.1,31.92,26,2,6782,76.70210359647139,96.687606022996
706,54.09,33.73,20,2,6783,76.7134132549197,96.69067139995484
4039,54.09,33.61,31,2,6784,76.72472291336801,96.6937367769137
7497,54.07,33.3,26,4,6785,76.73603257181632,96.69680102043681
5317,54.07,30.09,28,3,6786,76.74734223026465,96.69986526395992
8132,54.07,31.82,27,2,6787,76.75865188871296,96.70292950748303
6615,53.94,31.61,22,1,6788,76.76996154716129,96.70598638367383
4917,53.9,31.1,19,2,6789,76.78127120560958,96.70904099299315
10108,53.89,32.86,27,2,6790,76.7925808640579,96.7120950355946
7783,53.85,34.97,29,3,6791,76.80389052250622,96.71514681132459
3323,53.82,32.44,21,2,6792,76.81520018095453,96.71819688690094
7438,53.8,31.99,27,4,6793,76.82650983940285,96.72124582904156
1854,53.73,34.84,20,2,6794,76.83781949785117,96.72429080415709
9223,53.73,32.79,31,4,6795,76.84912915629948,96.72733577927262
1477,53.72,31.81,33,2,6796,76.8604388147478,96.73038018767029
8362,53.7,30.72,26,2,6797,76.8717484731961,96.7334234626322
3915,53.7,30.64,17,1,6798,76.88305813164442,96.73646673759413
7590,53.69,31.75,29,3,6799,76.89436779009274,96.73950944583818
2046,53.69,32.74,33,2,6800,76.90567744854106,96.74255215408223
6869,53.55,31.62,30,2,6801,76.91698710698937,96.7455869282761
3292,53.519999999999996,31.72,26,4,6802,76.9282967654377,96.74862000231637
225,53.44,32.69,31,1,6803,76.939606423886,96.75164854261367
9759,53.43,33.71,29,3,6804,76.9509160823343,96.75467651619309
3041,53.400000000000006,32.07,27,2,6805,76.96222574078263,96.7577027896189
2212,53.38,30.97,17,1,6806,76.97353539923094,96.76072792960898
5540,53.37,32.26,30,1,6807,76.98484505767927,96.76375250288119
451,53.37,29.89,27,2,6808,76.99615471612758,96.76677707615342
6903,53.35,31.509999999999998,22,2,6809,77.00746437457589,96.76980051598989
8783,53.32,32.25,30,2,6810,77.0187740330242,96.77282225567275
3276,53.29,31.22,28,2,6811,77.03008369147251,96.77584229520201
8572,53.24,32.11,22,3,6812,77.04139334992082,96.77885950114191
10268,53.230000000000004,32.83,23,2,6813,77.05270300836915,96.78187614036395
804,53.199999999999996,34.42,24,1,6814,77.06401266681746,96.78489107943237
7964,53.15,31.0,35,3,6815,77.07532232526577,96.78790318491143
7404,53.13,28.73,17,1,6816,77.0866319837141,96.79091415695476
4388,53.11,30.65,25,2,6817,77.09794164216241,96.79392399556235
2667,53.09,30.740000000000002,30,2,6818,77.10925130061072,96.7969327007342
7480,53.09,31.79,27,3,6819,77.12056095905903,96.79994140590607
5983,53.06,30.8,25,2,6820,77.13187061750735,96.8029484109243
2925,53.04,32.43,30,2,6821,77.14318027595567,96.80595428250682
10003,53.03,32.71,33,3,6822,77.15448993440398,96.80895958737145
1128,52.94,30.68,21,2,6823,77.1657995928523,96.81195979177524
3764,52.94,31.45,31,2,6824,77.1771092513006,96.81495999617904
2676,52.94,32.26,22,1,6825,77.18841890974892,96.81796020058285
9199,52.92,32.36,25,3,6826,77.19972856819724,96.8209592715509
1596,52.9,32.9,33,3,6827,77.21103822664556,96.8239572090832
1140,52.89,32.43,25,5,6828,77.22234788509387,96.82695457989766
98,52.74,33.37,23,2,6829,77.2336575435422,96.82994344994405
7533,52.72,31.689999999999998,26,2,6830,77.2449672019905,96.83293118655472
1067,52.68,31.04,35,2,6831,77.25627686043882,96.8359166562939
3475,52.63,32.25,30,2,6832,77.26758651888713,96.83889929244371
9171,52.61,31.83,20,1,6833,77.27889617733544,96.84188079515782
2309,52.6,31.21,32,2,6834,77.29020583578375,96.84486173115404
3715,52.58,33.15,29,2,6835,77.30151549423208,96.84784153371453
6487,52.54,29.38,23,3,6836,77.31282515268039,96.85081906940353
3687,52.5,30.25,25,2,6837,77.32413481112872,96.85379433822105
3439,52.49,32.74,25,3,6838,77.33544446957701,96.8567690403207
6241,52.47,30.65,22,1,6839,77.34675412802532,96.85974260898462
627,52.46,31.380000000000003,24,2,6840,77.35806378647365,96.86271561093065
4604,52.43,31.02,20,1,6841,77.36937344492196,96.86568691272308
9640,52.39,31.21,26,4,6842,77.38068310337027,96.86865594764402
3652,52.36,30.78,22,2,6843,77.3919927618186,96.87162328241136
7767,52.35,30.27,24,3,6844,77.40330242026691,96.87459005046085
5509,52.34,30.61,26,2,6845,77.41461207871522,96.87755625179246
8725,52.34,31.39,24,3,6846,77.42592173716353,96.88052245312406
9724,52.3,32.95,22,1,6847,77.43723139561185,96.88348638758418
9192,52.27,29.96,29,3,6848,77.44854105406017,96.8864486218907
8852,52.269999999999996,31.99,34,3,6849,77.45985071250848,96.88941085619722
842,52.230000000000004,31.83,30,2,6850,77.4711603709568,96.89237082363223
3751,52.23,32.01,25,3,6851,77.48247002940512,96.89533079106727
7961,52.17,29.67,23,3,6852,77.49377968785342,96.89828735819508
167,52.17,32.0,25,2,6853,77.50508934630173,96.90124392532287
9864,52.129999999999995,31.95,25,3,6854,77.51639900475006,96.90419822557921
809,52.120000000000005,31.61,23,2,6855,77.52770866319837,96.90715195911767
4830,52.11,30.59,29,3,6856,77.5390183216467,96.91010512593827
4519,52.11,32.54,27,1,6857,77.550327980095,96.91305829275888
2645,52.11,30.46,22,5,6858,77.56163763854332,96.91601145957947
6231,52.1,29.110000000000003,31,2,6859,77.57294729699163,96.9189640596822
996,52.04,32.26,24,3,6860,77.58425695543994,96.9219132594777
3885,52.0,31.87,28,2,6861,77.59556661388825,96.92486019240172
10014,51.93000000000001,30.18,21,1,6862,77.60687627233658,96.92780315830063
473,51.9,29.63,29,4,6863,77.61818593078489,96.93074442404595
2595,51.879999999999995,31.79,31,2,6864,77.62949558923322,96.93368455635553
5017,51.79,27.740000000000002,21,1,6865,77.64080524768153,96.93661958820428
4076,51.75,30.72,24,4,6866,77.65211490612984,96.93955235318155
1301,51.730000000000004,30.03,20,2,6867,77.66342456457815,96.94248398472308
9180,51.71,30.74,26,3,6868,77.67473422302646,96.94541448282888
4155,51.7,31.91,31,2,6869,77.68604388147477,96.94834441421679
6428,51.62,31.1,28,3,6870,77.6973535399231,96.95126981186176
9607,51.61,30.009999999999998,25,2,6871,77.70866319837141,96.95419464278886
5902,51.55,30.57,29,5,6872,77.71997285681972,96.95711607340873
9593,51.51,30.99,19,1,6873,77.73128251526803,96.96003523715711
3645,51.47,29.8,23,4,6874,77.74259217371635,96.96295213403403
7559,51.45,31.43,26,4,6875,77.75390183216467,96.9658678974752
10153,51.4,30.43,27,3,6876,77.76521149061298,96.96878082732702
9220,51.39,30.76,21,5,6877,77.7765211490613,96.97169319046097
7853,51.38,29.63,21,2,6878,77.78783080750962,96.97460498687704
1750,51.379999999999995,31.32,36,3,6879,77.79914046595793,96.97751678329311
8078,51.29,28.89,26,1,6880,77.81045012440624,96.98042347924836
3505,51.27,31.2,23,3,6881,77.82175978285456,96.98332904176787
6270,51.26,30.189999999999998,27,1,6882,77.83306944130287,96.98623403756952
10042,51.24,30.23,23,1,6883,77.84437909975118,96.98913789993541
925,51.2,31.57,26,2,6884,77.8556887581995,96.99203949542982
7698,51.19,28.67,25,4,6885,77.86699841664782,96.99494052420637
1691,51.160000000000004,31.21,21,1,6886,77.87830807509614,96.99783985282932
8484,51.16,30.97,26,3,6887,77.88961773354444,97.00073918145226
9347,51.14,30.68,26,2,6888,77.90092739199275,97.00363737663945
3780,51.1,29.35,22,2,6889,77.91223705044108,97.00653330495517
3506,51.06,31.89,22,1,6890,77.92354670888939,97.00942696639942
8811,51.019999999999996,30.21,27,3,6891,77.9348563673377,97.01231836097217
8096,51.0,30.85,17,2,6892,77.94616602578603,97.0152086221092
3362,50.980000000000004,30.87,26,1,6893,77.95747568423434,97.01809774981047
2453,50.98,28.17,25,3,6894,77.96878534268265,97.02098687751176
1581,50.93,30.69,29,2,6895,77.98009500113096,97.02387317162369
4967,50.9,31.830000000000002,17,2,6896,77.99140465957927,97.02675776558199
8628,50.9,28.9,25,3,6897,78.0027143180276,97.02964235954032
9587,50.9,30.330000000000002,24,2,6898,78.01402397647591,97.03252695349863
5966,50.89,31.21,25,2,6899,78.02533363492422,97.03541098073907
1418,50.87,31.17,23,3,6900,78.03664329337255,97.0382938745438
4756,50.85,32.37,22,3,6901,78.04795295182086,97.04117563491278
2415,50.839999999999996,31.65,26,2,6902,78.05926261026916,97.04405682856387
1198,50.839999999999996,29.93,21,2,6903,78.07057226871748,97.04693802221497
2163,50.81,30.490000000000002,27,2,6904,78.0818819271658,97.04981751571246
2593,50.790000000000006,29.28,22,3,6905,78.09319158561412,97.05269587577422
5697,50.79,30.24,30,2,6906,78.10450124406243,97.05557423583598
2694,50.78,30.06,32,4,6907,78.11581090251074,97.05845202917985
9774,50.74,30.71,21,3,6908,78.12712056095906,97.06132755565226
4336,50.71,30.650000000000002,21,1,6909,78.13843021940737,97.06420138197105
7034,50.71,31.14,24,1,6910,78.14973987785568,97.06707520828984
6474,50.71,28.08,21,2,6911,78.161049536304,97.06994903460863
156,50.68,28.67,16,1,6912,78.17235919475232,97.0728211607738
3175,50.67,28.549999999999997,24,2,6913,78.18366885320064,97.07569272022111
9916,50.65,29.13,27,3,6914,78.19497851164896,97.07856314623267
1552,50.63,28.8,22,2,6915,78.20628817009727,97.08143243880849
3607,50.6,28.81,28,2,6916,78.21759782854558,97.08430003123073
5525,50.59,28.65,20,2,6917,78.22890748699389,97.08716705693507
5131,50.57,31.14,26,2,6918,78.2402171454422,97.09003294920369
1782,50.53,30.759999999999998,21,1,6919,78.25152680389053,97.09289657460081
10138,50.52,30.15,24,2,6920,78.26283646233884,97.09575963328008
1595,50.510000000000005,30.66,26,3,6921,78.27414612078715,97.09862212524148
2509,50.49,29.93,30,2,6922,78.28545577923546,97.10148348376713
4064,50.48,30.32,28,3,6923,78.29676543768377,97.1043442755749
2873,50.44,28.07,31,3,6924,78.3080750961321,97.1072028005112
10088,50.41,28.5,23,2,6925,78.31938475458041,97.11005962529389
6955,50.41,28.34,25,2,6926,78.33069441302872,97.11291645007657
8017,50.39,32.15,23,1,6927,78.34200407147705,97.11577214142352
3346,50.38,29.79,30,3,6928,78.35331372992536,97.1186272660526
4077,50.370000000000005,30.99,21,2,6929,78.36462338837367,97.1214818239638
8455,50.33,32.13,18,1,6930,78.37593304682198,97.12433411500353
236,50.28,30.7,26,3,6931,78.3872427052703,97.12718357245393
3289,50.269999999999996,29.39,28,2,6932,78.39855236371862,97.13003246318644
1279,50.26,28.35,21,3,6933,78.40986202216693,97.13288078720107
3208,50.26,31.080000000000002,25,3,6934,78.42117168061525,97.13572911121572
10201,50.21,29.09,22,2,6935,78.43248133906357,97.138574601641
5656,50.2,28.55,18,2,6936,78.44379099751187,97.14141952534843
7334,50.18,27.58,21,2,6937,78.45510065596018,97.1442633156201
17,50.17,29.61,27,2,6938,78.4664103144085,97.1471065391739
3391,50.17,27.43,23,2,6939,78.47771997285682,97.1499497627277
8612,50.11,30.15,23,6,6940,78.48902963130513,97.1527895859743
3489,50.08,27.44,26,1,6941,78.50033928975346,97.15562770906729
10063,50.06,31.47,26,3,6942,78.51164894820177,97.15846469872453
1404,49.95,28.6,23,2,6943,78.52295860665008,97.1612954544852
5103,49.94,30.98,28,2,6944,78.53426826509839,97.164125643528
10264,49.93,29.94,26,3,6945,78.5455779235467,97.16695526585293
3869,49.93,29.509999999999998,20,1,6946,78.55688758199503,97.16978488817786
6630,49.93,28.119999999999997,32,2,6947,78.56819724044334,97.17261451050277
3081,49.86,31.8,25,2,6948,78.57950689889165,97.17544016580263
10254,49.85,28.99,20,1,6949,78.59081655733998,97.1782652543846
520,49.79,29.42,22,2,6950,78.60212621578827,97.18108694265936
5073,49.78,31.56,26,3,6951,78.6134358742366,97.18390806421623
2388,49.78,30.9,18,1,6952,78.62474553268491,97.18672918577312
4270,49.74,28.85,22,2,6953,78.63605519113322,97.18954804045852
7390,49.72,29.7,28,2,6954,78.64736484958155,97.19236576170817
3123,49.7,29.43,24,2,6955,78.65867450802986,97.19518234952209
470,49.69,31.509999999999998,21,1,6956,78.66998416647817,97.19799837061814
6007,49.68,31.1,23,2,6957,78.68129382492648,97.20081382499632
4267,49.65,29.1,21,2,6958,78.6926034833748,97.20362757922088
9084,49.65,27.53,23,2,6959,78.70391314182311,97.20644133344545
9627,49.629999999999995,29.92,21,2,6960,78.71522280027143,97.20925395423427
4449,49.599999999999994,30.39,26,2,6961,78.72653245871975,97.2120648748695
4862,49.58,29.07,20,2,6962,78.73784211716807,97.21487466206898
2704,49.54,30.93,35,3,6963,78.74915177561638,97.21768218239698
5630,49.54,29.29,30,4,6964,78.7604614340647,97.22048970272498
7840,49.48,30.8,23,1,6965,78.771771092513,97.22329382274576
9908,49.43,30.75,24,3,6966,78.78308075096132,97.2260951091772
989,49.4,28.189999999999998,27,3,6967,78.79439040940963,97.228894695455
8032,49.39,28.93,23,3,6968,78.80570006785796,97.23169371501494
1228,49.38,28.78,30,2,6969,78.81700972630627,97.23449216785703
848,49.370000000000005,28.240000000000002,25,3,6970,78.82831938475458,97.23729005398123
2498,49.37,29.259999999999998,20,1,6971,78.83962904320289,97.24008794010544
333,49.32,30.4,22,1,6972,78.8509387016512,97.24288299264032
8933,49.31,31.73,22,2,6973,78.86224836009953,97.24567747845731
232,49.28,29.61,27,2,6974,78.87355801854784,97.24847026412068
5416,49.25,30.16,29,3,6975,78.88486767699615,97.25126134963045
1254,49.25,29.73,23,2,6976,78.89617733544448,97.25405243514022
6244,49.24,28.94,21,2,6977,78.90748699389279,97.25684295393214
5878,49.22,29.939999999999998,20,3,6978,78.9187966523411,97.25963233928829
1476,49.21,28.2,22,1,6979,78.93010631078941,97.26242115792657
7999,49.18,30.29,21,2,6980,78.94141596923772,97.26520827641126
9521,49.17,30.439999999999998,31,2,6981,78.95272562768605,97.26799482817805
5227,49.150000000000006,28.169999999999998,20,2,6982,78.96403528613436,97.27078024650912
7333,49.13,28.509999999999998,22,2,6983,78.97534494458267,97.27356453140445
9346,49.11,29.34,31,3,6984,78.986654603031,97.27634768286404
4515,49.08,27.49,23,2,6985,78.9979642614793,97.27912913417003
4714,49.07,30.59,28,2,6986,79.00927391992761,97.28191001875814
5945,49.06,28.43,21,2,6987,79.02058357837593,97.28469033662837
7935,49.04,29.71,23,2,6988,79.03189323682425,97.28746952106289
10074,49.04,30.27,29,2,6989,79.04320289527256,97.29024870549739
257,49.02,28.66,20,1,6990,79.05451255372088,97.29302675649615
10216,49.0,29.36,21,2,6991,79.0658222121692,97.29580367405917
2583,49.0,30.54,25,3,6992,79.0771318706175,97.29858059162218
9150,48.98,28.990000000000002,26,2,6993,79.08844152906582,97.30135637574946
3136,48.96,29.35,22,1,6994,79.09975118751413,97.304131026441
2922,48.9,26.509999999999998,21,2,6995,79.11106084596246,97.30690227682531
5485,48.88,28.47,19,1,6996,79.12237050441077,97.30967239377388
114,48.85,30.7,23,1,6997,79.13368016285908,97.31244081056887
7118,48.83,29.580000000000002,22,3,6998,79.1449898213074,97.31520809392809
4841,48.73,30.009999999999998,22,2,6999,79.15629947975572,97.31796971010863
3788,48.72,28.83,22,4,7000,79.16760913820403,97.32073075957129
3212,48.7,30.85,30,2,7001,79.17891879665234,97.32349067559821
2928,48.66,29.48,26,2,7002,79.19022845510065,97.32624832475364
714,48.65,28.11,21,2,7003,79.20153811354898,97.3290054071912
7393,48.64,29.91,29,3,7004,79.21284777199729,97.3317619229109
3134,48.59,30.19,25,2,7005,79.2241574304456,97.33451560504125
9378,48.59,28.46,24,5,7006,79.23546708889391,97.33726928717161
4795,48.57,28.36,22,2,7007,79.24677674734222,97.34002183586622
66,48.57,27.92,22,1,7008,79.25808640579054,97.34277438456083
5337,48.57,29.45,27,4,7009,79.26939606423886,97.34552693325544
4876,48.57,29.240000000000002,26,1,7010,79.28070572268717,97.34827948195004
7295,48.56,28.94,26,1,7011,79.2920153811355,97.3510314639268
7724,48.53,28.84,26,3,7012,79.30332503958381,97.35378174574993
1697,48.52,28.87,22,2,7013,79.31463469803212,97.3565314608552
6101,48.5,29.03,25,5,7014,79.32594435648043,97.35928004252472
4902,48.480000000000004,28.08,20,2,7015,79.33725401492875,97.36202749075848
7070,48.47,31.95,23,2,7016,79.34856367337706,97.3647743722744
4605,48.47,29.89,21,5,7017,79.35987333182538,97.3675212537903
6226,48.42,27.33,22,2,7018,79.3711829902737,97.37026530171687
9323,48.4,30.27,30,3,7019,79.382492648722,97.37300821620767
4930,48.39,29.18,25,1,7020,79.39380230717032,97.37575056398062
9322,48.39,28.66,24,2,7021,79.40511196561863,97.37849291175355
2205,48.35,27.78,24,1,7022,79.41642162406696,97.38123299265503
7214,48.33,29.0,19,2,7023,79.42773128251527,97.38397194012077
8905,48.32,28.54,24,2,7024,79.43904094096358,97.38671032086863
9158,48.3,30.9,20,1,7025,79.4503505994119,97.38944756818076
6833,48.269999999999996,28.91,21,2,7026,79.46166025786022,97.39218311533926
4806,48.26,28.97,19,1,7027,79.47296991630853,97.3949180957799
6371,48.26,28.349999999999998,18,1,7028,79.48427957475684,97.39765307622055
6660,48.230000000000004,31.28,25,2,7029,79.49558923320515,97.40038635650757
8633,48.230000000000004,29.14,25,3,7030,79.50689889165348,97.4031196367946
3689,48.22,28.509999999999998,23,3,7031,79.51820855010179,97.40585235036376
1264,48.22,30.55,28,3,7032,79.5295182085501,97.40858506393292
3403,48.2,25.509999999999998,18,2,7033,79.54082786699843,97.41131664406633
4033,48.19,30.2,24,1,7034,79.55213752544672,97.41404765748189
8778,48.19,27.91,26,2,7035,79.56344718389504,97.41677867089743
8756,48.129999999999995,29.09,23,1,7036,79.57475684234336,97.41950628400575
1299,48.12,31.03,20,2,7037,79.58606650079167,97.42223333039621
3924,48.1,28.310000000000002,20,1,7038,79.59737615924,97.42495924335094
2153,48.05,28.310000000000002,20,2,7039,79.60868581768831,97.42768232271631
6329,48.019999999999996,30.18,24,2,7040,79.61999547613662,97.43040370192807
9146,48.01,27.47,27,4,7041,79.63130513458493,97.43312451442196
7562,47.99,27.09,37,3,7042,79.64261479303325,97.43584419348011
2864,47.99,27.15,22,1,7043,79.65392445148156,97.43856387253827
6976,47.989999999999995,27.75,21,2,7044,79.66523410992988,97.44128355159641
1336,47.98,27.439999999999998,25,1,7045,79.6765437683782,97.44400266393669
618,47.94,26.75,23,2,7046,79.6878534268265,97.44671950940548
2741,47.93,28.7,22,4,7047,79.69916308527483,97.4494357881564
9289,47.91,29.220000000000002,23,2,7048,79.71047274372313,97.45215093347159
6734,47.84,27.6,23,1,7049,79.72178240217146,97.4548621117617
8969,47.83,28.36,26,2,7050,79.73309206061977,97.45757272333393
6276,47.81,28.18,26,1,7051,79.74440171906808,97.46028220147042
3088,47.78,27.55,22,3,7052,79.7557113775164,97.46298997945331
9941,47.78,29.7,23,1,7053,79.76702103596472,97.46569775743619
3067,47.76,27.82,29,2,7054,79.77833069441303,97.46840440198332
5732,47.68,28.7,24,2,7055,79.78964035286134,97.4711065127875
7267,47.66,28.29,23,2,7056,79.80095001130965,97.47380749015593
6183,47.64,28.54,21,1,7057,79.81225966975796,97.47650733408862
3797,47.62,26.75,25,3,7058,79.82356932820629,97.4792060445856
8341,47.56,26.09,26,2,7059,79.8348789866546,97.48190135477533
9000,47.53,29.38,24,4,7060,79.84618864510293,97.48459496481146
7435,47.53,28.94,23,1,7061,79.85749830355124,97.4872885748476
8581,47.47,28.6,22,2,7062,79.86880796199955,97.48997878457651
3618,47.45,29.88,23,3,7063,79.88011762044786,97.49266786086967
6000,47.44,26.53,19,3,7064,79.89142727889617,97.49535637044497
2985,47.44,27.2,16,1,7065,79.90273693734449,97.49804488002026
4415,47.43,28.85,24,2,7066,79.91404659579281,97.5007328228777
5571,47.39,28.330000000000002,20,3,7067,79.92535625424112,97.50341849886364
2165,47.370000000000005,26.939999999999998,26,2,7068,79.93666591268945,97.50610304141385
6217,47.35,27.009999999999998,20,2,7069,79.94797557113775,97.50878645052833
2631,47.34,29.68,18,2,7070,79.95928522958606,97.51146929292493
339,47.33,28.53,22,2,7071,79.97059488803438,97.51415156860365
6831,47.29,28.42,29,3,7072,79.9819045464827,97.51683157741091
9098,47.26,28.82,25,2,7073,79.99321420493101,97.51950988606455
9750,47.26,28.09,21,1,7074,80.00452386337933,97.5221881947182
6876,47.26,26.85,19,1,7075,80.01583352182764,97.52486650337183
3512,47.26,29.34,23,2,7076,80.02714318027596,97.52754481202547
8962,47.24,26.939999999999998,16,1,7077,80.03845283872427,97.53022198724337
9455,47.230000000000004,29.009999999999998,22,2,7078,80.04976249717258,97.5328985957434
5787,47.230000000000004,27.41,19,1,7079,80.0610721556209,97.53557520424343
7187,47.18,29.11,24,2,7080,80.07238181406922,97.53824897915409
4574,47.14,27.790000000000003,19,2,7081,80.08369147251753,97.54092048719329
1480,47.14,26.69,17,2,7082,80.09500113096585,97.54359199523248
8036,47.11,26.97,22,2,7083,80.10631078941415,97.54626180311809
8227,47.11,27.369999999999997,20,2,7084,80.11762044786246,97.54893161100368
172,47.06,27.94,17,2,7085,80.12893010631079,97.55159858529991
10237,47.05,26.089999999999996,18,1,7086,80.1402397647591,97.55426499287829
590,47.01,29.53,24,1,7087,80.15154942320743,97.55692913358519
8620,47.0,27.55,24,2,7088,80.16285908165574,97.5595927075742
10221,46.96,28.08,30,2,7089,80.17416874010405,97.56225401469173
1746,46.92,28.12,27,2,7090,80.18547839855236,97.56491305493779
762,46.910000000000004,26.169999999999998,17,1,7091,80.19678805700067,97.56757152846596
3625,46.91,28.93,22,1,7092,80.20809771544899,97.57023000199416
5549,46.89,30.31,23,2,7093,80.21940737389731,97.5728873420866
2117,46.88,27.77,26,2,7094,80.23071703234562,97.57554411546117
5022,46.81,29.119999999999997,22,3,7095,80.24202669079394,97.57819692181067
1671,46.78,27.669999999999998,24,2,7096,80.25333634924226,97.58084802800656
9107,46.77,28.18,21,1,7097,80.26464600769057,97.58349856748455
5538,46.75,29.060000000000002,14,3,7098,80.27595566613888,97.58614797352682
1639,46.74,28.27,24,3,7099,80.2872653245872,97.58879681285121
8923,46.64,26.34,28,2,7100,80.29857498303551,97.59143998499692
150,46.63,27.66,28,2,7101,80.30988464148383,97.59408259042473
4332,46.63,28.439999999999998,21,2,7102,80.32119429993215,97.59672519585256
8496,46.62,28.09,22,2,7103,80.33250395838046,97.59936723456252
1391,46.5,29.08,24,3,7104,80.34381361682877,97.60200247265804
6646,46.48,27.11,26,2,7105,80.35512327527708,97.60463657731783
5862,46.48,28.650000000000002,22,3,7106,80.3664329337254,97.6072706819776
189,46.41,28.23,20,2,7107,80.37774259217372,97.60990081961228
8284,46.39,28.52,19,3,7108,80.38905225062203,97.61252982381123
8277,46.29,27.46,23,3,7109,80.40036190907036,97.61515316083148
2879,46.28,26.88,25,3,7110,80.41167156751867,97.61777593113385
4265,46.24,26.69,20,2,7111,80.42298122596698,97.62039643456475
8305,46.22,27.66,22,1,7112,80.43429088441529,97.62301580455991
2574,46.19,25.22,19,3,7113,80.4456005428636,97.62563347440147
3027,46.18,28.0,26,2,7114,80.45691020131191,97.62825057752514
8157,46.18,27.86,22,2,7115,80.46821985976024,97.63086768064882
2567,46.15,28.98,22,1,7116,80.47952951820855,97.63348308361887
574,46.129999999999995,30.41,19,1,7117,80.49083917665686,97.63609735315319
10191,46.11,28.28,21,2,7118,80.50214883510517,97.63871048925179
10052,46.1,27.3,23,3,7119,80.51345849355349,97.64132305863251
2454,46.03,29.59,28,2,7120,80.52476815200181,97.64393166098814
6390,46.019999999999996,25.97,16,1,7121,80.53607781045012,97.6465396966259
1689,46.019999999999996,28.68,24,2,7122,80.54738746889844,97.64914773226366
2349,46.0,28.37,16,3,7123,80.55869712734676,97.65175463446568
3791,45.980000000000004,26.92,19,1,7124,80.57000678579507,97.65436040323195
4140,45.96,27.740000000000002,22,3,7125,80.58131644424338,97.65696503856249
8833,45.93,28.580000000000002,23,2,7126,80.5926261026917,97.65956797373941
6578,45.91,26.490000000000002,22,1,7127,80.60393576114001,97.6621697754806
2603,45.879999999999995,27.54,15,2,7128,80.61524541958833,97.66476987706818
8114,45.87,29.77,23,1,7129,80.62655507803665,97.66736941193788
195,45.86,27.02,23,3,7130,80.63786473648496,97.66996838008973
5890,45.84,29.1,24,2,7131,80.64917439493328,97.67256621480584
1101,45.84,26.630000000000003,23,2,7132,80.66048405338158,97.67516404952194
5947,45.839999999999996,26.46,22,2,7133,80.67179371182989,97.67776188423805
7255,45.81,28.16,30,4,7134,80.68310337027822,97.68035801880053
655,45.8,26.74,23,1,7135,80.69441302872653,97.68295358664516
9829,45.78,27.37,25,1,7136,80.70572268717486,97.68554802105403
2657,45.73,29.0,21,1,7137,80.71703234562317,97.68813962187356
7336,45.73,27.13,19,3,7138,80.72834200407148,97.69073122269309
9665,45.72,26.98,20,1,7139,80.73965166251979,97.69332225679474
2601,45.69,25.94,21,2,7140,80.7509613209681,97.6959115907428
5585,45.68,27.060000000000002,23,1,7141,80.76227097941641,97.69850035797297
6245,45.65,27.5,19,1,7142,80.77358063786474,97.70108742504952
9119,45.63,28.53,22,2,7143,80.78489029631305,97.70367335869035
5713,45.629999999999995,27.55,22,3,7144,80.79619995476136,97.70625929233118
5094,45.620000000000005,28.37,19,2,7145,80.80750961320969,97.70884465925414
9751,45.6,25.82,22,3,7146,80.81881927165799,97.71142889274135
6409,45.55,27.33,28,1,7147,80.83012893010631,97.71401029263923
2745,45.519999999999996,26.41,24,2,7148,80.84143858855462,97.71658999238349
5311,45.519999999999996,27.21,21,1,7149,80.85274824700294,97.71916969212775
8494,45.44,27.08,21,2,7150,80.86405790545126,97.72174485812904
7012,45.33,27.33,23,2,7151,80.87536756389957,97.72431379023378
7062,45.29,27.23,21,2,7152,80.88667722234788,97.72688045546704
4800,45.26,26.71,21,3,7153,80.8979868807962,97.72944542054667
4964,45.25,24.94,20,3,7154,80.90929653924451,97.73200981890844
5472,45.24,27.4,20,2,7155,80.92060619769283,97.73457365055233
9239,45.19,27.45,27,3,7156,80.93191585614115,97.73713464860688
3379,45.14,29.03,19,1,7157,80.94322551458946,97.73969281307208
6913,45.12,25.93,22,3,7158,80.95453517303778,97.74224984410154
672,45.11,27.83,23,2,7159,80.9658448314861,97.74480630841313
7867,45.08,26.12,19,2,7160,80.9771544899344,97.74736107257111
2529,45.06,25.98,18,1,7161,80.98846414838272,97.74991470329336
6764,45.05,28.33,17,2,7162,80.99977380683103,97.75246776729773
442,45.019999999999996,26.16,26,2,7163,81.01108346527934,97.75501913114849
6657,45.0,27.73,24,2,7164,81.02239312372767,97.7575693615635
2249,44.97,28.0,18,1,7165,81.03370278217598,97.76011789182492
2910,44.96,25.49,25,3,7166,81.0450124406243,97.76266585536845
6305,44.949999999999996,27.49,26,1,7167,81.0563220990726,97.76521325219412
5680,44.87,28.41,22,2,7168,81.06763175752091,97.76775611527682
5556,44.86,26.03,23,2,7169,81.07894141596924,97.77029841164168
4924,44.81,25.080000000000002,18,3,7170,81.09025107441755,97.77283787441716
9153,44.760000000000005,27.03,20,2,7171,81.10156073286586,97.7753745036033
3348,44.74,28.41,22,5,7172,81.11287039131419,97.7779099993537
8748,44.72,25.5,21,2,7173,81.1241800497625,97.78044436166834
1403,44.71,26.509999999999998,20,1,7174,81.13548970821081,97.78297815726515
8679,44.63,25.62,23,2,7175,81.14679936665912,97.78550741911897
8732,44.620000000000005,26.07,23,4,7176,81.15810902510744,97.78803611425492
372,44.589999999999996,27.69,17,2,7177,81.16941868355576,97.79056310923728
4502,44.56,27.55,19,1,7178,81.18072834200407,97.79308840406603
2348,44.519999999999996,25.01,17,1,7179,81.19203800045238,97.79561143202328
2223,44.489999999999995,25.11,24,3,7180,81.20334765890071,97.79813275982693
4986,44.45,27.330000000000002,18,1,7181,81.21465731734901,97.80065182075909
7235,44.44,27.49,22,2,7182,81.22596697579732,97.80317031497339
4989,44.38,26.259999999999998,20,2,7183,81.23727663424565,97.80568540888046
11,44.35,27.32,23,1,7184,81.24858629269396,97.80819880263392
7635,44.33,24.92,18,2,7185,81.25989595114228,97.81071106295165
7251,44.31,29.16,20,1,7186,81.2712056095906,97.81322218983365
4885,44.269999999999996,26.37,16,2,7187,81.2825152680389,97.81573104984417
536,44.25,26.16,21,1,7188,81.29382492648722,97.81823877641894
1698,44.239999999999995,28.4,21,2,7189,81.30513458493553,97.82074593627583
3494,44.21,26.51,26,4,7190,81.31644424338384,97.82325139597911
4622,44.2,25.73,17,2,7191,81.32775390183217,97.82575628896453
2872,44.14,24.43,23,2,7192,81.33906356028048,97.82825778164272
9761,44.14,25.36,20,1,7193,81.3503732187288,97.83075927432091
5679,44.09,26.46,23,1,7194,81.36168287717712,97.83325793340977
3562,44.08,26.83,19,1,7195,81.37299253562543,97.83575602578075
2009,44.07000000000001,27.11,20,1,7196,81.38430219407374,97.83825355143387
4559,44.06,28.22,17,1,7197,81.39561185252205,97.8407505103691
7958,44.05,26.09,20,1,7198,81.40692151097036,97.84324690258647
6900,44.04,27.7,26,2,7199,81.41823116941869,97.84574272808597
9886,44.019999999999996,27.1,15,1,7200,81.429540827867,97.84823742014973
2585,44.01,26.05,18,2,7201,81.44085048631531,97.85073154549562
8246,43.99,25.63,31,2,7202,81.45216014476362,97.85322453740577
4327,43.980000000000004,25.92,22,2,7203,81.46346980321194,97.85571696259804
6321,43.98,26.48,17,3,7204,81.47477946166026,97.85820938779032
455,43.97,24.759999999999998,20,1,7205,81.48608912010857,97.86070124626472
4834,43.96,26.23,30,4,7206,81.49739877855689,97.86319253802127
9608,43.95,25.21,22,2,7207,81.50870843700521,97.86568326305992
8050,43.94,27.27,19,2,7208,81.52001809545352,97.86817342138072
2435,43.93,27.11,29,2,7209,81.53132775390183,97.87066301298366
1351,43.91,25.4,28,2,7210,81.54263741235015,97.87315147115083
3555,43.87,26.490000000000002,23,1,7211,81.55394707079846,97.87563766244655
4209,43.86,27.23,23,4,7212,81.56525672924678,97.8781232870244
6157,43.84,25.79,19,2,7213,81.5765663876951,97.88060777816648
3551,43.76,26.32,19,3,7214,81.5878760461434,97.88308773556562
433,43.75,24.84,19,1,7215,81.59918570459172,97.8855671262469
2372,43.730000000000004,27.14,20,2,7216,81.61049536304003,97.88804538349241
2845,43.71,26.07,23,1,7217,81.62180502148834,97.89052250730221
10217,43.69,27.270000000000003,20,2,7218,81.63311467993667,97.89299849767626
1229,43.68,24.43,17,3,7219,81.64442433838498,97.89547392133242
6491,43.67,25.12,22,1,7220,81.65573399683329,97.89794877827073
9164,43.65,25.310000000000002,27,2,7221,81.66704365528162,97.90042250177329
4600,43.65,25.759999999999998,20,2,7222,81.67835331372993,97.90289622527585
8290,43.59,26.209999999999997,22,2,7223,81.68966297217824,97.9053665484712
4154,43.55,25.990000000000002,22,2,7224,81.70097263062655,97.90783460479507
10207,43.55,25.61,15,2,7225,81.71228228907486,97.91030266111895
3953,43.54,27.22,24,4,7226,81.72359194752319,97.91277015072495
7776,43.4,26.7,24,2,7227,81.7349016059715,97.91522970628075
4949,43.38,26.59,28,2,7228,81.74621126441981,97.91768812840083
2520,43.379999999999995,26.99,22,3,7229,81.75752092286814,97.9201465505209
8155,43.37,25.43,21,1,7230,81.76883058131644,97.92260440592311
8735,43.37,26.67,20,1,7231,81.78014023976475,97.92506226132532
7252,43.36,27.14,20,1,7232,81.79144989821307,97.92751955000966
5807,43.33,25.7,17,2,7233,81.80275955666139,97.9299751385404
4738,43.31,24.48,23,2,7234,81.81406921510971,97.93242959363539
2806,43.29,26.009999999999998,24,2,7235,81.82537887355802,97.93488291529464
9339,43.28,25.689999999999998,22,1,7236,81.83668853200633,97.93733567023602
6595,43.27,25.98,20,3,7237,81.84799819045465,97.93978785845952
4634,43.25,27.32,23,2,7238,81.85930784890296,97.9422389132473
9813,43.22,27.47,20,2,7239,81.87061750735127,97.94468826788145
869,43.22,27.08,21,2,7240,81.8819271657996,97.94713762251561
7644,43.2,24.939999999999998,20,1,7241,81.89323682424791,97.94958584371403
282,43.2,25.39,19,2,7242,81.90454648269623,97.95203406491244
9877,43.2,24.23,16,2,7243,81.91585614114454,97.95448228611086
357,43.19,25.71,24,2,7244,81.92716579959284,97.9569299405914
9051,43.160000000000004,25.57,17,1,7245,81.93847545804117,97.95937589491834
4981,43.15,24.23,23,3,7246,81.94978511648948,97.9618212825274
577,43.15,25.25,19,2,7247,81.96109477493779,97.96426667013645
5193,43.08,25.72,21,3,7248,81.97240443338612,97.96670809072043
3564,43.07,27.24,20,2,7249,81.98371409183443,97.96914894458655
5262,43.03,26.16,20,1,7250,81.99502375028274,97.97158753158118
402,43.03,26.15,19,2,7251,82.00633340873105,97.97402611857581
6366,43.0,24.619999999999997,22,2,7252,82.01764306717936,97.97646300541683
271,42.99,27.04,22,2,7253,82.02895272562769,97.97889932553997
307,42.99,24.900000000000002,21,2,7254,82.040262384076,97.98133564566311
4167,42.97,25.81,19,1,7255,82.05157204252431,97.98377083235053
2800,42.97,25.21,23,3,7256,82.06288170097264,97.98620601903792
8009,42.97,24.88,22,2,7257,82.07419135942095,97.98864120572533
8804,42.95,25.86,19,1,7258,82.08550101786926,97.991075258977
8677,42.95,24.71,23,3,7259,82.09681067631757,97.99350931222867
2842,42.94,25.28,23,2,7260,82.10812033476589,97.99594279876246
887,42.910000000000004,26.53,20,2,7261,82.11942999321421,97.99837458514263
3038,42.91,26.09,21,3,7262,82.13073965166252,98.00080637152281
2759,42.9,24.4,18,3,7263,82.14204931011083,98.00323759118513
3807,42.86,26.520000000000003,25,2,7264,82.15335896855916,98.00566654397598
3259,42.84,24.49,23,2,7265,82.16466862700746,98.00809436333108
8292,42.84,24.13,17,2,7266,82.17597828545577,98.01052218268617
1834,42.81,24.97,27,3,7267,82.1872879439041,98.01294830188768
4048,42.78,25.35,19,2,7268,82.19859760235241,98.01537272093555
10223,42.62,27.42,23,4,7269,82.20990726080072,98.01778807249751
2048,42.51,23.74,17,2,7270,82.22121691924904,98.0201971901629
10143,42.51,25.66,24,2,7271,82.23252657769736,98.02260630782828
9545,42.5,25.57,18,2,7272,82.24383623614567,98.0250148587758
9018,42.45,25.36,25,5,7273,82.25514589459398,98.02742057613398
2321,42.43,24.34,17,1,7274,82.26645555304229,98.02982516005639
270,42.42,25.74,21,1,7275,82.27776521149062,98.03222917726094
10204,42.42,26.05,18,2,7276,82.28907486993893,98.0346331944655
8029,42.42,24.28,19,1,7277,82.30038452838724,98.03703721167005
5863,42.41,25.009999999999998,20,1,7278,82.31169418683557,98.03944066215674
3304,42.370000000000005,26.03,20,4,7279,82.32300384528386,98.04184184577196
7303,42.33,26.75,18,3,7280,82.33431350373219,98.04424076251567
1944,42.3,24.45,22,2,7281,82.3456231621805,98.0466379791058
9413,42.26,22.79,29,2,7282,82.35693282062881,98.04903292882443
8379,42.26,25.72,19,2,7283,82.36824247907714,98.05142787854308
3392,42.21,23.759999999999998,22,1,7284,82.37955213752545,98.05381999467237
6705,42.15,25.630000000000003,22,1,7285,82.39086179597376,98.05620871049442
4697,42.13,25.86,29,2,7286,82.40217145442207,98.05859629288074
7932,42.129999999999995,25.16,19,2,7287,82.41348111287039,98.06098387526706
2552,42.01,25.38,21,2,7288,82.4247907713187,98.06336465703896
5247,41.97,25.310000000000002,24,2,7289,82.43610042976702,98.06574317193936
151,41.97,24.07,19,2,7290,82.44741008821534,98.06812168683976
9210,41.96,27.09,19,3,7291,82.45871974666366,98.07049963502229
1104,41.92,24.28,20,3,7292,82.47002940511197,98.07287531633335
1231,41.9,24.32,24,1,7293,82.48133906356028,98.07524986420866
3997,41.88,25.78,16,1,7294,82.4926487220086,98.07762327864823
8858,41.870000000000005,25.6,30,2,7295,82.50395838045691,98.07999612636993
4452,41.86,24.53,21,2,7296,82.51526803890522,98.08236840737379
6602,41.8,24.39,22,2,7297,82.52657769735355,98.0847372880704
6213,41.7,23.61,20,2,7298,82.53788735580186,98.08710050158832
8657,41.58,24.35,22,2,7299,82.54919701425017,98.0894569144918
2274,41.56,25.630000000000003,17,3,7300,82.56050667269848,98.09181219395954
10141,41.54,24.990000000000002,15,1,7301,82.57181633114679,98.09416633999155
3060,41.53,25.48,19,2,7302,82.58312598959512,98.09651991930566
2227,41.5,24.58,22,3,7303,82.59443564804343,98.09887179846618
5422,41.44,23.72,18,4,7304,82.60574530649174,98.10122027731948
3544,41.410000000000004,24.17,18,2,7305,82.61705496494007,98.10356705601916
5783,41.4,25.04,18,2,7306,82.62836462338838,98.10591326800096
1057,41.4,24.990000000000002,17,2,7307,82.63967428183669,98.10825947998279
6411,41.379999999999995,24.0,22,2,7308,82.650983940285,98.11060455852886
8879,41.36,25.58,22,2,7309,82.66229359873331,98.1129485036392
616,41.34,23.3,18,1,7310,82.67360325718164,98.1152913153138
3918,41.33,25.64,15,1,7311,82.68491291562995,98.11763356027052
6872,41.32,24.95,23,2,7312,82.69622257407826,98.1199752385094
6097,41.31,25.58,25,1,7313,82.70753223252657,98.12231635003037
10196,41.29,24.830000000000002,18,1,7314,82.71884189097489,98.12465632811562
9996,41.26,25.3,23,2,7315,82.7301515494232,98.12699460604726
677,41.24,24.68,23,1,7316,82.74146120787152,98.12933175054316
938,41.19,23.75,16,1,7317,82.75277086631984,98.1316660614497
3739,41.12,24.68,17,2,7318,82.76408052476815,98.13399640533117
6824,41.08,25.96,22,3,7319,82.77539018321647,98.13632448234114
9983,41.04,23.490000000000002,23,1,7320,82.78669984166478,98.13865029247964
4478,41.03,23.75,16,1,7321,82.7980095001131,98.14097553590028
832,40.980000000000004,23.189999999999998,19,1,7322,82.80931915856141,98.14329794573155
251,40.96,24.09,22,2,7323,82.82062881700972,98.14561922212708
9155,40.949999999999996,24.09,18,2,7324,82.83193847545805,98.14793993180476
3951,40.93,23.57,24,4,7325,82.84324813390636,98.15025950804667
8097,40.92,25.57,18,2,7326,82.85455779235467,98.15257851757072
9118,40.9,24.29,22,2,7327,82.865867450803,98.15489639365903
5965,40.88,25.419999999999998,22,2,7328,82.87717710925129,98.15721313631161
2478,40.82,25.23,21,1,7329,82.88848676769962,98.15952647865697
6274,40.78,24.490000000000002,19,2,7330,82.89979642614793,98.16183755413084
4919,40.769999999999996,23.33,22,2,7331,82.91110608459624,98.16414806288685
10151,40.769999999999996,24.82,16,1,7332,82.92241574304457,98.16645857164286
1411,40.739999999999995,25.730000000000004,16,1,7333,82.93372540149288,98.16876738024526
4617,40.72,23.74,14,1,7334,82.94503505994119,98.1710750554119
9020,40.72,25.03,25,2,7335,82.9563447183895,98.17338273057857
8309,40.65,25.46,21,2,7336,82.96765437683781,98.17568643872012
5046,40.63,24.33,19,2,7337,82.97896403528613,98.17798901342594
8521,40.629999999999995,23.85,18,1,7338,82.99027369373445,98.18029158813177
4872,40.56,23.419999999999998,17,1,7339,83.00158335218276,98.18259019581251
3721,40.519999999999996,23.31,16,3,7340,83.01289301063109,98.18488653662176
3145,40.519999999999996,24.08,20,1,7341,83.0242026690794,98.18718287743103
5336,40.51,23.65,19,1,7342,83.0355123275277,98.1894786515224
5529,40.49,23.52,20,1,7343,83.04682198597602,98.19177329217806
4837,40.46,26.02,22,1,7344,83.05813164442434,98.19406623268009
5164,40.46,25.68,21,2,7345,83.06944130287265,98.19635917318212
6728,40.44,25.54,23,1,7346,83.08075096132097,98.19865098024842
2350,40.43,23.21,20,2,7347,83.09206061976928,98.20094222059683
5261,40.43,26.58,20,1,7348,83.1033702782176,98.20323346094526
9131,40.35,22.92,17,2,7349,83.11467993666591,98.20552016755073
5648,40.339999999999996,25.009999999999998,19,2,7350,83.12598959511422,98.20780630743833
7244,40.31,26.08,21,2,7351,83.13729925356255,98.21009074717232
2824,40.3,25.169999999999998,21,3,7352,83.14860891201086,98.21237462018844
1982,40.24,23.77,19,2,7353,83.15991857045917,98.21465509289733
2621,40.230000000000004,24.950000000000003,23,3,7354,83.1712282289075,98.21693499888836
3883,40.22,23.9,17,3,7355,83.1825378873558,98.2192143381615
8205,40.19,22.4,17,1,7356,83.19384754580412,98.22149197728106
6063,40.17,23.71,21,2,7357,83.20515720425243,98.22376848296486
2532,40.17,26.12,23,1,7358,83.21646686270074,98.22604498864867
8102,40.04,24.82,18,1,7359,83.22777652114907,98.22831412700016
4641,40.01,23.68,28,2,7360,83.23908617959738,98.23058156519805
4833,40.0,22.54,18,3,7361,83.25039583804569,98.23284843667807
5964,39.94,22.92,22,1,7362,83.26170549649402,98.23511190785086
3641,39.94,24.48,13,1,7363,83.27301515494231,98.23737537902365
5128,39.93,23.97,16,1,7364,83.28432481339063,98.23963828347857
374,39.9,24.310000000000002,22,2,7365,83.29563447183895,98.24189948777988
468,39.89,24.330000000000002,24,3,7366,83.30694413028726,98.24416012536332
7586,39.86,22.59,21,4,7367,83.31825378873559,98.24641906279317
258,39.82,24.130000000000003,24,3,7368,83.3295634471839,98.24867573335152
6568,39.81,22.89,19,2,7369,83.34087310563221,98.25093183719201
5987,39.8,24.64,20,1,7370,83.35218276408052,98.25318737431463
6434,39.8,24.9,17,2,7371,83.36349242252884,98.25544291143726
3108,39.74,22.37,14,2,7372,83.37480208097715,98.25769504825264
1734,39.730000000000004,23.81,21,5,7373,83.38611173942547,98.25994661835017
1242,39.71,23.12,15,1,7374,83.39742139787379,98.26219705501195
4456,39.67,24.75,20,1,7375,83.4087310563221,98.26444522480226
3954,39.64,23.45,19,1,7376,83.42004071477042,98.26669169443895
9457,39.61,23.52,19,2,7377,83.43135037321872,98.26893646392205
4012,39.57,23.24,20,3,7378,83.44266003166705,98.27117896653364
8908,39.47,23.09,23,5,7379,83.45396969011536,98.27341580196656
318,39.42,24.150000000000002,18,1,7380,83.46527934856367,98.27564980381011
5506,39.34,24.19,18,1,7381,83.476589007012,98.2778792719107
8178,39.33,23.37,20,3,7382,83.4878986654603,98.28010817329343
4212,39.33,22.48,22,2,7383,83.49920832390862,98.28233707467616
1732,39.31,23.65,19,1,7384,83.51051798235693,98.28456484262315
7142,39.28,24.81,17,1,7385,83.52182764080524,98.28679091041653
6711,39.26,22.99,17,2,7386,83.53313729925355,98.28901584477417
342,39.23,24.35,22,3,7387,83.54444695770188,98.2912390789782
6981,39.22,23.57,24,2,7388,83.55575661615019,98.29346174646435
8319,39.2,24.87,22,3,7389,83.56706627459852,98.29568328051475
7115,39.2,23.75,21,2,7390,83.57837593304683,98.29790481456517
5266,39.18,22.64,21,2,7391,83.58968559149514,98.30012521517985
5057,39.14,24.81,16,2,7392,83.60099524994345,98.30234334892303
7375,39.13,24.09,16,2,7393,83.61230490839176,98.30456091594836
1629,39.06,22.64,23,1,7394,83.62361456684008,98.30677451594859
1323,39.05,23.1,20,3,7395,83.6349242252884,98.30898754923096
1873,38.99,22.14,18,2,7396,83.64623388373671,98.31119718220612
1283,38.97,23.74,17,2,7397,83.65754354218502,98.31340568174551
6401,38.93,20.689999999999998,20,1,7398,83.66885320063334,98.31561191441344
6993,38.92,22.94,19,3,7399,83.68016285908165,98.31781758036348
5534,38.91,24.0,14,1,7400,83.69147251752997,98.32002267959567
6505,38.91,21.1,19,2,7401,83.70278217597829,98.32222777882784
1478,38.89,24.54,21,2,7402,83.7140918344266,98.32443174462429
2440,38.88,21.44,18,1,7403,83.72540149287492,98.32663514370286
6055,38.87,21.75,19,2,7404,83.73671115132323,98.32883797606357
2616,38.81,22.94,18,3,7405,83.74802080977155,98.33103740811706
8443,38.75,23.22,15,3,7406,83.75933046821986,98.33323343986332
1895,38.730000000000004,23.849999999999998,21,2,7407,83.77064012666817,98.33542833817384
10089,38.64,24.549999999999997,12,1,7408,83.7819497851165,98.33761813602354
6386,38.64,21.23,16,2,7409,83.7932594435648,98.33980793387323
4170,38.6,23.48,17,1,7410,83.80456910201312,98.34199546485145
1625,38.59,22.369999999999997,25,2,7411,83.81587876046143,98.3441824291118
4896,38.589999999999996,23.26,15,2,7412,83.82718841890974,98.34636939337214
5772,38.58,23.509999999999998,20,3,7413,83.83849807735805,98.34855579091463
10077,38.58,23.15,20,2,7414,83.84980773580638,98.3507421884571
9273,38.519999999999996,21.18,17,1,7415,83.86111739425469,98.35292518569236
8372,38.49,23.48,17,3,7416,83.87242705270302,98.35510648277402
7552,38.47,23.05,15,1,7417,83.88373671115133,98.35728664641992
5613,38.47,22.14,25,3,7418,83.89504636959964,98.35946681006583
8830,38.410000000000004,22.279999999999998,19,2,7419,83.90635602804795,98.3616435734045
5332,38.41,24.259999999999998,18,1,7420,83.91766568649626,98.36382033674317
3214,38.39,23.259999999999998,18,1,7421,83.92897534494458,98.36599596664611
2979,38.36,22.4,20,1,7422,83.9402850033929,98.36816989639546
1181,38.36,21.72,25,3,7423,83.95159466184121,98.3703438261448
10188,38.36,24.38,19,3,7424,83.96290432028952,98.37251775589414
8044,38.31,23.97,21,1,7425,83.97421397873785,98.37468885205412
9832,38.28,23.71,20,1,7426,83.98552363718615,98.3768582480605
6062,38.230000000000004,22.34,15,2,7427,83.99683329563447,98.37902481047753
9803,38.22,22.74,19,2,7428,84.00814295408279,98.38119080617669
2997,38.14,22.46,16,2,7429,84.0194526125311,98.38335226813287
6309,38.019999999999996,21.66,21,3,7430,84.03076227097942,98.38550692947463
9079,37.97,22.89,16,1,7431,84.04207192942773,98.38765875722703
7848,37.92,21.98,21,3,7432,84.05338158787605,98.3898077513901
1096,37.879999999999995,22.77,22,1,7433,84.06469124632436,98.39195447868165
3061,37.87,25.08,15,2,7434,84.07600090477267,98.39410063925537
3836,37.83,21.81,20,1,7435,84.087310563221,98.3962445329576
6475,37.8,21.68,18,2,7436,84.09862022166931,98.39838672650622
9918,37.76,22.310000000000002,19,2,7437,84.10992988011762,98.40052665318335
2288,37.75,21.86,16,2,7438,84.12123953856594,98.40266601314262
9106,37.730000000000004,21.74,17,1,7439,84.13254919701426,98.40480423966615
2164,37.71,22.93,19,2,7440,84.14385885546255,98.40694133275393
5601,37.7,23.35,19,1,7441,84.15516851391088,98.40907785912384
5477,37.68,23.12,18,2,7442,84.16647817235919,98.411213252058
4034,37.67,22.26,16,1,7443,84.1777878308075,98.41334807827431
4504,37.66,22.9,21,1,7444,84.18909748925583,98.41548233777274
7421,37.64,21.95,19,2,7445,84.20040714770414,98.41761546383543
2536,37.63,22.47,24,3,7446,84.21171680615245,98.41974802318025
4792,37.629999999999995,19.89,15,1,7447,84.22302646460076,98.42188058252506
6641,37.599999999999994,22.86,17,2,7448,84.23433612304908,98.42401144171629
4333,37.589999999999996,20.79,21,1,7449,84.2456457814974,98.42614173418963
8738,37.55,23.33,15,1,7450,84.25695543994571,98.4282697597915
4578,37.55,22.49,15,2,7451,84.26826509839402,98.43039778539338
5397,37.54,21.84,15,3,7452,84.27957475684235,98.43252524427737
3110,37.54,21.85,17,1,7453,84.29088441529066,98.43465270316136
9917,37.53,22.47,22,2,7454,84.30219407373897,98.4367795953275
109,37.519999999999996,22.77,20,1,7455,84.31350373218729,98.43890592077574
3905,37.51,23.060000000000002,24,1,7456,84.3248133906356,98.44103167950612
9849,37.5,19.91,17,1,7457,84.33612304908392,98.44315687151864
4588,37.5,22.9,16,2,7458,84.34743270753223,98.44528206353117
4022,37.480000000000004,21.25,15,1,7459,84.35874236598055,98.44740612210794
8055,37.47,22.55,19,2,7460,84.37005202442887,98.44952961396685
6953,37.42,22.75,18,3,7461,84.38136168287717,98.45165027223639
7798,37.4,22.43,22,3,7462,84.39267134132548,98.4537697970702
1733,37.33,21.83,17,2,7463,84.40398099977381,98.45588535487893
4601,37.32,21.759999999999998,16,2,7464,84.41529065822212,98.4580003459698
6308,37.23,19.34,16,2,7465,84.42660031667045,98.46011023659982
3376,37.19,21.14,19,2,7466,84.43790997511876,98.46221786035836
1855,37.17,22.400000000000002,20,2,7467,84.44921963356707,98.46432435068115
8979,37.16,23.02,15,3,7468,84.46052929201538,98.46643027428608
2691,37.14,21.82,19,1,7469,84.47183895046369,98.46853506445528
4025,37.09,23.9,17,2,7470,84.483148608912,98.47063702103512
6504,37.05,22.810000000000002,16,2,7471,84.49445826736033,98.47273671074349
9568,37.04,22.07,19,2,7472,84.50576792580864,98.47483583373399
6178,37.0,21.87,12,2,7473,84.51707758425695,98.476932689853
5309,36.93,23.12,16,1,7474,84.52838724270528,98.47902557894692
2758,36.91,21.85,22,2,7475,84.53969690115358,98.4811173346051
10255,36.9,21.6,20,2,7476,84.5510065596019,98.48320852354541
7656,36.9,21.77,17,3,7477,84.56231621805021,98.48529971248573
4696,36.89,22.16,20,2,7478,84.57362587649853,98.48739033470817
7537,36.87,22.509999999999998,17,2,7479,84.58493553494685,98.48947982349488
7744,36.84,21.84,18,3,7480,84.59624519339516,98.49156761212797
1380,36.8,21.66,17,2,7481,84.60755485184347,98.4936531338896
2683,36.79,21.060000000000002,17,3,7482,84.61886451029179,98.49573808893334
6534,36.75,21.990000000000002,21,1,7483,84.6301741687401,98.4978207771056
6249,36.74,22.08,17,1,7484,84.64148382718842,98.49990289856
2148,36.72,20.55,19,2,7485,84.65279348563674,98.50198388657864
2209,36.71,22.25,21,1,7486,84.66410314408505,98.50406430787943
3535,36.68,23.17,13,2,7487,84.67541280253337,98.5061430290266
4656,36.65,22.060000000000002,19,1,7488,84.68672246098168,98.50822005002017
338,36.53,21.78,16,3,7489,84.69803211943,98.5102902703993
8506,36.51,21.5,16,2,7490,84.70934177787831,98.51235935734269
7090,36.49,21.9,17,2,7491,84.72065143632662,98.51442731085032
2126,36.49,21.16,14,2,7492,84.73196109477493,98.51649526435796
8845,36.480000000000004,20.939999999999998,12,1,7493,84.74327075322326,98.51856265114775
756,36.47,22.21,15,1,7494,84.75458041167157,98.52062947121965
368,36.43,19.64,24,2,7495,84.76589007011988,98.52269402442006
2142,36.41,22.33,15,2,7496,84.77719972856819,98.52475744418474
1055,36.38,22.65,15,1,7497,84.7885093870165,98.5268191637958
3096,36.34,21.43,21,1,7498,84.79981904546483,98.52887861653541
3583,36.31,21.88,19,2,7499,84.81112870391314,98.5309363691214
9925,36.31,22.339999999999996,14,1,7500,84.82243836236145,98.53299412170739
5072,36.25,20.59,24,2,7501,84.83374802080978,98.53504847398615
2386,36.23,20.99,18,3,7502,84.84505767925809,98.53710169282918
3890,36.23,21.169999999999998,20,1,7503,84.8563673377064,98.5391549116722
1452,36.17,23.09,19,3,7504,84.86767699615471,98.541204730208
5271,36.14,21.39,21,2,7505,84.87898665460303,98.54325284859019
8529,36.11,21.36,20,1,7506,84.89029631305135,98.54529926681877
8031,36.03,22.47,20,2,7507,84.90160597149966,98.54734115130441
5940,36.019999999999996,21.29,22,1,7508,84.91291562994797,98.54938246907216
3314,36.0,23.64,15,2,7509,84.92422528839629,98.55142265340417
2185,35.97,21.46,17,2,7510,84.9355349468446,98.55346113758257
8020,35.94,20.65,17,2,7511,84.94684460529291,98.55549792160737
8675,35.9,24.33,19,2,7512,84.95815426374124,98.55753243876067
5184,35.88,21.99,21,2,7513,84.96946392218955,98.55956582247825
8685,35.84,20.71,15,2,7514,84.98077358063787,98.56159693932435
918,35.82,21.0,15,3,7515,84.99208323908618,98.5636269227347
3818,35.82,20.16,14,1,7516,85.0033928975345,98.56565690614507
9652,35.81,22.2,14,1,7517,85.01470255598281,98.56768632283755
5719,35.8,20.81,15,1,7518,85.02601221443112,98.56971517281217
4190,35.769999999999996,20.05,14,2,7519,85.03732187287943,98.57174232263317
3367,35.75,22.79,19,2,7520,85.04863153132776,98.57376833901844
4241,35.74,21.26,19,4,7521,85.05994118977607,98.57579378868583
4758,35.66,20.21,14,1,7522,85.0712508482244,98.57781470461026
5425,35.64,21.57,18,1,7523,85.0825605066727,98.57983448709895
8386,35.59,22.19,25,2,7524,85.093870165121,98.5818514359983
25,35.55,20.240000000000002,20,1,7525,85.10517982356933,98.58386611802617
9516,35.53,21.47,16,2,7526,85.11648948201764,98.5858796666183
600,35.510000000000005,19.48,11,2,7527,85.12779914046595,98.58789208177467
4689,35.5,22.21,15,1,7528,85.13910879891428,98.58990393021318
6817,35.41,19.68,15,1,7529,85.15041845736259,98.59191067819086
5921,35.39,19.33,18,1,7530,85.1617281158109,98.59391629273281
10021,35.36,21.43,19,1,7531,85.17303777425921,98.59592020712114
6225,35.35,22.06,19,4,7532,85.18434743270753,98.59792355479162
2222,35.32,20.580000000000002,20,3,7533,85.19565709115585,98.59992520230848
8162,35.28,21.2,12,1,7534,85.20696674960416,98.60192458295384
5908,35.19,20.27,11,1,7535,85.21827640805247,98.60391886313839
2334,35.16,19.68,18,1,7536,85.2295860665008,98.60591144316932
7205,35.120000000000005,20.95,21,1,7537,85.24089572494911,98.60790175632879
1540,35.12,20.35,23,2,7538,85.25220538339741,98.60989206948825
7681,35.04,20.58,20,1,7539,85.26351504184574,98.61187784890474
2519,35.01,21.41,14,1,7540,85.27482470029405,98.61386192816762
7399,34.96,21.009999999999998,21,2,7541,85.28613435874237,98.61584317384116
6789,34.95,21.31,17,3,7542,85.29744401719068,98.61782385279682
7163,34.94,21.02,16,1,7543,85.308753675639,98.6198039650346
4971,34.94,20.8,19,1,7544,85.32006333408731,98.6217840772724
9664,34.9,20.4,17,2,7545,85.33137299253562,98.6237619226387
6357,34.81,20.68,15,1,7546,85.34268265098393,98.6257346675442
4855,34.72,20.54,14,2,7547,85.35399230943226,98.62770231198886
6170,34.71,21.6,17,1,7548,85.36530196788057,98.62966938971563
5544,34.71,20.59,17,1,7549,85.37661162632888,98.6316364674424
2492,34.68,20.48,22,2,7550,85.3879212847772,98.63360184501559
1039,34.68,19.89,20,3,7551,85.39923094322552,98.63556722258875
8081,34.67,21.52,18,2,7552,85.41054060167383,98.63753203344405
3488,34.66,21.89,15,1,7553,85.42185026012214,98.63949627758149
9794,34.6,19.69,19,3,7554,85.43315991857045,98.6414571214117
445,34.58,20.09,14,1,7555,85.44446957701878,98.64341683180618
9629,34.58,20.64,21,1,7556,85.45577923546709,98.64537654220065
9203,34.54,19.490000000000002,23,2,7557,85.4670888939154,98.64733398572365
3122,34.51,20.7,19,2,7558,85.47839855236373,98.64928972909304
5331,34.46,20.83,19,2,7559,85.48970821081203,98.65124263887307
3737,34.4,21.48,16,1,7560,85.50101786926034,98.65319214834588
9740,34.36,20.02,14,1,7561,85.51232752770866,98.65513939094723
7339,34.16,20.619999999999997,14,2,7562,85.52363718615698,98.65707529919115
3484,34.15,18.62,15,2,7563,85.5349468446053,98.6590106407172
8398,34.15,22.41,15,2,7564,85.54625650305361,98.66094598224326
5797,34.11,21.04,18,2,7565,85.55756616150192,98.66287905689785
9763,34.08,20.34,14,2,7566,85.56887581995024,98.66481043139883
5832,34.06,20.16,15,1,7567,85.58018547839855,98.66674067246407
6190,34.0,19.48,14,1,7568,85.59149513684686,98.66866751322209
3637,33.980000000000004,20.86,18,1,7569,85.60280479529519,98.67059322054436
6594,33.95,19.08,13,2,7570,85.6141144537435,98.67251722771302
9384,33.93,22.38,15,1,7571,85.62542411219182,98.67444010144594
631,33.89,20.06,16,2,7572,85.63673377064013,98.67636070830737
9880,33.84,20.25,21,1,7573,85.64804342908843,98.67827848157947
5041,33.84,20.11,20,1,7574,85.65935308753676,98.68019625485157
9732,33.82,18.01,17,1,7575,85.67066274598507,98.68211289468792
254,33.800000000000004,20.67,10,1,7576,85.68197240443338,98.68402840108854
9173,33.769999999999996,18.54,19,4,7577,85.6932820628817,98.68594220733556
1884,33.76,20.28,16,1,7578,85.70459172133002,98.68785544686467
3287,33.75,19.85,13,1,7579,85.71590137977833,98.68976811967595
3383,33.65,19.72,19,1,7580,85.72721103822664,98.6916751253085
8013,33.64,20.66,17,2,7581,85.73852069667495,98.6935815642232
5048,33.620000000000005,20.419999999999998,20,1,7582,85.74983035512328,98.69548686970215
8856,33.57,20.05,12,2,7583,85.76114001357159,98.69738934159176
2630,33.55,20.46,15,3,7584,85.7724496720199,98.69929068004562
362,33.52,19.96,14,2,7585,85.78375933046823,98.70119031834588
861,33.519999999999996,20.02,18,1,7586,85.79506898891654,98.70308995664612
3384,33.51,20.92,25,2,7587,85.80637864736485,98.70498902822852
207,33.49,21.33,24,2,7588,85.81768830581316,98.70688696637517
429,33.49,19.37,17,2,7589,85.82899796426148,98.7087849045218
3675,33.47,20.85,25,3,7590,85.8403076227098,98.7106817092327
8586,33.43,19.56,14,2,7591,85.85161728115811,98.71257624707212
7557,33.43,19.56,15,2,7592,85.86292693960642,98.71447078491154
582,33.42,20.78,16,2,7593,85.87423659805474,98.71636475603309
10051,33.39,19.34,16,2,7594,85.88554625650305,98.71825702700103
623,33.39,20.68,21,2,7595,85.89685591495136,98.72014929796897
6539,33.37,21.54,19,1,7596,85.90816557339969,98.72204043550119
3252,33.36,19.3,18,1,7597,85.919475231848,98.72393100631552
9122,33.36,20.33,17,2,7598,85.93078489029631,98.72582157712986
8325,33.34,19.06,20,1,7599,85.94209454874463,98.72771101450846
5860,33.28,21.169999999999998,13,1,7600,85.95340420719295,98.72959705157983
5403,33.28,19.63,11,1,7601,85.96471386564126,98.7314830886512
5467,33.269999999999996,18.92,14,2,7602,85.97602352408957,98.7333685590047
4911,33.26,21.16,17,1,7603,85.98733318253788,98.73525346264034
56,33.26,17.36,17,1,7604,85.99864284098621,98.73713836627599
1045,33.26,17.96,13,1,7605,86.00995249943452,98.73902326991161
8143,33.17,19.64,17,1,7606,86.02126215788283,98.74090307308641
1461,33.16,19.2,21,2,7607,86.03257181633114,98.74278230954334
9001,33.120000000000005,20.14,11,3,7608,86.04388147477945,98.7446592791288
5650,33.09,19.46,19,3,7609,86.05519113322778,98.74653454856065
7933,33.07,19.06,14,2,7610,86.06650079167609,98.74840868455675
4817,33.03,19.96,14,2,7611,86.0778104501244,98.75028055368138
2948,33.02,20.05,13,2,7612,86.08912010857273,98.75215185608813
8569,32.93,21.26,19,2,7613,86.10042976702104,98.75401805803405
10200,32.92,20.18,14,2,7614,86.11173942546935,98.7558836932621
7111,32.86,19.7,15,1,7615,86.12304908391766,98.75774592818294
1617,32.8,18.92,16,3,7616,86.13435874236598,98.75960476279656
5179,32.78,19.67,19,2,7617,86.14566840081429,98.76146246397444
7466,32.74,18.259999999999998,14,1,7618,86.15697805926261,98.76331789828082
3265,32.7,19.4,13,2,7619,86.16828771771092,98.76517106571573
5873,32.66,20.69,12,2,7620,86.17959737615925,98.76702196627917
2702,32.58,21.0,16,2,7621,86.19090703460756,98.76886833309965
7907,32.57,18.509999999999998,14,2,7622,86.20221669305586,98.77071413320225
1503,32.56,19.86,19,3,7623,86.21352635150419,98.77255936658699
9274,32.56,19.83,20,1,7624,86.2248360099525,98.77440459997172
6453,32.53,17.32,10,1,7625,86.23614566840081,98.77624813320284
5552,32.519999999999996,19.05,12,1,7626,86.24745532684913,98.77809109971611
9291,32.480000000000004,18.759999999999998,12,1,7627,86.25876498529745,98.77993179935787
5186,32.44,18.200000000000003,16,1,7628,86.27007464374576,98.78177023212817
7804,32.43,19.560000000000002,18,2,7629,86.28138430219407,98.7836080981806
7802,32.42,19.29,16,1,7630,86.29269396064238,98.78544539751513
3853,32.4,19.9,19,1,7631,86.30400361909071,98.78728156341394
8957,32.39,18.89,17,1,7632,86.31531327753902,98.78911716259488
7829,32.34,20.21,19,2,7633,86.32662293598733,98.79094992818648
1568,32.34,19.14,14,1,7634,86.33793259443566,98.79278269377807
3454,32.34,18.96,15,1,7635,86.34924225288397,98.79461545936967
6825,32.33,19.11,18,1,7636,86.36055191133227,98.7964476582434
10123,32.26,17.98,18,1,7637,86.37186156978059,98.79827589009203
1201,32.230000000000004,18.05,12,3,7638,86.3831712282289,98.80010242178705
1586,32.18,19.93,16,3,7639,86.39448088667723,98.80192611989273
1065,32.16,21.42,12,1,7640,86.40579054512554,98.80374868456265
3988,32.11,17.5,17,2,7641,86.41710020357385,98.80556841564324
10193,32.1,19.14,15,1,7642,86.42840986202216,98.80738758000595
7661,32.09,20.03,13,1,7643,86.43971952047048,98.8092061776508
7540,32.08,18.78,13,1,7644,86.45102917891879,98.81102420857778
8265,32.07,19.53,10,1,7645,86.46233883736711,98.81284167278689
4246,32.07,18.86,16,3,7646,86.47364849581543,98.814659136996
9657,32.06,19.8,20,3,7647,86.48495815426374,98.81647603448724
1762,32.03,18.17,15,1,7648,86.49626781271206,98.81829123182484
7991,31.96,19.41,16,2,7649,86.50757747116037,98.82010246213738
7973,31.93,19.509999999999998,21,1,7650,86.51888712960869,98.82191199229631
245,31.92,19.85,14,1,7651,86.530196788057,98.82372095573734
1081,31.85,18.35,13,2,7652,86.54150644650531,98.82552595215333
8424,31.84,19.56,15,1,7653,86.55281610495364,98.82733038185143
6090,31.84,19.130000000000003,22,2,7654,86.56412576340195,98.82913481154951
1292,31.78,18.59,16,1,7655,86.57543542185026,98.8309358409404
1436,31.759999999999998,18.81,16,2,7656,86.58674508029858,98.83273573689553
8913,31.720000000000002,19.25,11,1,7657,86.59805473874688,98.83453336597917
5943,31.72,17.79,13,3,7658,86.60936439719521,98.83633099506282
6404,31.71,19.02,11,2,7659,86.62067405564352,98.8381280574286
8001,31.669999999999998,19.6,19,2,7660,86.63198371409183,98.8399228529229
9475,31.66,20.08,23,1,7661,86.64329337254016,98.84171708169933
6591,31.64,18.32,18,2,7662,86.65460303098847,98.84351017704002
1155,31.64,19.4,23,2,7663,86.66591268943678,98.84530327238072
6448,31.64,18.08,17,2,7664,86.67722234788509,98.8470963677214
699,31.62,18.61,13,1,7665,86.6885320063334,98.84888832962635
7826,31.61,19.41,18,1,7666,86.69984166478172,98.85067972481345
9354,31.61,19.28,16,1,7667,86.71115132323004,98.85247112000053
7528,31.58,17.4,14,1,7668,86.72246098167835,98.85426081503401
5321,31.53,20.130000000000003,13,1,7669,86.73377064012668,98.85604767647813
2898,31.52,19.34,22,2,7670,86.74508029857499,98.85783397120439
828,31.52,17.35,17,1,7671,86.75638995702329,98.85962026593063
9923,31.509999999999998,18.6,12,1,7672,86.76769961547161,98.86140599393902
1068,31.5,18.13,17,1,7673,86.77900927391993,98.86319115522953
8861,31.490000000000002,17.95,17,1,7674,86.79031893236824,98.86497574980217
7450,31.48,17.42,14,2,7675,86.80162859081656,98.86675977765695
952,31.46,19.05,16,2,7676,86.81293824926487,98.86854267207598
9259,31.45,18.189999999999998,12,1,7677,86.82424790771319,98.87032499977714
6791,31.44,17.46,20,1,7678,86.8355575661615,98.87210676076043
7972,31.439999999999998,19.12,17,2,7679,86.84686722460981,98.87388852174372
3091,31.39,17.47,13,1,7680,86.85817688305814,98.87566744913767
2477,31.37,17.69,11,1,7681,86.86948654150645,98.87744524309586
8119,31.369999999999997,18.73,20,1,7682,86.88079619995476,98.87922303705408
7949,31.35,18.68,16,2,7683,86.89210585840308,98.88099969757654
175,31.34,19.38,14,1,7684,86.9034155168514,98.88277579138114
7532,31.34,19.16,13,1,7685,86.91472517529971,98.88455188518573
10156,31.32,19.7,14,1,7686,86.92603483374802,98.88632684555459
4280,31.29,19.61,18,2,7687,86.93734449219633,98.88810010576984
7240,31.27,19.27,11,1,7688,86.94865415064466,98.88987223254935
6315,31.25,18.57,12,1,7689,86.95996380909297,98.8916432258931
7249,31.240000000000002,17.43,14,2,7690,86.97127346754128,98.89341365251899
1092,31.229999999999997,18.330000000000002,12,1,7691,86.98258312598959,98.89518351242702
7451,31.19,19.95,13,2,7692,86.9938927844379,98.89695110546356
4931,31.169999999999998,19.66,16,2,7693,87.00520244288622,98.89871756506436
8257,31.06,18.68,14,1,7694,87.01651210133454,98.90047779076859
5091,31.01,17.73,16,2,7695,87.02782175978285,98.90223518288349
375,31.0,17.25,14,2,7696,87.03913141823118,98.90399200828048
6267,30.900000000000002,18.63,16,1,7697,87.05044107667949,98.9057431664988
5884,30.89,17.65,21,2,7698,87.0617507351278,98.90749375799923
1290,30.87,20.58,16,2,7699,87.07306039357611,98.90924321606394
4088,30.87,18.49,19,1,7700,87.08437005202443,98.91099267412865
9659,30.86,18.7,21,1,7701,87.09567971047274,98.91274156547549
2108,30.810000000000002,18.45,18,4,7702,87.10698936892106,98.91448762323297
6786,30.79,17.62,15,1,7703,87.11829902736937,98.91623254755471
8784,30.77,18.5,17,2,7704,87.12960868581769,98.91797633844071
5121,30.72,18.49,19,3,7705,87.140918344266,98.91971729573737
4788,30.7,17.37,12,1,7706,87.15222800271431,98.92145711959827
10215,30.69,18.5,17,3,7707,87.16353766116264,98.92319637674132
206,30.68,18.35,16,3,7708,87.17484731961095,98.92493506716649
6294,30.65,19.07,9,1,7709,87.18615697805926,98.92667205743805
5629,30.64,18.59,20,3,7710,87.19746663650758,98.92840848099173
2982,30.59,18.06,24,1,7711,87.2087762949559,98.93014207095608
8803,30.58,17.95,11,1,7712,87.22008595340421,98.93187509420255
7844,30.560000000000002,19.47,16,1,7713,87.23139561185252,98.9336069840133
7216,30.560000000000002,19.68,12,2,7714,87.24270527030083,98.93533887382404
4286,30.55,16.53,22,2,7715,87.25401492874916,98.93707019691689
4645,30.51,17.76,15,2,7716,87.26532458719747,98.93879925313827
1492,30.41,17.81,22,2,7717,87.27663424564578,98.94052264218095
3703,30.38,19.33,11,1,7718,87.2879439040941,98.94224433107001
8812,30.38,18.27,13,1,7719,87.29925356254242,98.94396601995908
6195,30.34,18.21,18,2,7720,87.31056322099072,98.94568544197668
2949,30.300000000000004,17.46,12,1,7721,87.32187287943904,98.94740259712279
3298,30.240000000000002,17.05,19,1,7722,87.33318253788735,98.94911635196169
9736,30.200000000000003,17.41,9,1,7723,87.34449219633566,98.9508278399291
7407,30.2,16.56,20,2,7724,87.35580185478399,98.9525393278965
2353,30.189999999999998,18.45,10,2,7725,87.3671115132323,98.95425024914604
276,30.18,18.509999999999998,18,2,7726,87.37842117168061,98.95596060367772
4882,30.169999999999998,17.97,18,2,7727,87.38973083012893,98.95767039149152
5378,30.16,17.78,12,1,7728,87.40104048857724,98.95937961258744
5299,30.130000000000003,17.13,15,2,7729,87.41235014702556,98.96108713352976
9407,30.02,18.12,16,1,7730,87.42365980547387,98.9627884205755
6310,30.0,17.31,15,2,7731,87.43496946392219,98.96448857418551
9845,29.990000000000002,17.44,16,4,7732,87.44627912237051,98.96618816107767
5755,29.98,18.03,12,2,7733,87.45758878081882,98.96788718125194
7260,29.92,18.04,16,2,7734,87.46889843926712,98.96958280111899
5237,29.89,18.06,14,2,7735,87.48020809771545,98.9712767208324
5693,29.84,16.82,11,1,7736,87.49151775616376,98.97296780695652
8273,29.830000000000002,17.86,12,1,7737,87.50282741461209,98.97465832636274
5780,29.82,18.73,12,1,7738,87.5141370730604,98.9763482790511
3374,29.77,17.9,13,1,7739,87.52544673150871,98.9780353981501
10228,29.77,17.97,17,2,7740,87.53675638995702,98.9797225172491
2040,29.77,17.78,14,2,7741,87.54806604840533,98.9814096363481
7957,29.68,18.009999999999998,20,1,7742,87.55937570685364,98.98309165498628
1889,29.64,17.45,12,2,7743,87.57068536530197,98.98477140675296
5928,29.62,18.240000000000002,13,1,7744,87.58199502375028,98.98645002508391
7954,29.580000000000002,16.439999999999998,12,1,7745,87.5933046821986,98.98812637654339
4210,29.509999999999998,17.07,12,1,7746,87.60461434064692,98.98979876097778
8626,29.5,17.12,18,2,7747,87.61592399909523,98.99147057869429
7979,29.470000000000002,16.979999999999997,16,1,7748,87.62723365754354,98.99314069625719
6200,29.45,18.09,11,1,7749,87.63854331599185,98.99480968038435
5178,29.44,19.59,16,1,7750,87.64985297444017,98.99647809779364
9351,29.42,17.71,19,2,7751,87.66116263288849,98.99814538176719
4197,29.38,17.950000000000003,14,2,7752,87.6724722913368,98.99981039886924
8956,29.349999999999998,17.2,27,1,7753,87.68378194978511,99.00147371581771
1207,29.34,17.59,11,1,7754,87.69509160823344,99.00313646604832
1502,29.32,18.01,19,3,7755,87.70640126668174,99.00479808284317
1493,29.310000000000002,18.34,17,3,7756,87.71771092513006,99.00645913292016
2962,29.259999999999998,18.85,9,1,7757,87.72902058357838,99.00811734940778
1912,29.25,18.57,11,2,7758,87.74033024202669,99.00977499917755
4144,29.22,16.32,9,1,7759,87.75163990047501,99.0114309487937
5445,29.189999999999998,17.94,10,1,7760,87.76294955892332,99.01308519825623
6463,29.18,18.78,13,1,7761,87.77425921737164,99.01473888100091
811,29.17,18.05,12,1,7762,87.78556887581995,99.0163919970277
5793,29.16,18.759999999999998,12,2,7763,87.79687853426826,99.01804454633663
9441,29.150000000000002,16.41,14,2,7764,87.80818819271659,99.01969652892768
8328,29.14,17.56,15,1,7765,87.8194978511649,99.02134794480088
2314,29.1,18.11,14,2,7766,87.83080750961321,99.02299709380259
5628,29.09,16.57,11,2,7767,87.84211716806153,99.02464567608644
9278,29.08,17.3,14,2,7768,87.85342682650985,99.02629369165241
7178,29.06,18.28,11,2,7769,87.86473648495814,99.02794057378264
2410,29.05,15.379999999999999,13,1,7770,87.87604614340647,99.029586889195
3913,29.03,17.97,20,1,7771,87.88735580185478,99.03123207117164
9670,28.990000000000002,17.599999999999998,13,2,7772,87.89866546030309,99.03287498627678
9056,28.96,18.32,12,1,7773,87.90997511875142,99.0345162012283
2728,28.95,17.15,22,2,7774,87.92128477719973,99.03615684946196
2841,28.95,15.63,12,1,7775,87.93259443564804,99.03779749769562
2401,28.93,17.02,12,1,7776,87.94390409409635,99.03943701249354
4156,28.919999999999998,17.060000000000002,10,1,7777,87.95521375254467,99.0410759605736
10083,28.860000000000003,18.11,22,2,7778,87.96652341099299,99.04271150834643
259,28.85,16.78,11,1,7779,87.9778330694413,99.04434648940139
6364,28.78,19.02,13,2,7780,87.98914272788961,99.04597750343127
585,28.759999999999998,19.79,9,1,7781,88.00045238633794,99.0476073840254
9177,28.7,17.6,12,1,7782,88.01176204478625,99.0492338643123
4669,28.580000000000002,18.009999999999998,16,2,7783,88.02307170323456,99.05085354398479
410,28.57,18.15,11,1,7784,88.03438136168288,99.05247265693939
10093,28.54,16.91,14,3,7785,88.04569102013119,99.05409006974038
4084,28.54,18.86,12,1,7786,88.05700067857951,99.05570748254138
4741,28.45,16.22,13,1,7787,88.06831033702782,99.05731979488154
4365,28.36,17.66,16,1,7788,88.07961999547614,99.05892700676087
2765,28.36,16.3,10,2,7789,88.09092965392445,99.0605342186402
7640,28.35,17.54,17,1,7790,88.10223931237276,99.06214086380167
4380,28.3,17.42,14,1,7791,88.11354897082107,99.06374467537378
5004,28.26,18.48,14,1,7792,88.1248586292694,99.06534622007442
6243,28.22,16.95,19,4,7793,88.13616828771771,99.06694549790357
8613,28.150000000000002,17.09,14,2,7794,88.14747794616603,99.06854080870762
9529,28.15,16.990000000000002,12,1,7795,88.15878760461435,99.07013611951169
854,28.14,16.01,14,3,7796,88.17009726306266,99.07173086359788
3294,28.09,15.81,14,2,7797,88.18140692151097,99.07332277409472
348,28.08,16.66,14,2,7798,88.19271657995928,99.07491411787369
9232,28.08,18.01,14,1,7799,88.2040262384076,99.07650546165266
7369,28.07,15.31,15,1,7800,88.21533589685592,99.07809623871377
10060,28.07,17.55,10,1,7801,88.22664555530423,99.07968701577488
7613,28.05,17.31,15,2,7802,88.23795521375254,99.08127665940025
2379,28.0,16.03,15,2,7803,88.24926487220085,99.08286346943626
7143,27.990000000000002,16.61,14,3,7804,88.26057453064917,99.08444971275439
9008,27.96,16.45,16,3,7805,88.27188418909749,99.08603425591892
8751,27.95,16.490000000000002,14,1,7806,88.2831938475458,99.08761823236559
8230,27.91,17.31,14,3,7807,88.29450350599411,99.08919994194075
6991,27.91,17.23,14,1,7808,88.30581316444244,99.09078165151594
2394,27.880000000000003,15.72,15,2,7809,88.31712282289075,99.0923616609375
7228,27.82,17.13,12,1,7810,88.32843248133906,99.09393827005185
626,27.81,16.85,14,2,7811,88.33974213978738,99.09551431244834
366,27.799999999999997,15.71,11,1,7812,88.35105179823569,99.09708978812695
2399,27.72,17.61,14,1,7813,88.36236145668401,99.0986607300626
1810,27.69,16.05,16,3,7814,88.37367111513232,99.10022997184463
6926,27.68,16.86,15,2,7815,88.38498077358064,99.1017986469088
5314,27.66,16.32,11,1,7816,88.39629043202896,99.10336618853724
5569,27.66,16.97,13,1,7817,88.40760009047727,99.10493373016565
3510,27.650000000000002,17.15,14,1,7818,88.41890974892557,99.10650070507621
10130,27.65,16.759999999999998,17,1,7819,88.4302194073739,99.10806767998676
147,27.64,16.939999999999998,15,1,7820,88.44152906582221,99.10963408817946
4296,27.64,16.2,12,2,7821,88.45283872427052,99.11120049637215
2196,27.63,15.75,15,2,7822,88.46414838271885,99.11276633784696
8399,27.619999999999997,17.14,10,2,7823,88.47545804116716,99.1143316126039
5840,27.6,16.65,12,1,7824,88.48676769961547,99.11589575392513
4097,27.6,16.52,16,1,7825,88.49807735806378,99.11745989524636
5778,27.580000000000002,15.46,14,1,7826,88.5093870165121,99.11902290313182
5033,27.55,16.86,16,2,7827,88.52069667496042,99.12058421086368
1061,27.53,16.91,17,1,7828,88.53200633340873,99.1221443851598
748,27.509999999999998,16.42,19,2,7829,88.54331599185704,99.1237034260202
1686,27.5,17.11,20,1,7830,88.55462565030537,99.1252619001627
4979,27.49,16.62,14,2,7831,88.56593530875368,99.12681980758734
7048,27.49,16.45,12,1,7832,88.57724496720199,99.12837771501198
8987,27.47,15.260000000000002,11,2,7833,88.5885546256503,99.12993448900089
6756,27.47,16.61,12,2,7834,88.59986428409862,99.13149126298978
8950,27.46,15.54,13,1,7835,88.61117394254694,99.1330474702608
8523,27.44,16.38,14,2,7836,88.62248360099525,99.1346025440961
9653,27.439999999999998,16.88,16,2,7837,88.63379325944356,99.13615761793139
3320,27.43,15.190000000000001,9,1,7838,88.64510291789188,99.13771212504881
10155,27.41,17.15,11,1,7839,88.65641257634019,99.13926549873048
3959,27.400000000000002,17.12,10,1,7840,88.6677222347885,99.1408183056943
4117,27.37,16.2,10,3,7841,88.67903189323683,99.1423694125045
6094,27.34,15.79,10,1,7842,88.69034155168514,99.14391881916109
365,27.32,17.08,14,2,7843,88.70165121013346,99.14546709238195
1831,27.310000000000002,15.81,14,2,7844,88.71296086858177,99.14701479888492
1543,27.29,15.82,16,2,7845,88.72427052703009,99.14856137195217
5043,27.27,16.59,12,2,7846,88.7355801854784,99.15010681158367
4266,27.26,15.82,13,1,7847,88.74688984392671,99.1516516844973
2162,27.240000000000002,14.91,9,1,7848,88.75819950237502,99.15319542397519
3634,27.240000000000002,16.59,13,2,7849,88.76950916082335,99.15473916345309
2408,27.19,17.34,14,2,7850,88.78081881927166,99.15628006934162
4975,27.19,15.350000000000001,12,1,7851,88.79212847771998,99.15782097523017
4662,27.18,15.899999999999999,11,1,7852,88.8034381361683,99.15936131440083
5215,27.130000000000003,15.38,15,2,7853,88.8147477946166,99.16089881998215
9121,27.13,16.259999999999998,11,1,7854,88.82605745306492,99.16243632556345
277,27.1,16.55,14,2,7855,88.83736711151323,99.16397213099117
5689,27.1,17.14,12,2,7856,88.84867676996154,99.16550793641889
6036,27.09,16.1,14,2,7857,88.85998642840987,99.16704317512874
2161,27.080000000000002,16.520000000000003,18,2,7858,88.87129608685818,99.16857784712072
5518,27.02,17.560000000000002,17,2,7859,88.88260574530649,99.17010911880546
5993,26.98,15.02,10,1,7860,88.8939154037548,99.17163812361873
9544,26.97,16.61,10,1,7861,88.90522506220312,99.17316656171413
8666,26.97,15.94,16,1,7862,88.91653472065144,99.17469499980953
6185,26.94,15.64,11,2,7863,88.92784437909975,99.17622173775132
9077,26.92,16.56,11,1,7864,88.93915403754806,99.17774734225736
7253,26.91,16.8,9,1,7865,88.95046369599639,99.17927238004553
8225,26.79,14.7,12,1,7866,88.9617733544447,99.18079061721929
1635,26.78,16.55,16,2,7867,88.973083012893,99.18230828767516
5888,26.76,17.02,15,2,7868,88.98439267134133,99.1838248246953
8076,26.740000000000002,17.3,13,2,7869,88.99570232978964,99.18534022827967
5574,26.740000000000002,14.85,13,1,7870,89.00701198823796,99.18685563186406
2303,26.68,15.36,18,2,7871,89.01832164668627,99.18836763514123
10246,26.68,17.48,11,3,7872,89.02963130513459,99.1898796384184
7931,26.64,16.9,12,1,7873,89.0409409635829,99.19138937482408
7634,26.54,14.07,14,1,7874,89.05225062203121,99.19289344405108
6336,26.54,15.66,15,3,7875,89.06356028047952,99.19439751327808
7313,26.509999999999998,14.92,12,2,7876,89.07486993892785,99.19589988235145
4749,26.5,15.47,15,1,7877,89.08617959737616,99.19740168470696
18,26.48,16.1,18,1,7878,89.09748925582447,99.19890235362674
9579,26.47,16.86,12,2,7879,89.1087989142728,99.20040245582862
6468,26.46,16.06,17,2,7880,89.12010857272111,99.20190199131265
8944,26.46,16.03,14,2,7881,89.13141823116942,99.20340152679668
4988,26.44,15.03,12,2,7882,89.14272788961773,99.20489992884498
47,26.43,15.93,12,2,7883,89.15403754806604,99.20639776417539
2025,26.32,15.370000000000001,12,1,7884,89.16534720651437,99.20788936560925
3299,26.259999999999998,16.62,12,1,7885,89.17665686496268,99.20937756673588
3022,26.259999999999998,15.65,11,2,7886,89.18796652341099,99.21086576786251
6143,26.24,15.34,14,2,7887,89.1992761818593,99.2123528355534
4272,26.24,14.89,11,1,7888,89.21058584030762,99.21383990324429
4505,26.22,16.490000000000002,17,2,7889,89.22189549875593,99.21532583749944
7921,26.189999999999998,15.25,10,1,7890,89.23320515720425,99.21681007160097
1258,26.169999999999998,15.38,14,2,7891,89.24451481565256,99.21829317226677
1248,26.16,14.829999999999998,12,1,7892,89.25582447410089,99.21977570621469
2308,26.14,14.67,10,1,7893,89.2671341325492,99.2212571067269
6435,26.13,16.01,14,1,7894,89.27844379099751,99.2227379405212
10261,26.13,16.36,10,2,7895,89.28975344944583,99.2242187743155
3410,26.11,16.64,13,2,7896,89.30106310789414,99.22569847467409
1500,26.11,16.04,12,3,7897,89.31237276634245,99.22717817503268
4640,26.1,16.32,14,1,7898,89.32368242479077,99.2286573086734
4482,26.07,16.509999999999998,11,3,7899,89.33499208323909,99.2301347421605
2975,26.06,14.26,10,1,7900,89.34630174168741,99.23161160892974
5011,26.040000000000003,14.36,14,1,7901,89.35761140013571,99.23308734226323
610,25.92,14.54,10,1,7902,89.36892105858402,99.23455627498228
2522,25.86,15.61,15,1,7903,89.38023071703235,99.23602180739411
5510,25.83,15.07,10,1,7904,89.39154037548066,99.23748563965233
9783,25.82,15.57,14,1,7905,89.40285003392897,99.23894890519269
7431,25.79,16.19,14,2,7906,89.4141596923773,99.24041047057943
3769,25.759999999999998,15.940000000000001,10,1,7907,89.42546935082561,99.24187033581256
1206,25.7,13.91,14,1,7908,89.43677900927392,99.24332680073847
9939,25.68,14.49,9,1,7909,89.44808866772223,99.24478213222864
9120,25.65,14.46,18,1,7910,89.45939832617054,99.2462357635652
1911,25.57,14.36,12,2,7911,89.47070798461887,99.2476848611588
1907,25.57,15.13,10,1,7912,89.48201764306718,99.2491339587524
6121,25.560000000000002,16.02,11,2,7913,89.49332730151549,99.25058248962813
3526,25.56,15.83,9,2,7914,89.50463695996382,99.25203102050388
7468,25.54,15.64,12,1,7915,89.51594661841213,99.25347841794387
3884,25.490000000000002,15.05,10,1,7916,89.52725627686043,99.25492298179451
4427,25.46,15.03,9,3,7917,89.53856593530875,99.25636584549153
7697,25.43,16.23,11,1,7918,89.54987559375706,99.25780700903495
2883,25.4,15.36,13,1,7919,89.56118525220539,99.25924647242475
8967,25.39,14.75,11,2,7920,89.5724949106537,99.26068536909669
8468,25.369999999999997,14.99,12,1,7921,89.58380456910201,99.26212313233289
2374,25.36,14.950000000000001,14,2,7922,89.59511422755033,99.26356032885123
5497,25.36,14.69,14,2,7923,89.60642388599864,99.26499752536957
508,25.34,14.579999999999998,11,3,7924,89.61773354444695,99.26643358845216
8426,25.31,14.85,12,1,7925,89.62904320289528,99.26786795138113
8276,25.25,13.09,10,1,7926,89.64035286134359,99.2692989140029
6420,25.19,15.25,13,2,7927,89.6516625197919,99.27072647631744
10211,25.189999999999998,14.1,12,1,7928,89.66297217824022,99.27215403863198
899,25.13,15.67,10,1,7929,89.67428183668854,99.27357820063929
7918,25.1,16.34,12,1,7930,89.68559149513685,99.27500066249301
3072,25.1,14.65,9,1,7931,89.69690115358516,99.27642312434672
390,25.07,14.05,15,1,7932,89.70821081203347,99.27784388604682
2225,25.07,15.91,13,3,7933,89.7195204704818,99.27926464774693
6362,25.06,15.13,18,3,7934,89.73083012893011,99.28068484272916
8167,25.04,15.12,13,2,7935,89.74213978737842,99.28210390427566
9312,25.03,15.63,10,1,7936,89.75344944582673,99.28352239910427
5520,24.96,15.74,12,1,7937,89.76475910427504,99.2849369269078
7937,24.95,15.14,12,2,7938,89.77606876272337,99.28635088799346
9458,24.94,15.349999999999998,13,1,7939,89.78737842117168,99.28776428236125
6427,24.94,14.74,13,2,7940,89.79868807961999,99.28917767672904
7461,24.939999999999998,14.85,11,1,7941,89.80999773806832,99.29059107109683
1106,24.939999999999998,14.51,18,1,7942,89.82130739651663,99.29200446546461
5796,24.92,13.69,12,1,7943,89.83261705496494,99.29341672639666
2971,24.91,13.879999999999999,10,1,7944,89.84392671341325,99.29482842061084
2891,24.89,15.719999999999999,12,2,7945,89.85523637186157,99.29623898138927
7358,24.87,16.13,10,2,7946,89.86654603030988,99.29764840873197
4563,24.86,14.67,12,2,7947,89.8778556887582,99.29905726935681
3093,24.8,15.709999999999999,11,1,7948,89.88916534720651,99.30046272967442
1184,24.75,14.07,9,1,7949,89.90047500565484,99.30186535640269
2342,24.72,15.17,14,3,7950,89.91178466410315,99.30326628297733
9517,24.67,14.59,13,3,7951,89.92309432255145,99.30466437596263
3223,24.67,13.790000000000001,13,1,7952,89.93440398099978,99.30606246894791
7419,24.62,14.620000000000001,11,1,7953,89.94571363944809,99.30745772834388
9508,24.6,15.8,9,1,7954,89.9570232978964,99.3088518543041
7473,24.5,14.52,16,2,7955,89.96833295634472,99.3102403130856
6131,24.45,15.16,12,2,7956,89.97964261479304,99.31162593827776
1652,24.419999999999998,14.81,9,2,7957,89.99095227324135,99.31300986331631
9767,24.34,15.01,13,1,7958,90.00226193168966,99.3143892546119
2577,24.32,14.43,10,1,7959,90.01357159013797,99.31576751247175
2213,24.32,15.06,15,1,7960,90.0248812485863,99.3171457703316
6695,24.32,14.32,10,1,7961,90.03619090703461,99.31852402819146
2508,24.3,15.48,10,2,7962,90.04750056548292,99.31990115261557
6994,24.27,15.09,15,1,7963,90.05881022393125,99.32127657688608
5470,24.23,14.190000000000001,11,3,7964,90.07011988237956,99.3226497342851
7150,24.15,14.97,9,1,7965,90.08142954082786,99.32401835794114
3313,24.14,13.29,18,3,7966,90.09273919927618,99.32538641487933
1496,24.12,12.74,8,2,7967,90.1040488577245,99.32675333838179
4055,24.119999999999997,14.52,13,1,7968,90.11535851617282,99.32812026188425
7950,24.009999999999998,13.9,13,1,7969,90.12666817462113,99.32948095149013
7577,23.99,16.54,11,1,7970,90.13797783306944,99.33084050766027
7751,23.96,15.11,9,2,7971,90.14928749151775,99.3321983636768
8678,23.96,14.61,14,3,7972,90.16059714996607,99.33355621969332
3866,23.95,14.97,10,1,7973,90.17190680841438,99.33491350899197
67,23.94,14.7,9,2,7974,90.1832164668627,99.33627023157277
2307,23.880000000000003,14.96,10,1,7975,90.19452612531101,99.33762355384633
7919,23.88,13.7,10,1,7976,90.20583578375933,99.33897687611989
6674,23.87,13.22,15,1,7977,90.21714544220765,99.3403296316756
6612,23.86,13.379999999999999,15,1,7978,90.22845510065596,99.34168182051343
9036,23.830000000000002,14.27,11,1,7979,90.23976475910428,99.34303230919765
176,23.83,13.57,10,2,7980,90.25107441755259,99.34438279788188
8718,23.81,13.51,11,1,7981,90.2623840760009,99.34573215313036
326,23.8,13.87,14,3,7982,90.27369373444922,99.34708094166098
4145,23.76,13.530000000000001,15,1,7983,90.28500339289754,99.34842746332009
1160,23.61,13.57,10,2,7984,90.29631305134585,99.34976548421119
6380,23.57,13.72,16,1,7985,90.30762270979416,99.35110123823078
5866,23.55,14.59,10,1,7986,90.31893236824247,99.35243585881464
6823,23.55,13.36,12,1,7987,90.3302420266908,99.35377047939852
3400,23.52,13.850000000000001,11,2,7988,90.34155168513911,99.35510339982876
8936,23.51,14.55,9,1,7989,90.35286134358742,99.35643575354115
6058,23.5,15.15,14,1,7990,90.36417100203575,99.35776754053566
6519,23.48,14.37,9,2,7991,90.37548066048406,99.35909819409441
5595,23.46,13.24,9,1,7992,90.38679031893237,99.36042771421745
784,23.44,15.059999999999999,14,1,7993,90.39809997738068,99.36175610090474
991,23.39,13.89,17,1,7994,90.409409635829,99.36308165400267
2320,23.38,13.87,11,3,7995,90.4207192942773,99.36440664038273
1558,23.35,14.8,12,1,7996,90.43202895272563,99.3657299266092
6160,23.33,13.86,15,2,7997,90.44333861117394,99.36705207939993
5684,23.32,13.64,14,1,7998,90.45464826962227,99.36837366547277
3896,23.29,14.59,12,1,7999,90.46595792807057,99.36969355139202
3517,23.259999999999998,13.93,11,1,8000,90.47726758651888,99.37101173715764
9890,23.259999999999998,15.420000000000002,10,2,8001,90.4885772449672,99.37232992292327
2954,23.240000000000002,13.92,8,2,8002,90.49988690341551,99.37364697525317
3417,23.24,13.84,10,1,8003,90.51119656186383,99.37496402758306
5937,23.2,13.32,13,1,8004,90.52250622031215,99.37627881304147
3534,23.15,12.2,8,2,8005,90.53381587876046,99.37759076491052
1604,23.13,13.170000000000002,8,2,8006,90.54512553720878,99.37890158334383
855,23.12,14.4,13,1,8007,90.55643519565709,99.38021183505928
8525,23.11,15.46,12,1,8008,90.5677448541054,99.38152152005686
1919,23.08,13.48,21,2,8009,90.57905451255372,99.38282950490084
7665,23.06,13.46,8,1,8010,90.59036417100204,99.38413635630907
2101,23.05,14.39,11,1,8011,90.60167382945035,99.38544264099943
8045,23.0,13.59,7,1,8012,90.61298348789867,99.38674609210044
6556,22.98,13.98,10,2,8013,90.62429314634699,99.38804840976572
970,22.94,13.43,12,2,8014,90.63560280479528,99.3893484605595
929,22.919999999999998,14.58,9,1,8015,90.64691246324361,99.39064737791755
9987,22.9,14.28,10,1,8016,90.65822212169192,99.39194516183984
1661,22.9,13.010000000000002,11,1,8017,90.66953178014025,99.39324294576215
5567,22.9,14.46,11,2,8018,90.68084143858856,99.39454072968445
386,22.88,13.0,12,1,8019,90.69215109703687,99.39583738017102
2732,22.87,13.68,12,2,8020,90.70346075548518,99.39713346393972
4311,22.79,13.93,10,2,8021,90.7147704139335,99.39842501396546
8949,22.67,14.35,11,1,8022,90.7260800723818,99.39970976337676
3856,22.62,14.629999999999999,17,1,8023,90.73738973083013,99.40099167919871
7725,22.6,12.32,10,1,8024,90.74869938927844,99.40227246158493
6234,22.59,14.93,11,1,8025,90.76000904772677,99.40355267725327
7900,22.55,13.94,11,1,8026,90.77131870617508,99.40483062605013
4891,22.5,13.3,11,1,8027,90.78262836462339,99.40610574125765
5801,22.490000000000002,13.96,11,2,8028,90.7939380230717,99.40738028974728
6811,22.48,11.959999999999999,13,1,8029,90.80524768152002,99.40865427151905
8648,22.46,12.67,10,1,8030,90.81655733996833,99.40992711985508
283,22.45,13.51,8,2,8031,90.82786699841665,99.41119940147324
5411,22.43,13.620000000000001,13,1,8032,90.83917665686496,99.41247054965565
394,22.41,13.21,10,2,8033,90.85048631531328,99.41374056440233
3779,22.369999999999997,13.34,11,1,8034,90.86179597376159,99.41500831227754
9616,22.35,12.42,14,2,8035,90.8731056322099,99.416274926717
5383,22.34,13.44,12,1,8036,90.88441529065823,99.4175409744386
1435,22.3,12.71,10,1,8037,90.89572494910654,99.4188047552887
2358,22.299999999999997,13.129999999999999,14,1,8038,90.90703460755485,99.42006853613881
5816,22.25,14.06,16,1,8039,90.91834426600317,99.42132948339957
1623,22.240000000000002,12.889999999999999,11,2,8040,90.92965392445149,99.42258986394246
8503,22.23,12.6,9,2,8041,90.9409635828998,99.42384967776748
9738,22.21,12.71,17,2,8042,90.95227324134811,99.42510835815675
5798,22.18,12.75,12,1,8043,90.96358289979642,99.42636533839242
4370,22.17,13.17,11,1,8044,90.97489255824475,99.42762175191021
4506,22.169999999999998,12.15,13,1,8045,90.98620221669306,99.42887816542802
2357,22.16,11.98,8,1,8046,90.99751187514137,99.43013401222794
6043,22.15,11.66,14,2,8047,91.0088215335897,99.43138929230999
7995,22.14,12.93,13,3,8048,91.02013119203801,99.43264400567416
6724,22.13,12.9,11,1,8049,91.0314408504863,99.4338981523205
7728,22.13,13.38,13,1,8050,91.04275050893463,99.4351522989668
4027,22.1,13.29,11,2,8051,91.05406016738294,99.43640474545951
3812,22.1,13.68,11,1,8052,91.06536982583125,99.43765719195223
1699,22.08,13.96,8,1,8053,91.07667948427958,99.4389085050092
2944,22.07,13.35,12,1,8054,91.08798914272789,99.4401592513483
4412,22.01,13.08,12,1,8055,91.0992988011762,99.44140659738018
6025,21.96,12.780000000000001,10,1,8056,91.11060845962452,99.4426511098227
8128,21.919999999999998,13.22,11,1,8057,91.12191811807283,99.44389335539375
9762,21.869999999999997,13.25,9,1,8058,91.13322777652115,99.44513276737545
40,21.86,13.510000000000002,11,1,8059,91.14453743496946,99.4463716126393
1105,21.830000000000002,12.96,13,1,8060,91.15584709341778,99.44760875774952
10028,21.8,12.73,11,1,8061,91.1671567518661,99.44884420270613
6777,21.759999999999998,14.219999999999999,15,2,8062,91.17846641031441,99.45007738079126
6277,21.759999999999998,12.72,11,1,8063,91.18977606876271,99.45131055887639
6342,21.700000000000003,12.870000000000001,10,2,8064,91.20108572721104,99.4525403366543
890,21.67,14.280000000000001,11,1,8065,91.21239538565935,99.45376841427858
3229,21.58,13.100000000000001,9,1,8066,91.22370504410767,99.45499139144206
3515,21.560000000000002,13.59,10,1,8067,91.23501470255599,99.45621323516978
2804,21.52,14.51,16,1,8068,91.2463243610043,99.45743281202604
8327,21.52,11.879999999999999,9,2,8069,91.25763401945261,99.45865238888229
2231,21.52,13.6,13,3,8070,91.26894367790092,99.45987196573853
10090,21.46,13.53,10,1,8071,91.28025333634923,99.46108814228757
7237,21.41,12.94,8,2,8072,91.29156299479756,99.46230148524724
507,21.39,13.13,7,1,8073,91.30287265324587,99.46351369477117
7992,21.36,13.26,7,1,8074,91.3141823116942,99.4647242041415
1695,21.35,13.43,10,1,8075,91.32549197014251,99.46593414679397
266,21.3,12.09,13,1,8076,91.33680162859082,99.46714125585709
7194,21.3,14.299999999999999,11,2,8077,91.34811128703913,99.46834836492019
4475,21.29,14.07,13,2,8078,91.35942094548744,99.46955490726543
5292,21.28,12.559999999999999,10,1,8079,91.37073060393575,99.4707608828928
6959,21.23,13.09,7,1,8080,91.38204026238408,99.47196402493081
9889,21.19,12.129999999999999,9,1,8081,91.39334992083239,99.47316490009736
5976,21.189999999999998,11.96,8,1,8082,91.4046595792807,99.47436577526389
8109,21.16,12.42,12,1,8083,91.41596923772902,99.47556495027682
9416,21.15,12.64,10,1,8084,91.42727889617733,99.47676355857186
6848,21.14,12.44,10,1,8085,91.43858855462565,99.47796160014904
8444,21.13,13.24,11,2,8086,91.44989821307396,99.47915907500835
1293,21.11,12.89,13,3,8087,91.46120787152228,99.48035541643195
4793,21.08,12.54,16,1,8088,91.4725175299706,99.48155005770192
10036,21.05,12.55,13,2,8089,91.48382718841891,99.48274299881828
2518,20.93,12.71,10,2,8090,91.49513684686723,99.4839291393202
1009,20.919999999999998,13.04,12,1,8091,91.50644650531554,99.48511471310424
2268,20.9,11.95,10,2,8092,91.51775616376385,99.48629915345253
3895,20.89,12.959999999999999,11,1,8093,91.52906582221217,99.48748302708297
5586,20.88,13.23,7,1,8094,91.54037548066049,99.48866633399554
3846,20.86,12.7,13,2,8095,91.5516851391088,99.48984850747237
4217,20.86,11.459999999999999,7,2,8096,91.56299479755712,99.49103068094921
8431,20.84,12.87,9,1,8097,91.57430445600542,99.4922117209903
1164,20.84,12.61,14,1,8098,91.58561411445373,99.4933927610314
5804,20.83,11.58,8,2,8099,91.59692377290206,99.4945732343546
10135,20.79,12.06,10,1,8100,91.60823343135037,99.49575144080636
10175,20.77,12.77,10,1,8101,91.61954308979868,99.49692851382235
5005,20.75,12.13,10,2,8102,91.63085274824701,99.49810445340262
2967,20.740000000000002,11.49,12,1,8103,91.64216240669532,99.499279826265
6023,20.73,12.12,9,2,8104,91.65347206514363,99.50045463240951
6140,20.7,12.57,9,1,8105,91.66478172359194,99.50162773840042
3793,20.69,13.59,13,1,8106,91.67609138204025,99.50280027767346
6796,20.68,12.2,15,1,8107,91.68740104048858,99.50397225022863
1985,20.63,12.79,9,1,8108,91.69871069893689,99.50514138919443
3453,20.62,11.99,12,2,8109,91.7100203573852,99.50630996144238
6485,20.61,12.170000000000002,8,1,8110,91.72133001583353,99.50747796697247
3119,20.61,11.55,12,1,8111,91.73263967428184,99.50864597250256
263,20.53,12.18,8,1,8112,91.74394933273015,99.50980944428967
1796,20.5,12.47,10,3,8113,91.75525899117847,99.51097121592318
3393,20.490000000000002,11.23,11,2,8114,91.76656864962678,99.51213242083882
1458,20.46,11.49,11,1,8115,91.7778783080751,99.51329192560085
8630,20.42,12.77,15,1,8116,91.78918796652341,99.51444916349139
5217,20.419999999999998,13.24,8,1,8117,91.80049762497173,99.51560640138194
2792,20.4,12.76,13,1,8118,91.81180728342004,99.51676250583674
1296,20.380000000000003,12.219999999999999,9,2,8119,91.82311694186835,99.5179174768558
3727,20.38,11.78,12,2,8120,91.83442660031666,99.51907244787486
6319,20.38,13.120000000000001,12,3,8121,91.84573625876499,99.52022741889392
7160,20.37,12.01,12,2,8122,91.8570459172133,99.52138182319513
5496,20.369999999999997,11.65,10,2,8123,91.86835557566162,99.52253622749635
3770,20.36,12.51,8,1,8124,91.87966523410994,99.52369006507968
3565,20.35,11.11,13,1,8125,91.89097489255825,99.52484333594514
113,20.34,13.1,8,1,8126,91.90228455100656,99.52599604009272
90,20.28,11.850000000000001,12,1,8127,91.91359420945487,99.5271453439331
4213,20.28,10.98,11,1,8128,91.92490386790318,99.52829464777346
6513,20.259999999999998,12.26,9,2,8129,91.93621352635151,99.5294428181781
1179,20.21,12.08,7,1,8130,91.94752318479982,99.53058815499337
9817,20.189999999999998,11.76,10,1,8131,91.95883284324815,99.5317323583729
7430,20.16,11.719999999999999,6,1,8132,91.97014250169644,99.53287486159883
9646,20.13,12.3,10,3,8133,91.98145216014476,99.53401566467114
111,20.11,12.15,12,1,8134,91.99276181859308,99.53515533430772
9723,20.07,11.57,8,1,8135,92.00407147704139,99.53629273707283
5504,20.05,12.13,9,1,8136,92.0153811354897,99.53742900640219
9913,19.990000000000002,11.96,11,2,8137,92.02669079393803,99.53856187542432
3200,19.98,11.99,11,1,8138,92.03800045238634,99.53969417772859
2750,19.95,13.149999999999999,11,1,8139,92.04931011083465,99.54082477987924
5463,19.919999999999998,11.26,12,2,8140,92.06061976928297,99.5419536818763
9305,19.900000000000002,11.149999999999999,10,2,8141,92.07192942773128,99.5430814504376
3956,19.9,12.39,10,1,8142,92.0832390861796,99.5442092189989
220,19.86,11.879999999999999,6,2,8143,92.09454874462791,99.54533472068873
4387,19.8,12.34,10,1,8144,92.10585840307623,99.54645682207133
1233,19.76,12.89,10,2,8145,92.11716806152455,99.54757665658246
6644,19.73,11.77,9,1,8146,92.12847771997286,99.54869479093999
516,19.7,10.55,8,1,8147,92.13978737842116,99.5498112251439
2754,19.7,10.879999999999999,8,1,8148,92.15109703686949,99.55092765934779
3563,19.68,11.92,13,2,8149,92.1624066953178,99.55204296011595
10092,19.669999999999998,11.01,10,2,8150,92.17371635376611,99.55315769416626
7394,19.64,11.88,10,2,8151,92.18502601221444,99.55427072806293
2159,19.63,11.74,8,1,8152,92.19633567066275,99.55538319524176
7925,19.6,11.14,8,1,8153,92.20764532911106,99.55649396226697
1467,19.58,11.52,8,1,8154,92.21895498755937,99.55760359585643
3606,19.57,12.47,8,1,8155,92.23026464600768,99.55871266272803
2292,19.549999999999997,11.280000000000001,7,1,8156,92.24157430445601,99.55982059616389
5850,19.54,11.010000000000002,11,1,8157,92.25288396290432,99.56092796288189
7078,19.54,12.64,10,1,8158,92.26419362135263,99.56203532959988
7498,19.54,10.780000000000001,11,1,8159,92.27550327980096,99.56314269631787
5045,19.5,11.12,10,1,8160,92.28681293824927,99.56424779616438
9472,19.5,12.629999999999999,8,1,8161,92.29812259669758,99.56535289601088
10027,19.490000000000002,12.07,9,1,8162,92.3094322551459,99.56645742913952
2720,19.48,11.99,9,1,8163,92.3207419135942,99.56756139555029
1498,19.479999999999997,12.13,12,2,8164,92.33205157204253,99.56866536196105
5474,19.39,11.48,10,2,8165,92.34336123049084,99.56976422791098
3520,19.35,11.71,11,2,8166,92.35467088893915,99.57086082698945
8079,19.34,12.100000000000001,12,2,8167,92.36598054738747,99.57195685935004
8480,19.28,11.72,10,3,8168,92.37729020583578,99.57304949140341
7202,19.28,11.4,11,1,8169,92.38859986428409,99.57414212345678
3877,19.25,10.76,8,1,8170,92.39990952273241,99.57523305535653
5521,19.24,12.100000000000001,12,1,8171,92.41121918118073,99.57632342053843
1933,19.23,11.34,12,2,8172,92.42252883962905,99.57741321900244
4939,19.22,11.08,8,1,8173,92.43383849807736,99.57850245074859
3405,19.2,11.46,9,2,8174,92.44514815652568,99.57959054905899
3521,19.18,11.280000000000001,10,1,8175,92.45645781497399,99.58067751393365
492,19.16,11.73,10,2,8176,92.4677674734223,99.58176334537258
3605,19.16,10.16,9,1,8177,92.47907713187061,99.58284917681151
4940,19.14,11.94,8,1,8178,92.49038679031894,99.58393387481469
829,19.14,12.2,8,1,8179,92.50169644876725,99.58501857281786
9935,19.12,11.1,8,1,8180,92.51300610721557,99.58610213738532
8005,19.05,12.12,13,1,8181,92.52431576566387,99.58718173492768
3385,19.04,11.03,9,2,8182,92.53562542411218,99.58826076575217
8881,18.990000000000002,11.030000000000001,14,3,8183,92.54693508256051,99.5893369629873
10039,18.950000000000003,12.37,10,1,8184,92.55824474100882,99.59041089335096
1087,18.9,11.52,6,1,8185,92.56955439945713,99.59148199012526
4199,18.87,10.84,9,1,8186,92.58086405790546,99.59255138674597
385,18.86,10.76,12,1,8187,92.59217371635377,99.5936202166488
7732,18.83,10.51,7,1,8188,92.60348337480208,99.59468734639802
7886,18.810000000000002,11.17,11,1,8189,92.6147930332504,99.5957533427115
3356,18.77,11.379999999999999,7,1,8190,92.6261026916987,99.5968170721535
5688,18.76,10.64,8,1,8191,92.63741235014703,99.59788023487764
7302,18.75,10.79,8,1,8192,92.64872200859534,99.59894283088389
2598,18.72,11.59,11,1,8193,92.66003166704365,99.60000372673653
7259,18.67,11.29,10,1,8194,92.67134132549198,99.60106178899983
8836,18.67,10.89,11,1,8195,92.68265098394028,99.60211985126313
2417,18.66,11.14,6,1,8196,92.69396064238859,99.60317734680855
2778,18.63,11.16,9,2,8197,92.70527030083691,99.60423314220036
3142,18.63,11.99,9,1,8198,92.71657995928523,99.60528893759216
2383,18.6,11.6,10,2,8199,92.72788961773355,99.60634303283038
7008,18.58,10.67,11,2,8200,92.73919927618186,99.60739599463285
5564,18.51,12.05,9,1,8201,92.75050893463018,99.60844498941023
1194,18.490000000000002,10.84,8,1,8202,92.76181859307849,99.60949285075186
4966,18.44,10.48,6,1,8203,92.7731282515268,99.61053787850415
8726,18.44,11.15,13,1,8204,92.78443790997511,99.61158290625643
9818,18.42,10.620000000000001,8,1,8205,92.79574756842344,99.61262680057298
974,18.4,11.32,8,1,8206,92.80705722687175,99.61366956145378
8705,18.4,11.28,16,1,8207,92.81836688532006,99.61471232233458
2755,18.380000000000003,11.91,8,1,8208,92.82967654376839,99.61575394977964
3107,18.38,10.9,16,3,8209,92.8409862022167,99.6167955772247
795,18.36,11.22,9,1,8210,92.85229586066501,99.61783607123404
309,18.32,10.86,10,1,8211,92.86360551911332,99.61887429837188
584,18.28,11.049999999999999,9,2,8212,92.87491517756163,99.61991025863826
2018,18.26,9.959999999999999,11,1,8213,92.88622483600996,99.62094508546888
6331,18.240000000000002,10.379999999999999,9,1,8214,92.89753449445827,99.62197877886378
9240,18.240000000000002,9.52,9,1,8215,92.90884415290658,99.62301247225865
31,18.24,10.48,9,1,8216,92.9201538113549,99.62404616565354
2831,18.23,10.74,9,1,8217,92.9314634698032,99.62507929233057
1964,18.23,11.15,15,4,8218,92.94277312825152,99.62611241900758
9096,18.200000000000003,10.280000000000001,8,1,8219,92.95408278669984,99.62714384553098
3658,18.19,11.66,12,1,8220,92.96539244514815,99.62817470533652
4730,18.13,10.7,7,1,8221,92.97670210359648,99.62920216483482
932,18.12,11.24,6,1,8222,92.98801176204479,99.63022905761528
7045,18.11,11.96,10,1,8223,92.9993214204931,99.63125538367787
7278,18.11,10.67,9,1,8224,93.01063107894142,99.63228170974044
5236,18.099999999999998,10.14,10,1,8225,93.02194073738973,99.63330746908517
9046,18.08,10.49,9,1,8226,93.03325039583804,99.63433209499414
9872,18.02,10.98,10,2,8227,93.04456005428636,99.63535332059588
4818,18.02,11.0,9,1,8228,93.05586971273468,99.63637454619763
8349,18.02,11.03,9,1,8229,93.067179371183,99.63739577179938
5730,17.990000000000002,11.870000000000001,11,1,8230,93.0784890296313,99.63841529724752
6856,17.98,10.98,11,2,8231,93.08979868807961,99.63943425597778
3827,17.97,11.26,8,1,8232,93.10110834652794,99.64045264799017
384,17.94,9.94,8,1,8233,93.11241800497625,99.64146933984897
4889,17.89,11.36,14,2,8234,93.12372766342456,99.6424831981184
5417,17.83,10.04,12,1,8235,93.13503732187289,99.64349365608062
3017,17.67,10.26,9,1,8236,93.1463469803212,99.6444950465569
3232,17.66,10.92,10,1,8237,93.15765663876951,99.64549587031533
10269,17.66,10.64,10,1,8238,93.16896629721782,99.64649669407375
4770,17.65,10.54,11,1,8239,93.18027595566613,99.6474969511143
2531,17.65,11.309999999999999,7,2,8240,93.19158561411446,99.64849720815485
3665,17.57,10.02,8,1,8241,93.20289527256277,99.64949293145246
9911,17.560000000000002,9.99,8,1,8242,93.21420493101108,99.65048808803219
7686,17.56,9.95,10,2,8243,93.22551458945941,99.65148324461191
5165,17.54,10.84,10,2,8244,93.23682424790772,99.6524772677559
7754,17.52,9.940000000000001,7,1,8245,93.24813390635602,99.65347015746416
4192,17.5,10.2,8,1,8246,93.25944356480434,99.65446191373665
4974,17.5,11.11,16,2,8247,93.27075322325265,99.65545367000917
3062,17.47,11.5,7,1,8248,93.28206288170098,99.65644372612806
7167,17.43,10.370000000000001,10,1,8249,93.29337254014929,99.65743151537548
1609,17.42,10.05,9,2,8250,93.3046821985976,99.65841873790502
2104,17.37,10.14,9,1,8251,93.31599185704592,99.65940312684522
1462,17.31,9.629999999999999,6,1,8252,93.32730151549423,99.66038411547821
2706,17.29,10.14,11,2,8253,93.33861117394254,99.66136397067544
9875,17.28,11.42,6,1,8254,93.34992083239086,99.66234325915481
8025,17.26,10.45,9,2,8255,93.36123049083918,99.66332141419844
6139,17.25,11.08,10,1,8256,93.37254014928749,99.66429900252419
5638,17.21,9.65,10,1,8257,93.38384980773581,99.66527432397847
9655,17.2,10.17,10,1,8258,93.39515946618413,99.66624907871487
130,17.05,9.77,9,1,8259,93.40646912463244,99.66721533268324
1708,17.049999999999997,10.11,13,1,8260,93.41777878308075,99.6681815866516
2623,17.0,10.8,9,2,8261,93.42908844152906,99.66914500703061
6173,16.98,9.47,8,1,8262,93.44039809997739,99.67010729397387
1711,16.96,9.52,8,1,8263,93.4517077584257,99.67106844748139
7385,16.94,9.84,8,1,8264,93.46301741687401,99.67202846755318
7314,16.91,10.61,6,1,8265,93.47432707532232,99.67298678747134
8417,16.9,10.32,11,1,8266,93.48563673377063,99.67394454067164
2960,16.87,9.33,10,1,8267,93.49694639221896,99.67490059371835
2797,16.86,9.31,9,1,8268,93.50825605066727,99.67585608004718
4569,16.84,9.61,8,1,8269,93.51956570911558,99.67681043294027
2836,16.84,9.72,7,1,8270,93.53087536756391,99.67776478583336
3409,16.81,10.15,12,1,8271,93.54218502601222,99.67871743857285
4108,16.78,9.94,8,2,8272,93.55349468446053,99.67966839115871
2660,16.77,9.92,9,2,8273,93.56480434290884,99.68061877702671
6795,16.75,9.31,7,2,8274,93.57611400135715,99.68156802945897
7786,16.73,9.34,8,1,8275,93.58742365980547,99.68251614845548
7766,16.72,10.44,6,1,8276,93.59873331825379,99.68346370073414
1413,16.72,8.89,10,2,8277,93.6100429767021,99.68441125301277
2854,16.69,9.33,8,2,8278,93.62135263515043,99.68535710513781
12,16.68,9.88,6,1,8279,93.63266229359873,99.68630239054497
7506,16.68,9.54,6,1,8280,93.64397195204704,99.68724767595214
5209,16.62,10.36,8,1,8281,93.65528161049536,99.68818956105208
5097,16.560000000000002,10.22,8,1,8282,93.66659126894368,99.68912804584483
6164,16.51,10.04,11,1,8283,93.67790092739199,99.69006369704819
9784,16.509999999999998,9.26,5,1,8284,93.68921058584031,99.69099934825158
3278,16.5,8.61,8,1,8285,93.70052024428863,99.69193443273709
8401,16.490000000000002,10.27,8,1,8286,93.71182990273694,99.6928689505047
4400,16.42,8.77,7,1,8287,93.72313956118525,99.69379950124726
6998,16.4,10.780000000000001,6,1,8288,93.73444921963356,99.69472891855405
7742,16.39,9.24,7,1,8289,93.74575887808189,99.69565776914298
1597,16.38,10.47,9,2,8290,93.7570685365302,99.69658605301404
736,16.36,9.129999999999999,7,2,8291,93.76837819497851,99.69751320344939
926,16.36,10.299999999999999,11,1,8292,93.77968785342684,99.6984403538847
4702,16.36,9.72,10,1,8293,93.79099751187513,99.69936750432005
8781,16.36,9.48,7,1,8294,93.80230717032345,99.70029465475538
4715,16.32,9.08,6,1,8295,93.81361682877177,99.70121953831924
8585,16.3,9.780000000000001,12,1,8296,93.82492648722008,99.70214328844735
6973,16.3,10.12,12,2,8297,93.83623614566841,99.70306703857544
841,16.25,9.57,9,1,8298,93.84754580411672,99.7039879551142
1603,16.25,9.33,8,1,8299,93.85885546256503,99.70490887165296
5785,16.2,9.48,6,1,8300,93.87016512101334,99.70582695460236
3927,16.2,9.34,7,1,8301,93.88147477946166,99.70674503755177
388,16.13,9.780000000000001,10,2,8302,93.89278443790997,99.70765915347609
2128,16.12,9.040000000000001,8,1,8303,93.90409409635829,99.70857270268253
3651,16.08,9.719999999999999,6,1,8304,93.9154037548066,99.7094839850175
5706,16.06,10.16,5,1,8305,93.92671341325492,99.71039413391674
8282,16.03,9.07,9,1,8306,93.93802307170324,99.71130258266236
2991,16.03,10.57,10,2,8307,93.94933273015155,99.71221103140797
862,15.86,9.54,10,1,8308,93.96064238859987,99.7131098459498
5828,15.86,10.3,6,1,8309,93.97195204704818,99.71400866049164
956,15.84,9.53,12,2,8310,93.98326170549649,99.71490634159773
2887,15.79,9.09,7,1,8311,93.99457136394481,99.71580118911446
1417,15.79,10.35,5,1,8312,94.00588102239313,99.7166960366312
3694,15.79,9.03,11,1,8313,94.01719068084144,99.71759088414794
7759,15.780000000000001,8.94,6,1,8314,94.02850033928975,99.7184851649468
2847,15.78,9.88,8,1,8315,94.03980999773806,99.71937944574567
3429,15.72,10.2,4,1,8316,94.05111965618639,99.72027032623731
1516,15.719999999999999,9.27,9,1,8317,94.0624293146347,99.72116120672896
2328,15.64,9.83,6,1,8318,94.07373897308301,99.72204755347764
2301,15.61,9.22,11,2,8319,94.08504863153134,99.72293220007272
2013,15.59,9.25,6,1,8320,94.09635828997965,99.72381571323207
514,15.580000000000002,9.38,10,1,8321,94.10766794842796,99.72469865967354
3007,15.57,8.16,6,1,8322,94.11897760687627,99.72558103939714
7135,15.57,10.35,7,1,8323,94.13028726532458,99.72646341912073
7495,15.51,9.49,5,1,8324,94.1415969237729,99.7273423985371
9326,15.5,9.34,6,1,8325,94.15290658222122,99.72822081123563
6810,15.5,9.6,7,1,8326,94.16421624066953,99.72909922393413
10112,15.48,9.15,6,1,8327,94.17552589911786,99.7299765031969
4668,15.48,10.11,7,1,8328,94.18683555756616,99.73085378245966
1188,15.47,9.36,10,3,8329,94.19814521601447,99.73173049500456
3699,15.47,8.98,7,1,8330,94.20945487446279,99.73260720754945
7784,15.37,8.28,9,1,8331,94.2207645329111,99.73347825291566
6520,15.360000000000001,9.09,8,1,8332,94.23207419135942,99.73434873156398
2580,15.350000000000001,8.52,5,1,8333,94.24338384980774,99.73521864349443
6898,15.34,9.440000000000001,7,1,8334,94.25469350825605,99.73608798870703
3943,15.32,8.629999999999999,5,1,8335,94.26600316670437,99.73695620048389
1562,15.29,8.719999999999999,8,1,8336,94.27731282515268,99.73782271210713
7898,15.26,8.46,6,1,8337,94.28862248360099,99.73868752357676
5856,15.25,9.51,7,1,8338,94.29993214204931,99.73955176832851
1088,15.23,9.78,9,2,8339,94.31124180049763,99.74041487964452
6109,15.21,9.73,8,1,8340,94.32255145894594,99.7412768575248
2116,15.18,9.11,10,1,8341,94.33386111739426,99.74213713525145
1230,15.16,9.290000000000001,9,1,8342,94.34517077584258,99.74299627954237
6128,15.13,8.979999999999999,7,1,8343,94.35648043429087,99.74385372367969
6639,15.12,9.52,4,1,8344,94.3677900927392,99.74471060109914
8590,15.09,9.18,12,2,8345,94.37909975118751,99.74556577836499
8213,15.09,9.21,5,1,8346,94.39040940963584,99.74642095563082
6281,15.080000000000002,7.76,8,1,8347,94.40171906808415,99.7472755661788
9547,15.08,9.23,5,1,8348,94.41302872653246,99.74813017672676
8090,15.02,10.009999999999998,7,1,8349,94.42433838498077,99.7489813869675
1405,15.0,9.93,6,1,8350,94.43564804342908,99.74983146377252
7066,14.98,8.620000000000001,9,2,8351,94.4469577018774,99.75068040714177
5795,14.94,9.2,10,1,8352,94.45826736032572,99.75152708363957
3837,14.92,7.8100000000000005,5,1,8353,94.46957701877403,99.7523726267016
2812,14.91,8.719999999999999,7,1,8354,94.48088667722236,99.75321760304577
4031,14.870000000000001,8.99,6,1,8355,94.49219633567067,99.75406031251848
9048,14.84,8.86,7,2,8356,94.50350599411898,99.75490132183758
8492,14.83,9.42,6,1,8357,94.5148156525673,99.75574176443878
963,14.82,8.940000000000001,6,1,8358,94.5261253110156,99.75658164032214
7400,14.81,9.45,9,1,8359,94.53743496946392,99.75742094948762
8030,14.8,9.2,8,1,8360,94.54874462791224,99.75825969193522
4624,14.790000000000001,9.39,6,1,8361,94.56005428636055,99.75909786766496
3171,14.77,8.57,9,1,8362,94.57136394480887,99.75993490995896
4859,14.72,8.5,7,1,8363,94.58267360325718,99.7607691186636
1320,14.7,8.86,8,1,8364,94.59398326170549,99.7616021939325
124,14.68,8.14,6,1,8365,94.60529292015381,99.76243413576567
4394,14.65,9.1,7,1,8366,94.61660257860213,99.76326437744522
3399,14.64,8.79,7,2,8367,94.62791223705044,99.7640940524069
6497,14.6,9.24,6,1,8368,94.63922189549876,99.7649214604971
2319,14.59,8.77,9,1,8369,94.65053155394708,99.76574830186945
1852,14.57,8.86,6,1,8370,94.66184121239539,99.76657400980605
4042,14.489999999999998,7.98,9,1,8371,94.6731508708437,99.76739518399968
1903,14.459999999999999,9.36,6,1,8372,94.68446052929201,99.76821465803971
2889,14.43,9.459999999999999,5,1,8373,94.69577018774034,99.76903243192614
3962,14.34,7.95,7,1,8374,94.70707984618865,99.76984510535172
5117,14.34,7.859999999999999,6,1,8375,94.71838950463696,99.7706577787773
7955,14.34,8.43,7,1,8376,94.72969916308529,99.77147045220289
308,14.33,8.83,9,1,8377,94.74100882153358,99.77228255891062
8513,14.290000000000001,9.14,8,1,8378,94.7523184799819,99.77309239874685
1006,14.26,8.27,9,2,8379,94.76362813843022,99.77390053842949
5260,14.219999999999999,8.13,6,1,8380,94.77493779687853,99.77470641124062
2972,14.190000000000001,7.38,6,1,8381,94.78624745532684,99.77551058389817
5600,14.18,9.52,7,1,8382,94.79755711377517,99.77631418983782
458,14.18,8.18,11,1,8383,94.80886677222348,99.77711779577749
9853,14.14,7.970000000000001,8,1,8384,94.8201764306718,99.77791913484566
1924,14.120000000000001,9.39,5,1,8385,94.8314860891201,99.77871934047812
6214,14.04,9.1,8,1,8386,94.84279574756842,99.7795150123676
7901,14.01,9.19,6,1,8387,94.85410540601674,99.78030898410348
469,13.98,8.44,10,1,8388,94.86541506446505,99.78110125568574
3263,13.94,7.77,6,1,8389,94.87672472291337,99.78189126039652
3036,13.920000000000002,8.44,7,1,8390,94.88803438136169,99.78268013167157
9789,13.92,8.55,6,1,8391,94.89934403980999,99.78346900294662
7125,13.91,8.39,8,2,8392,94.9106536982583,99.78425730750378
6672,13.860000000000001,8.46,8,1,8393,94.92196335670663,99.7850427784716
8447,13.86,7.31,5,1,8394,94.93327301515494,99.78582824943945
6368,13.85,7.86,11,1,8395,94.94458267360326,99.7866131536894
9054,13.85,9.18,5,2,8396,94.95589233205158,99.78739805793936
6378,13.84,9.26,9,2,8397,94.96720199049989,99.78818239547145
488,13.81,8.31,8,1,8398,94.9785116489482,99.78896503284993
5328,13.81,8.67,8,2,8399,94.98982130739651,99.78974767022841
4786,13.8,7.6,4,1,8400,95.00113096584482,99.79052974088903
7349,13.77,7.93,6,1,8401,95.01244062429315,99.79131011139602
3712,13.760000000000002,8.25,6,1,8402,95.02375028274146,99.79208991518514
4382,13.73,7.81,8,2,8403,95.03505994118979,99.79286801882066
1459,13.72,8.8,4,1,8404,95.0463695996381,99.7936455557383
5969,13.72,7.0,4,1,8405,95.05767925808641,99.79442309265595
5646,13.709999999999999,7.59,7,1,8406,95.06898891653472,99.79520006285571
9126,13.68,7.66,8,1,8407,95.08029857498303,99.79597533290188
5052,13.68,8.15,9,1,8408,95.09160823343134,99.79675060294804
7183,13.65,8.63,8,2,8409,95.10291789187967,99.7975241728406
4593,13.620000000000001,8.71,6,1,8410,95.11422755032798,99.79829604257955
3628,13.61,7.69,8,1,8411,95.1255372087763,99.79906734560062
4182,13.6,8.25,7,1,8412,95.1368468672246,99.79983808190383
800,13.59,7.83,9,1,8413,95.14815652567292,99.80060825148918
383,13.56,8.16,6,1,8414,95.15946618412124,99.80137672092091
4729,13.56,8.02,6,1,8415,95.17077584256955,99.80214519035263
7211,13.56,9.059999999999999,6,1,8416,95.18208550101787,99.80291365978437
3862,13.559999999999999,8.0,7,1,8417,95.19339515946619,99.80368212921609
2484,13.530000000000001,8.56,8,1,8418,95.2047048179145,99.8044488984942
6125,13.51,8.26,6,1,8419,95.21601447636282,99.80521453433659
1307,13.44,8.24,10,1,8420,95.22732413481113,99.80597620315386
4124,13.43,7.9399999999999995,7,2,8421,95.23863379325944,99.80673730525328
10125,13.4,7.15,8,1,8422,95.24994345170776,99.80749670719908
6653,13.39,7.890000000000001,6,1,8423,95.26125311015608,99.808255542427
9136,13.379999999999999,7.86,6,2,8424,95.27256276860439,99.80901381093706
19,13.370000000000001,7.66,8,1,8425,95.28387242705271,99.80977151272927
7351,13.3,7.5,9,1,8426,95.29518208550101,99.81052524749637
10010,13.299999999999999,7.859999999999999,10,3,8427,95.30649174394932,99.81127898226349
7432,13.29,7.76,7,1,8428,95.31780140239765,99.81203215031272
5456,13.2,7.46,7,2,8429,95.32911106084596,99.81278021790112
7053,13.190000000000001,8.35,7,1,8430,95.34042071929427,99.81352771877165
9290,13.19,7.8,8,1,8431,95.3517303777426,99.81427521964218
9636,13.15,8.05,5,1,8432,95.36304003619091,99.81502045364124
1969,13.14,7.92,10,1,8433,95.37434969463922,99.81576512092242
2766,13.13,7.9,9,2,8434,95.38565935308753,99.81650922148573
9518,13.09,7.5600000000000005,8,1,8435,95.39696901153584,99.81725105517756
8553,13.08,7.359999999999999,5,1,8436,95.40827866998417,99.81799232215154
10086,13.08,8.25,8,1,8437,95.41958832843248,99.81873358912551
1111,13.04,7.7,6,1,8438,95.4308979868808,99.819472589228
249,13.030000000000001,7.26,5,1,8439,95.44220764532912,99.82021102261261
4970,12.99,7.88,8,1,8440,95.45351730377743,99.82094718912575
1713,12.96,6.68,5,1,8441,95.46482696222574,99.82168165548528
9043,12.96,7.6,9,1,8442,95.47613662067405,99.8224161218448
1779,12.96,7.76,6,1,8443,95.48744627912237,99.82315058820431
9635,12.91,7.24,7,2,8444,95.49875593757069,99.82388222097448
1066,12.9,7.86,9,1,8445,95.510065596019,99.82461328702679
1725,12.84,7.24,9,1,8446,95.52137525446732,99.82534095277188
1774,12.82,7.48,5,1,8447,95.53268491291563,99.82606748508123
7554,12.79,7.3,7,1,8448,95.54399457136394,99.82679231723695
8971,12.78,7.68,6,1,8449,95.55530422981225,99.82751658267482
10197,12.77,7.4399999999999995,11,2,8450,95.56661388826058,99.82824028139483
4260,12.73,8.16,10,1,8451,95.57792354670889,99.82896171324333
2717,12.709999999999999,7.66,7,1,8452,95.58923320515721,99.8296820116561
4309,12.709999999999999,7.28,10,1,8453,95.60054286360553,99.83040231006889
6333,12.7,7.18,6,1,8454,95.61185252205384,99.83112204176379
3848,12.68,7.92,6,1,8455,95.62316218050215,99.83184064002295
9442,12.66,7.6499999999999995,7,1,8456,95.63447183895046,99.83255810484637
1225,12.65,7.93,7,1,8457,95.64578149739877,99.83327500295192
4933,12.65,7.99,9,1,8458,95.6570911558471,99.83399190105747
835,12.64,8.23,5,1,8459,95.66840081429541,99.83470823244515
9617,12.629999999999999,7.54,6,2,8460,95.67971047274372,99.83542399711496
2801,12.61,7.29,9,2,8461,95.69102013119203,99.83613862834903
7462,12.57,7.279999999999999,7,1,8462,95.70232978964034,99.83685099271163
1735,12.52,7.32,4,1,8463,95.71363944808867,99.83756052348488
4895,12.5,7.3,5,1,8464,95.72494910653698,99.83826892082239
4681,12.43,7.390000000000001,5,1,8465,95.7362587649853,99.8389733511348
9330,12.42,7.0600000000000005,6,1,8466,95.74756842343362,99.83967721472933
6920,12.4,7.14,4,1,8467,95.75887808188193,99.84037994488814
9882,12.35,7.18,6,1,8468,95.77018774033024,99.8410798414576
7981,12.34,7.51,7,1,8469,95.78149739877855,99.84177917130918
3095,12.29,7.5600000000000005,7,1,8470,95.79280705722687,99.84247566757143
5330,12.27,7.709999999999999,6,1,8471,95.80411671567519,99.84317103039793
3619,12.24,7.84,4,1,8472,95.8154263741235,99.8438646930708
233,12.21,6.27,4,1,8473,95.82673603257182,99.84455665559008
6379,12.17,7.31,5,1,8474,95.83804569102014,99.84524635123788
7756,12.16,7.55,9,1,8475,95.84935534946844,99.8459354801678
4500,12.129999999999999,6.97,9,1,8476,95.86066500791675,99.8466229089441
8307,12.1,7.14,7,1,8477,95.87197466636508,99.84730863756681
5110,12.05,6.960000000000001,6,1,8478,95.88328432481339,99.84799153260016
9969,11.969999999999999,7.23,6,1,8479,95.8945939832617,99.84866989389056
2364,11.91,7.38,3,1,8480,95.90590364171003,99.84934485487373
5356,11.83,7.050000000000001,5,1,8481,95.91721330015834,99.85001528211394
4095,11.8,7.8100000000000005,7,1,8482,95.92852295860665,99.85068400920055
444,11.8,6.6,4,1,8483,95.93983261705496,99.85135273628715
6623,11.79,7.15,5,1,8484,95.95114227550327,99.8520208966559
9478,11.78,7.15,6,1,8485,95.9624519339516,99.85268849030676
6625,11.76,7.68,8,1,8486,95.97376159239991,99.85335495052189
7778,11.72,7.72,6,1,8487,95.98507125084822,99.85401914386554
8330,11.65,6.85,5,1,8488,95.99638090929655,99.85467937018409
6682,11.64,6.64,4,1,8489,96.00769056774485,99.85533902978476
596,11.620000000000001,7.68,8,1,8490,96.01900022619317,99.85599755594971
10179,11.61,6.88,6,2,8491,96.03030988464148,99.8566555153968
7353,11.57,7.140000000000001,5,1,8492,96.0416195430898,99.85731120797239
2805,11.55,6.6,5,1,8493,96.05292920153812,99.85796576711225
4551,11.52,5.91,6,1,8494,96.06423885998643,99.85861862609849
3678,11.51,7.3500000000000005,4,1,8495,96.07554851843474,99.85927091836687
303,11.51,6.27,7,1,8496,96.08685817688306,99.85992321063524
8616,11.43,6.2299999999999995,9,1,8497,96.09816783533137,99.86057096916066
10044,11.43,6.6,6,1,8498,96.10947749377968,99.86121872768607
1926,11.43,8.01,3,1,8499,96.120787152228,99.86186648621148
4542,11.4,6.74,4,1,8500,96.13209681067632,99.86251254458328
9742,11.379999999999999,6.48,4,1,8501,96.14340646912464,99.86315746951934
5122,11.37,6.8,4,1,8502,96.15471612757295,99.86380182773755
8465,11.32,6.699999999999999,6,1,8503,96.16602578602127,99.86444335236638
7817,11.29,6.6899999999999995,5,1,8504,96.17733544446958,99.86508317684162
3217,11.27,6.29,6,2,8505,96.18864510291789,99.86572186788112
4980,11.26,7.039999999999999,4,1,8506,96.1999547613662,99.86635999220275
6330,11.219999999999999,6.87,5,1,8507,96.21126441981453,99.86699584965288
168,11.16,6.61,5,2,8508,96.22257407826284,99.86762830679581
5955,11.14,6.36,5,1,8509,96.23388373671116,99.86825963050299
9861,11.120000000000001,5.9,6,1,8510,96.24519339515946,99.86888982077443
380,11.1,6.609999999999999,5,2,8511,96.25650305360777,99.86951887761015
7771,11.05,6.13,7,1,8512,96.2678127120561,99.8701451008565
8603,11.0,6.76,6,1,8513,96.27912237050441,99.87076849051351
4141,10.98,6.27,3,1,8514,96.29043202895272,99.87139074673476
5662,10.959999999999999,6.93,4,2,8515,96.30174168740105,99.87201186952029
7597,10.95,6.72,6,1,8516,96.31305134584936,99.87263242558795
9836,10.95,5.9,5,1,8517,96.32436100429767,99.8732529816556
8223,10.95,6.619999999999999,5,1,8518,96.33567066274598,99.87387353772324
1513,10.95,6.63,5,1,8519,96.3469803211943,99.8744940937909
4183,10.92,5.7,6,1,8520,96.35828997964262,99.87511294970494
7005,10.91,6.25,9,1,8521,96.36959963809093,99.87573123890111
53,10.9,6.5,7,1,8522,96.38090929653924,99.8763489613794
7010,10.86,6.42,6,1,8523,96.39221895498757,99.87696441698624
5699,10.85,6.33,5,1,8524,96.40352861343587,99.8775793058752
264,10.84,6.45,4,1,8525,96.41483827188418,99.87819362804629
6495,10.82,6.33,7,1,8526,96.4261479303325,99.87880681678163
3117,10.79,7.13,4,1,8527,96.43745758878082,99.87941830536337
4381,10.78,6.4799999999999995,5,1,8528,96.44876724722914,99.88002922722724
7889,10.66,6.78,5,1,8529,96.46007690567745,99.88063334847665
7147,10.64,6.449999999999999,5,1,8530,96.47138656412577,99.88123633629033
1027,10.64,7.3,4,1,8531,96.48269622257408,99.88183932410402
4345,10.63,6.62,7,1,8532,96.49400588102239,99.88244174519983
1382,10.61,6.59,5,1,8533,96.5053155394707,99.8830430328599
8842,10.58,7.0,5,1,8534,96.51662519791903,99.88364262036637
4530,10.57,6.199999999999999,6,1,8535,96.52793485636734,99.88424164115497
5154,10.56,6.26,7,1,8536,96.53924451481565,99.88484009522568
4717,10.56,6.42,6,1,8537,96.55055417326398,99.88543854929642
9196,10.549999999999999,5.470000000000001,4,1,8538,96.56186383171229,99.88603643664928
6337,10.54,5.95,4,2,8539,96.5731734901606,99.88663375728427
2033,10.54,6.37,6,1,8540,96.58448314860891,99.88723107791925
5980,10.53,6.19,8,1,8541,96.59579280705722,99.88782783183638
2540,10.52,6.0200000000000005,6,1,8542,96.60710246550555,99.88842401903561
7344,10.5,6.6,3,1,8543,96.61841212395386,99.88901907279913
5822,10.48,6.47,6,1,8544,96.62972178240217,99.88961299312689
4163,10.43,6.76,6,1,8545,96.64103144085048,99.8902040798653
6974,10.399999999999999,6.029999999999999,5,1,8546,96.6523410992988,99.89079346645009
9926,10.36,6.12,4,1,8547,96.66365075774712,99.89138058616342
6794,10.36,6.2,4,1,8548,96.67496041619543,99.89196770587675
3757,10.34,6.27,4,1,8549,96.68627007464374,99.89255369215434
5443,10.28,6.5,6,1,8550,96.69757973309207,99.8931362781247
2190,10.23,6.45,6,1,8551,96.70888939154038,99.89371603050571
3559,10.22,5.97,6,1,8552,96.7201990499887,99.89429521616886
9940,10.17,6.47,7,1,8553,96.731508708437,99.89487156824265
1945,10.149999999999999,6.45,5,1,8554,96.74281836688532,99.8954467868807
5274,10.14,6.3,3,1,8555,96.75412802533363,99.89602143880087
4054,10.120000000000001,5.83,7,2,8556,96.76543768378195,99.89659495728532
4927,10.1,6.44,7,1,8557,96.77674734223027,99.89716734233404
2276,10.1,6.23,5,1,8558,96.78805700067858,99.89773972738276
3899,10.09,6.08,7,1,8559,96.79936665912689,99.89831154571358
6580,10.07,6.109999999999999,6,1,8560,96.8106763175752,99.89888223060869
8085,10.05,6.27,5,1,8561,96.82198597602353,99.89945178206804
7415,10.05,5.26,10,1,8562,96.83329563447184,99.9000213335274
9765,10.02,6.5,7,1,8563,96.84460529292015,99.90058918483314
2409,9.98,6.2,5,1,8564,96.85591495136848,99.90115476926741
5841,9.95,6.33,3,1,8565,96.86722460981679,99.90171865354806
5479,9.93,5.77,4,1,8566,96.8785342682651,99.90228140439297
295,9.92,5.75,5,1,8567,96.88984392671341,99.90284358852001
2940,9.9,6.869999999999999,5,1,8568,96.90115358516172,99.9034046392113
146,9.89,5.67,5,1,8569,96.91246324361005,99.90396512318473
8721,9.89,5.87,5,1,8570,96.92377290205836,99.90452560715816
9539,9.870000000000001,5.14,8,2,8571,96.93508256050667,99.90508495769586
3237,9.86,5.9,4,1,8572,96.946392218955,99.90564374151569
3948,9.85,6.27,7,1,8573,96.9577018774033,99.90620195861764
1968,9.84,6.01,4,1,8574,96.9690115358516,99.90675960900174
6627,9.82,5.39,5,1,8575,96.98032119429993,99.90731612595009
1001,9.81,5.58,3,1,8576,96.99163085274824,99.90787207618055
5548,9.8,5.8,6,1,8577,97.00294051119657,99.90842745969317
8264,9.780000000000001,5.88,6,1,8578,97.01425016964488,99.90898170977005
1749,9.78,5.53,5,1,8579,97.0255598280932,99.9095359598469
5066,9.76,5.59,5,1,8580,97.0368694865415,99.91008907648803
10084,9.67,5.87,4,1,8581,97.04817914498982,99.91063709266832
5420,9.64,5.4,4,2,8582,97.05948880343813,99.911183408695
9542,9.61,5.1,3,1,8583,97.07079846188645,99.91172802456806
2138,9.6,5.25,4,1,8584,97.08210812033477,99.91227207372329
1199,9.49,5.47,5,1,8585,97.09341777878308,99.91280988898191
8988,9.48,5.82,7,1,8586,97.1047274372314,99.91334713752268
592,9.48,6.5,5,1,8587,97.1160370956797,99.91388438606344
8441,9.48,6.18,6,1,8588,97.12734675412803,99.9144216346042
3657,9.469999999999999,5.25,5,1,8589,97.13865641257634,99.91495831642709
3167,9.42,5.98,4,1,8590,97.14996607102465,99.91549216466063
6455,9.42,5.81,5,1,8591,97.16127572947298,99.91602601289418
184,9.4,5.28,4,1,8592,97.17258538792129,99.91655872769198
5137,9.36,5.24,4,1,8593,97.1838950463696,99.9170891756183
1522,9.350000000000001,5.99,5,1,8594,97.19520470481791,99.91761905682677
9651,9.34,5.12,5,1,8595,97.20651436326622,99.91814837131734
3522,9.27,5.9799999999999995,5,1,8596,97.21782402171455,99.91867371878284
6340,9.219999999999999,5.3100000000000005,7,1,8597,97.22913368016286,99.91919623265899
7962,9.2,5.08,6,1,8598,97.24044333861117,99.9197176130994
5282,9.16,5.0600000000000005,5,1,8599,97.2517529970595,99.9202367266683
9296,9.129999999999999,5.04,4,1,8600,97.26306265550781,99.92075414008362
3482,9.11,6.28,7,1,8601,97.27437231395612,99.9212704200632
5197,9.06,5.4,4,1,8602,97.28568197240443,99.92178386645342
2322,9.02,5.24,5,1,8603,97.29699163085274,99.92229504597216
9221,9.0,4.88,5,1,8604,97.30830128930106,99.92280509205517
2819,8.99,4.72,5,1,8605,97.31961094774938,99.9233145714203
5843,8.98,5.6,6,1,8606,97.3309206061977,99.92382348406757
7173,8.950000000000001,5.38,6,1,8607,97.34223026464602,99.92433069656121
3493,8.92,5.109999999999999,6,1,8608,97.35353992309432,99.92483620890125
2233,8.850000000000001,4.96,7,1,8609,97.36484958154263,99.92533775421622
7019,8.83,5.92,6,1,8610,97.37615923999095,99.92583816609543
2253,8.82,5.760000000000001,6,1,8611,97.38746889843927,99.92633801125677
347,8.77,4.640000000000001,3,1,8612,97.39877855688758,99.92683502282877
2100,8.77,5.27,7,2,8613,97.4100882153359,99.92733203440078
5885,8.76,5.6,3,2,8614,97.42139787378422,99.9278284792549
2652,8.74,5.26,4,1,8615,97.43270753223253,99.92832379067328
3135,8.719999999999999,5.82,4,2,8616,97.44401719068084,99.92881796865592
7484,8.719999999999999,5.140000000000001,10,2,8617,97.45532684912915,99.92931214663857
7043,8.7,5.01,5,1,8618,97.46663650757748,99.92980519118547
8672,8.67,5.01,4,1,8619,97.47794616602579,99.93029653557876
4173,8.64,4.83,3,1,8620,97.4892558244741,99.93078617981843
9613,8.61,5.029999999999999,8,1,8621,97.50056548292243,99.93127412390452
9957,8.61,5.010000000000001,5,1,8622,97.51187514137072,99.93176206799059
4047,8.6,5.68,4,1,8623,97.52318479981903,99.9322494453588
2739,8.58,5.01,6,1,8624,97.53449445826736,99.93273568929126
7049,8.52,4.68,3,1,8625,97.54580411671567,99.93321853291651
413,8.469999999999999,4.67,3,1,8626,97.557113775164,99.9336985429524
6458,8.43,4.5,6,1,8627,97.56842343361231,99.93417628611681
3274,8.34,5.34,3,1,8628,97.57973309206062,99.93464892882041
6425,8.34,5.65,3,1,8629,97.59104275050893,99.935121571524
8896,8.34,5.16,3,1,8630,97.60235240895724,99.93559421422758
7680,8.33,4.87,4,1,8631,97.61366206740556,99.93606629021329
8759,8.309999999999999,5.24,9,2,8632,97.62497172585388,99.93653723276327
3430,8.24,4.36,4,1,8633,97.6362813843022,99.93700420828814
6979,8.22,5.67,3,1,8634,97.6475910427505,99.9374700503773
6264,8.19,5.01,3,1,8635,97.65890070119883,99.93793419231282
5870,8.17,5.21,8,1,8636,97.67021035964714,99.93839720081262
7682,8.129999999999999,4.74,5,1,8637,97.68152001809545,99.93885794244092
4550,8.120000000000001,5.33,5,1,8638,97.69282967654377,99.93931811735138
7500,8.12,5.24,6,1,8639,97.70413933499208,99.93977829226182
4660,8.05,4.95,4,1,8640,97.7154489934404,99.94023450014717
7926,8.03,5.13,5,1,8641,97.72675865188872,99.94068957459679
3636,8.01,4.8100000000000005,6,1,8642,97.73806831033703,99.94114351561066
3353,7.960000000000001,4.72,5,1,8643,97.74937796878534,99.94159462303517
196,7.95,4.9,5,1,8644,97.76068762723365,99.94204516374184
8209,7.94,4.25,4,1,8645,97.77199728568198,99.94249513773062
10199,7.92,4.66,4,1,8646,97.78330694413029,99.94294397828365
4298,7.92,5.07,3,1,8647,97.7946166025786,99.9433928188367
7651,7.9,5.46,2,1,8648,97.80592626102693,99.94384052595399
4483,7.89,4.66,7,2,8649,97.81723591947524,99.94428766635342
9430,7.88,4.98,3,1,8650,97.82854557792355,99.94473424003498
3708,7.87,4.66,4,1,8651,97.83985523637186,99.94518024699867
4721,7.86,4.46,5,1,8652,97.85116489482017,99.9456256872445
1063,7.83,4.1,5,1,8653,97.86247455326848,99.94606942733672
7837,7.83,4.71,4,1,8654,97.87378421171681,99.94651316742895
4428,7.78,4.6,2,1,8655,97.88509387016512,99.9469540739318
1789,7.77,4.79,3,1,8656,97.89640352861343,99.9473944137168
4587,7.77,4.35,3,1,8657,97.90771318706174,99.94783475350178
10256,7.74,4.88,4,1,8658,97.91902284551006,99.94827339313316
4059,7.67,4.14,6,1,8659,97.93033250395838,99.94870806573947
5728,7.65,4.43,3,1,8660,97.9416421624067,99.94914160491001
6885,7.62,3.81,3,1,8661,97.952951820855,99.94957344392697
7420,7.59,4.7299999999999995,4,1,8662,97.96426147930333,99.95000358279029
4462,7.58,4.9799999999999995,5,1,8663,97.97557113775164,99.95043315493577
4035,7.56,4.65,5,1,8664,97.98688079619996,99.95086159364548
4432,7.56,4.38,3,1,8665,97.99819045464827,99.95129003235522
331,7.54,4.16,4,2,8666,98.00950011309658,99.95171733762919
27,7.5200000000000005,4.79,3,1,8667,98.0208097715449,99.95214350946745
6546,7.5,4.12,6,2,8668,98.03211942999322,99.95256854786994
7876,7.47,4.7,4,1,8669,98.04342908844153,99.95299188611884
7159,7.46,4.76,5,1,8670,98.05473874688985,99.95341465764986
5916,7.44,4.44,5,1,8671,98.06604840533815,99.95383629574515
4648,7.35,3.66,3,1,8672,98.07735806378646,99.9542528333796
9506,7.31,4.28,4,1,8673,98.08866772223479,99.95466710414259
7722,7.29,4.27,3,2,8674,98.0999773806831,99.9550802414698
9078,7.279999999999999,4.08,4,1,8675,98.11128703913143,99.95549281207917
9731,7.27,4.68,3,1,8676,98.12259669757974,99.95590481597067
5934,7.23,4.47,3,1,8677,98.13390635602805,99.95631455299068
9575,7.22,4.0200000000000005,4,1,8678,98.14521601447636,99.95672372329281
5325,7.22,4.36,4,2,8679,98.15652567292467,99.95713289359497
681,7.2,4.6899999999999995,5,1,8680,98.16783533137298,99.95754093046136
5946,7.0600000000000005,4.16,4,1,8681,98.17914498982131,99.95794103327759
5076,7.04,4.4399999999999995,4,1,8682,98.19045464826962,99.95834000265808
3043,7.04,3.88,4,1,8683,98.20176430671795,99.95873897203856
4353,7.0,4.54,2,1,8684,98.21307396516626,99.95913567454757
3960,6.99,3.99,3,1,8685,98.22438362361456,99.9595318103387
9948,6.96,4.0,8,1,8686,98.23569328206288,99.95992624597622
8099,6.96,3.48,4,1,8687,98.2470029405112,99.96032068161374
3030,6.93,3.84,5,1,8688,98.2583125989595,99.96071341709765
4348,6.91,4.15,4,1,8689,98.26962225740783,99.96110501914582
3973,6.9,3.8,2,1,8690,98.28093191585614,99.9614960544761
1148,6.9,3.8,2,1,8691,98.29224157430446,99.96188708980641
8377,6.800000000000001,4.45,3,1,8692,98.30355123275277,99.96227245795801
3815,6.779999999999999,4.38,5,2,8693,98.31486089120108,99.96265669267387
5815,6.75,4.5,5,1,8694,98.3261705496494,99.96303922723612
3732,6.74,3.77,5,1,8695,98.33748020809772,99.96342119508051
7084,6.7,4.03,2,1,8696,98.34878986654603,99.96380089605341
738,6.66,4.2,2,1,8697,98.36009952499435,99.96417833015482
6031,6.63,4.17,3,1,8698,98.37140918344267,99.96455406410264
4136,6.6,3.8,3,1,8699,98.38271884189098,99.96492809789684
1752,6.6,4.02,6,1,8700,98.39402850033929,99.96530213169106
3774,6.57,3.54,3,1,8701,98.4053381587876,99.96567446533165
1315,6.44,3.48,4,1,8702,98.41664781723593,99.96603943163993
4944,6.44,3.36,4,1,8703,98.42795747568424,99.96640439794821
8651,6.39,4.35,3,1,8704,98.43926713413255,99.96676653066714
2119,6.37,3.42,3,1,8705,98.45057679258088,99.96712752995035
1943,6.359999999999999,4.12,3,1,8706,98.46188645102917,99.96748796251566
9302,6.28,3.34,3,1,8707,98.47319610947748,99.96784386133803
1621,6.28,3.2,2,1,8708,98.48450576792581,99.96819976016039
269,6.279999999999999,4.04,4,1,8709,98.49581542637412,99.96855565898275
6813,6.23,3.55,3,1,8710,98.50712508482243,99.96890872421577
5392,6.2,3.3,2,1,8711,98.51843474327076,99.96926008929516
3083,6.2,3.96,4,1,8712,98.52974440171907,99.96961145437456
1860,6.2,4.08,4,1,8713,98.54105406016738,99.96996281945397
1630,6.199999999999999,4.02,3,1,8714,98.5523637186157,99.97031418453336
3189,6.1899999999999995,3.74,3,1,8715,98.563673377064,99.9706649828949
9375,6.09,3.38,5,1,8716,98.57498303551233,99.97101011407773
2710,6.0,3.46,4,1,8717,98.58629269396064,99.97135014479973
9277,5.98,3.16,2,1,8718,98.59760235240896,99.971689042086
2010,5.93,3.91,3,1,8719,98.60891201085728,99.9720251057829
8762,5.9,3.08,3,1,8720,98.62022166930558,99.9723594693262
209,5.88,3.12,3,1,8721,98.63153132775389,99.97269269943376
6984,5.8,3.64,4,1,8722,98.64284098620222,99.97302139579837
2340,5.76,3.61,3,1,8723,98.65415064465053,99.97334782529148
2145,5.76,3.6900000000000004,3,1,8724,98.66546030309885,99.97367425478461
4312,5.72,3.34,6,1,8725,98.67676996154717,99.97399841740625
4421,5.710000000000001,3.22,5,1,8726,98.68807961999548,99.97432201331003
2859,5.71,3.53,3,1,8727,98.69938927844379,99.97464560921378
2235,5.7,3.46,5,1,8728,98.7106989368921,99.97496863839969
3176,5.7,3.76,2,1,8729,98.72200859534041,99.97529166758558
1886,5.67,3.51,3,1,8730,98.73331825378874,99.97561299661788
8514,5.67,3.4299999999999997,6,1,8731,98.74462791223705,99.97593432565016
9764,5.65,3.13,3,1,8732,98.75593757068538,99.97625452124672
8508,5.61,3.6100000000000003,3,1,8733,98.76724722913369,99.97657244997178
4359,5.6,3.5500000000000003,5,1,8734,98.778556887582,99.97688981197899
2137,5.52,3.8,2,1,8735,98.78986654603031,99.97720264024325
6901,5.52,3.8,2,1,8736,98.80117620447862,99.97751546850748
9624,5.51,3.05,3,1,8737,98.81248586292693,99.97782773005386
2474,5.5,3.3,3,1,8738,98.82379552137526,99.97813942488236
4546,5.5,2.78,4,1,8739,98.83510517982357,99.97845111971087
3824,5.48,3.1100000000000003,3,1,8740,98.84641483827188,99.97876168110362
4820,5.4,3.66,3,1,8741,98.8577244967202,99.97906770875342
5098,5.4,3.34,2,1,8742,98.8690341551685,99.97937373640322
9739,5.38,3.34,2,1,8743,98.88034381361683,99.97967863061727
108,5.38,3.34,2,1,8744,98.89165347206514,99.97998352483133
6986,5.33,3.04,7,1,8745,98.90296313051346,99.98028558545604
9828,5.3100000000000005,3.4,3,1,8746,98.91427278896178,99.98058651264502
2157,5.3,3.28,2,1,8747,98.9255824474101,99.98088687311612
3861,5.3,3.34,3,1,8748,98.9368921058584,99.98118723358724
10094,5.28,3.0100000000000002,3,1,8749,98.94820176430672,99.98148646062259
6088,5.279999999999999,3.06,3,1,8750,98.95951142275503,99.98178568765795
2370,5.24,2.83,5,1,8751,98.97082108120335,99.98208264782184
3887,5.22,3.2199999999999998,4,1,8752,98.98213073965167,99.98237847454999
3839,5.21,2.9699999999999998,3,1,8753,98.99344039809998,99.98267373456025
10163,5.2,2.86,2,1,8754,99.00475005654829,99.98296842785265
5749,5.18,2.97,2,1,8755,99.0160597149966,99.9832619877093
3914,5.18,3.16,2,1,8756,99.02736937344491,99.98355554756596
6102,5.13,3.0300000000000002,6,1,8757,99.03867903189324,99.98384627383327
3781,5.13,2.55,3,1,8758,99.04998869034155,99.98413700010059
2041,5.12,3.08,5,1,8759,99.06129834878986,99.98442715965002
3126,5.1,3.14,2,1,8760,99.07260800723819,99.98471618576373
9202,5.09,3.2800000000000002,2,1,8761,99.0839176656865,99.98500464515956
6638,5.07,3.0,3,1,8762,99.09522732413481,99.98529197111966
3055,5.0600000000000005,3.06,4,1,8763,99.10653698258312,99.9855787303619
8344,5.0600000000000005,3.24,3,1,8764,99.11784664103143,99.98586548960412
9958,5.0600000000000005,3.44,3,1,8765,99.12915629947976,99.98615224884634
8983,5.040000000000001,2.87,3,1,8766,99.14046595792807,99.98643787465282
8261,4.93,3.01,2,1,8767,99.15177561637638,99.98671726656274
6613,4.88,3.17,3,1,8768,99.16308527482471,99.98699382488329
7974,4.84,2.7199999999999998,2,1,8769,99.174394933273,99.98726811633237
5698,4.83,2.7,3,1,8770,99.18570459172133,99.98754184106359
3502,4.83,2.52,3,1,8771,99.19701425016964,99.98781556579482
2943,4.67,3.0,3,1,8772,99.20832390861796,99.9880802230401
1300,4.65,2.84,4,1,8773,99.21963356706628,99.98834374684964
10105,4.62,2.6399999999999997,2,1,8774,99.2309432255146,99.9886055705056
9211,4.62,2.89,2,1,8775,99.2422528839629,99.98886739416155
4716,4.61,2.75,3,1,8776,99.25356254241122,99.9891286510996
7943,4.59,2.35,3,1,8777,99.26487220085953,99.98938877460195
6483,4.53,2.81,2,1,8778,99.27618185930784,99.98964549779707
8136,4.53,3.09,3,1,8779,99.28749151775617,99.98990222099218
3472,4.49,2.4699999999999998,5,1,8780,99.29880117620448,99.99015667731581
3461,4.44,3.06,3,1,8781,99.3101108346528,99.99040830005009
7944,4.43,2.76,5,1,8782,99.32142049310112,99.9906593560665
7083,4.41,2.5300000000000002,5,1,8783,99.33273015154941,99.99090927864717
9015,4.41,2.28,3,1,8784,99.34403980999774,99.99115920122783
5919,4.390000000000001,2.75,5,1,8785,99.35534946844605,99.99140799037276
10139,4.34,2.42,6,1,8786,99.36665912689436,99.99165394592835
1685,4.2,2.48,5,1,8787,99.37796878534269,99.99189196743374
7174,4.18,2.63,3,1,8788,99.389278443791,99.99212885550341
1569,4.17,2.13,3,1,8789,99.40058810223931,99.99236517685519
4242,4.09,2.39,2,1,8790,99.41189776068762,99.99259696446401
2072,4.05,2.7,3,1,8791,99.42320741913593,99.99282648520138
1356,3.99,2.38,5,1,8792,99.43451707758426,99.9930526056315
1534,3.9899999999999998,2.58,4,1,8793,99.44582673603257,99.99327872606165
8868,3.92,2.32,2,1,8794,99.45713639448088,99.99350087946668
6853,3.8,2.16,4,1,8795,99.46844605292921,99.99371623225728
1851,3.78,1.93,1,1,8796,99.47975571137752,99.99393045161214
5582,3.7399999999999998,2.16,3,1,8797,99.49106536982583,99.99414240409553
1640,3.72,1.94,2,1,8798,99.50237502827414,99.99435322314316
6783,3.7,2.44,2,1,8799,99.51368468672246,99.99456290875507
3894,3.57,2.19,3,1,8800,99.52499434517078,99.99476522703466
7289,3.44,1.84,4,1,8801,99.5363040036191,99.99496017798194
3697,3.33,2.06,2,1,8802,99.5476136620674,99.99514889503266
1011,3.32,2.16,2,1,8803,99.55892332051573,99.99533704536549
5709,3.17,1.8599999999999999,3,1,8804,99.57023297896403,99.99551669493029
6280,3.12,1.78,5,1,8805,99.58154263741234,99.99569351090574
4014,3.12,1.9,2,1,8806,99.59285229586067,99.99587032688119
1728,3.1,1.77,2,1,8807,99.60416195430898,99.9960460094209
5763,2.96,1.92,4,1,8808,99.61547161275729,99.99621375791041
4760,2.94,1.82,1,1,8809,99.62678127120562,99.99638037296418
9946,2.74,1.64,2,1,8810,99.63809092965393,99.99653565366057
419,2.72,1.64,2,1,8811,99.64940058810224,99.9966898009212
713,2.7,1.48,1,1,8812,99.66071024655055,99.9968428147461
6325,2.59,1.29,1,1,8813,99.67201990499886,99.99698959467443
2240,2.59,1.45,1,1,8814,99.68332956344719,99.99713637460277
3677,2.58,1.38,3,1,8815,99.6946392218955,99.99728258781325
3623,2.58,1.45,3,1,8816,99.70594888034381,99.9974288010237
9994,2.5300000000000002,1.5,2,1,8817,99.71725853879214,99.99757218064482
4293,2.47,1.36,1,1,8818,99.72856819724043,99.99771215995871
4494,2.45,1.5,3,1,8819,99.73987785568876,99.99785100583686
7803,2.41,1.23,1,1,8820,99.75118751413707,99.99798758484351
6255,2.41,1.49,1,1,8821,99.76249717258538,99.99812416385019
1359,2.36,1.46,2,1,8822,99.77380683103371,99.99825790926752
8641,2.35,1.34,2,1,8823,99.78511648948202,99.99839108796698
9011,2.26,1.24,2,1,8824,99.79642614793033,99.9985191662056
10023,2.1100000000000003,1.21,2,1,8825,99.80773580637864,99.99863874367617
2579,2.04,1.29,2,1,8826,99.81904546482696,99.99875435412166
8874,1.93,1.18,1,1,8827,99.83035512327527,99.99886373067056
998,1.8,0.93,3,1,8828,99.8416647817236,99.99896573988717
8808,1.73,1.12,1,1,8829,99.8529744401719,99.99906378207866
9989,1.71,0.93,3,1,8830,99.86428409862023,99.99916069083444
2783,1.7,1.17,1,1,8831,99.87559375706854,99.99925703287234
8502,1.67,1.12,1,1,8832,99.88690341551685,99.99935167475662
3940,1.66,1.06,2,1,8833,99.89821307396517,99.99944574992304
8689,1.55,0.99,1,1,8834,99.90952273241348,99.99953359119289
8147,1.46,0.78,2,1,8835,99.92083239086179,99.99961633200192
4329,1.38,0.84,2,1,8836,99.93214204931012,99.99969453906796
5800,1.2,0.77,1,1,8837,99.94345170775843,99.99976254521236
5,1.08,0.58,2,1,8838,99.95476136620674,99.99982375074234
707,0.96,0.6,1,1,8839,99.96607102465505,99.99987815565785
1294,0.81,0.52,1,1,8840,99.97738068310336,99.99992405980532
4245,0.77,0.5,1,1,8841,99.98869034155169,99.99996769708132
2655,0.57,0.3,1,1,8842,100.0,99.99999999999991
